series_rank,series_id,label,variant,source_log,segment_index,phase,split,eval_scope,metric,iteration,train_iters,consumed_samples,iter_ms,value
0,diloco_baseline,DiLoCo Full Sync,diloco_baseline_5000,/data/yzhu/megatron-lm-moe-exp/logs/moe1b_diloco_baseline_5000_seed42_20260320_223604.log,0,eval,test,final_test_set,loss,5000,,,,3.082375
0,diloco_baseline,DiLoCo Full Sync,diloco_baseline_5000,/data/yzhu/megatron-lm-moe-exp/logs/moe1b_diloco_baseline_5000_seed42_20260320_223604.log,0,eval,test,final_test_set,ppl,5000,,,,21.81013
0,diloco_baseline,DiLoCo Full Sync,diloco_baseline_5000,/data/yzhu/megatron-lm-moe-exp/logs/moe1b_diloco_baseline_5000_seed42_20260320_223604.log,0,eval,validation,periodic_validation,loss,250,,,,4.684096
0,diloco_baseline,DiLoCo Full Sync,diloco_baseline_5000,/data/yzhu/megatron-lm-moe-exp/logs/moe1b_diloco_baseline_5000_seed42_20260320_223604.log,0,eval,validation,periodic_validation,loss,500,,,,4.051654
0,diloco_baseline,DiLoCo Full Sync,diloco_baseline_5000,/data/yzhu/megatron-lm-moe-exp/logs/moe1b_diloco_baseline_5000_seed42_20260320_223604.log,0,eval,validation,periodic_validation,loss,750,,,,3.697366
0,diloco_baseline,DiLoCo Full Sync,diloco_baseline_5000,/data/yzhu/megatron-lm-moe-exp/logs/moe1b_diloco_baseline_5000_seed42_20260320_223604.log,0,eval,validation,periodic_validation,loss,1000,,,,3.546597
0,diloco_baseline,DiLoCo Full Sync,diloco_baseline_5000,/data/yzhu/megatron-lm-moe-exp/logs/moe1b_diloco_baseline_5000_seed42_20260320_223604.log,0,eval,validation,periodic_validation,loss,1250,,,,3.455491
0,diloco_baseline,DiLoCo Full Sync,diloco_baseline_5000,/data/yzhu/megatron-lm-moe-exp/logs/moe1b_diloco_baseline_5000_seed42_20260320_223604.log,0,eval,validation,periodic_validation,loss,1500,,,,3.377022
0,diloco_baseline,DiLoCo Full Sync,diloco_baseline_5000,/data/yzhu/megatron-lm-moe-exp/logs/moe1b_diloco_baseline_5000_seed42_20260320_223604.log,0,eval,validation,periodic_validation,loss,1750,,,,3.320052
0,diloco_baseline,DiLoCo Full Sync,diloco_baseline_5000,/data/yzhu/megatron-lm-moe-exp/logs/moe1b_diloco_baseline_5000_seed42_20260320_223604.log,0,eval,validation,periodic_validation,loss,2000,,,,3.272668
0,diloco_baseline,DiLoCo Full Sync,diloco_baseline_5000,/data/yzhu/megatron-lm-moe-exp/logs/moe1b_diloco_baseline_5000_seed42_20260320_223604.log,0,eval,validation,periodic_validation,loss,2250,,,,3.226475
0,diloco_baseline,DiLoCo Full Sync,diloco_baseline_5000,/data/yzhu/megatron-lm-moe-exp/logs/moe1b_diloco_baseline_5000_seed42_20260320_223604.log,0,eval,validation,periodic_validation,loss,2500,,,,3.202083
0,diloco_baseline,DiLoCo Full Sync,diloco_baseline_5000,/data/yzhu/megatron-lm-moe-exp/logs/moe1b_diloco_baseline_5000_seed42_20260320_223604.log,0,eval,validation,periodic_validation,loss,2750,,,,3.176008
0,diloco_baseline,DiLoCo Full Sync,diloco_baseline_5000,/data/yzhu/megatron-lm-moe-exp/logs/moe1b_diloco_baseline_5000_seed42_20260320_223604.log,0,eval,validation,periodic_validation,loss,3000,,,,3.150764
0,diloco_baseline,DiLoCo Full Sync,diloco_baseline_5000,/data/yzhu/megatron-lm-moe-exp/logs/moe1b_diloco_baseline_5000_seed42_20260320_223604.log,0,eval,validation,periodic_validation,loss,3250,,,,3.134014
0,diloco_baseline,DiLoCo Full Sync,diloco_baseline_5000,/data/yzhu/megatron-lm-moe-exp/logs/moe1b_diloco_baseline_5000_seed42_20260320_223604.log,0,eval,validation,periodic_validation,loss,3500,,,,3.120508
0,diloco_baseline,DiLoCo Full Sync,diloco_baseline_5000,/data/yzhu/megatron-lm-moe-exp/logs/moe1b_diloco_baseline_5000_seed42_20260320_223604.log,0,eval,validation,periodic_validation,loss,3750,,,,3.099916
0,diloco_baseline,DiLoCo Full Sync,diloco_baseline_5000,/data/yzhu/megatron-lm-moe-exp/logs/moe1b_diloco_baseline_5000_seed42_20260320_223604.log,0,eval,validation,periodic_validation,loss,4000,,,,3.083023
0,diloco_baseline,DiLoCo Full Sync,diloco_baseline_5000,/data/yzhu/megatron-lm-moe-exp/logs/moe1b_diloco_baseline_5000_seed42_20260320_223604.log,0,eval,validation,periodic_validation,loss,4250,,,,3.069729
0,diloco_baseline,DiLoCo Full Sync,diloco_baseline_5000,/data/yzhu/megatron-lm-moe-exp/logs/moe1b_diloco_baseline_5000_seed42_20260320_223604.log,0,eval,validation,periodic_validation,loss,4500,,,,3.070645
0,diloco_baseline,DiLoCo Full Sync,diloco_baseline_5000,/data/yzhu/megatron-lm-moe-exp/logs/moe1b_diloco_baseline_5000_seed42_20260320_223604.log,0,eval,validation,periodic_validation,loss,4750,,,,3.072577
0,diloco_baseline,DiLoCo Full Sync,diloco_baseline_5000,/data/yzhu/megatron-lm-moe-exp/logs/moe1b_diloco_baseline_5000_seed42_20260320_223604.log,0,eval,validation,final_validation_set,loss,5000,,,,3.073862
0,diloco_baseline,DiLoCo Full Sync,diloco_baseline_5000,/data/yzhu/megatron-lm-moe-exp/logs/moe1b_diloco_baseline_5000_seed42_20260320_223604.log,0,eval,validation,periodic_validation,loss,5000,,,,3.079546
0,diloco_baseline,DiLoCo Full Sync,diloco_baseline_5000,/data/yzhu/megatron-lm-moe-exp/logs/moe1b_diloco_baseline_5000_seed42_20260320_223604.log,0,eval,validation,periodic_validation,ppl,250,,,,108.2124
0,diloco_baseline,DiLoCo Full Sync,diloco_baseline_5000,/data/yzhu/megatron-lm-moe-exp/logs/moe1b_diloco_baseline_5000_seed42_20260320_223604.log,0,eval,validation,periodic_validation,ppl,500,,,,57.49246
0,diloco_baseline,DiLoCo Full Sync,diloco_baseline_5000,/data/yzhu/megatron-lm-moe-exp/logs/moe1b_diloco_baseline_5000_seed42_20260320_223604.log,0,eval,validation,periodic_validation,ppl,750,,,,40.34092
0,diloco_baseline,DiLoCo Full Sync,diloco_baseline_5000,/data/yzhu/megatron-lm-moe-exp/logs/moe1b_diloco_baseline_5000_seed42_20260320_223604.log,0,eval,validation,periodic_validation,ppl,1000,,,,34.69507
0,diloco_baseline,DiLoCo Full Sync,diloco_baseline_5000,/data/yzhu/megatron-lm-moe-exp/logs/moe1b_diloco_baseline_5000_seed42_20260320_223604.log,0,eval,validation,periodic_validation,ppl,1250,,,,31.67383
0,diloco_baseline,DiLoCo Full Sync,diloco_baseline_5000,/data/yzhu/megatron-lm-moe-exp/logs/moe1b_diloco_baseline_5000_seed42_20260320_223604.log,0,eval,validation,periodic_validation,ppl,1500,,,,29.28344
0,diloco_baseline,DiLoCo Full Sync,diloco_baseline_5000,/data/yzhu/megatron-lm-moe-exp/logs/moe1b_diloco_baseline_5000_seed42_20260320_223604.log,0,eval,validation,periodic_validation,ppl,1750,,,,27.66178
0,diloco_baseline,DiLoCo Full Sync,diloco_baseline_5000,/data/yzhu/megatron-lm-moe-exp/logs/moe1b_diloco_baseline_5000_seed42_20260320_223604.log,0,eval,validation,periodic_validation,ppl,2000,,,,26.38163
0,diloco_baseline,DiLoCo Full Sync,diloco_baseline_5000,/data/yzhu/megatron-lm-moe-exp/logs/moe1b_diloco_baseline_5000_seed42_20260320_223604.log,0,eval,validation,periodic_validation,ppl,2250,,,,25.19072
0,diloco_baseline,DiLoCo Full Sync,diloco_baseline_5000,/data/yzhu/megatron-lm-moe-exp/logs/moe1b_diloco_baseline_5000_seed42_20260320_223604.log,0,eval,validation,periodic_validation,ppl,2500,,,,24.58368
0,diloco_baseline,DiLoCo Full Sync,diloco_baseline_5000,/data/yzhu/megatron-lm-moe-exp/logs/moe1b_diloco_baseline_5000_seed42_20260320_223604.log,0,eval,validation,periodic_validation,ppl,2750,,,,23.95094
0,diloco_baseline,DiLoCo Full Sync,diloco_baseline_5000,/data/yzhu/megatron-lm-moe-exp/logs/moe1b_diloco_baseline_5000_seed42_20260320_223604.log,0,eval,validation,periodic_validation,ppl,3000,,,,23.35391
0,diloco_baseline,DiLoCo Full Sync,diloco_baseline_5000,/data/yzhu/megatron-lm-moe-exp/logs/moe1b_diloco_baseline_5000_seed42_20260320_223604.log,0,eval,validation,periodic_validation,ppl,3250,,,,22.96599
0,diloco_baseline,DiLoCo Full Sync,diloco_baseline_5000,/data/yzhu/megatron-lm-moe-exp/logs/moe1b_diloco_baseline_5000_seed42_20260320_223604.log,0,eval,validation,periodic_validation,ppl,3500,,,,22.6579
0,diloco_baseline,DiLoCo Full Sync,diloco_baseline_5000,/data/yzhu/megatron-lm-moe-exp/logs/moe1b_diloco_baseline_5000_seed42_20260320_223604.log,0,eval,validation,periodic_validation,ppl,3750,,,,22.19608
0,diloco_baseline,DiLoCo Full Sync,diloco_baseline_5000,/data/yzhu/megatron-lm-moe-exp/logs/moe1b_diloco_baseline_5000_seed42_20260320_223604.log,0,eval,validation,periodic_validation,ppl,4000,,,,21.82428
0,diloco_baseline,DiLoCo Full Sync,diloco_baseline_5000,/data/yzhu/megatron-lm-moe-exp/logs/moe1b_diloco_baseline_5000_seed42_20260320_223604.log,0,eval,validation,periodic_validation,ppl,4250,,,,21.53607
0,diloco_baseline,DiLoCo Full Sync,diloco_baseline_5000,/data/yzhu/megatron-lm-moe-exp/logs/moe1b_diloco_baseline_5000_seed42_20260320_223604.log,0,eval,validation,periodic_validation,ppl,4500,,,,21.55579
0,diloco_baseline,DiLoCo Full Sync,diloco_baseline_5000,/data/yzhu/megatron-lm-moe-exp/logs/moe1b_diloco_baseline_5000_seed42_20260320_223604.log,0,eval,validation,periodic_validation,ppl,4750,,,,21.59748
0,diloco_baseline,DiLoCo Full Sync,diloco_baseline_5000,/data/yzhu/megatron-lm-moe-exp/logs/moe1b_diloco_baseline_5000_seed42_20260320_223604.log,0,eval,validation,final_validation_set,ppl,5000,,,,21.62527
0,diloco_baseline,DiLoCo Full Sync,diloco_baseline_5000,/data/yzhu/megatron-lm-moe-exp/logs/moe1b_diloco_baseline_5000_seed42_20260320_223604.log,0,eval,validation,periodic_validation,ppl,5000,,,,21.74853
0,diloco_baseline,DiLoCo Full Sync,diloco_baseline_5000,/data/yzhu/megatron-lm-moe-exp/logs/moe1b_diloco_baseline_5000_seed42_20260320_223604.log,0,train,train,,loss,10,5000,10240,5983.6,9.503482
0,diloco_baseline,DiLoCo Full Sync,diloco_baseline_5000,/data/yzhu/megatron-lm-moe-exp/logs/moe1b_diloco_baseline_5000_seed42_20260320_223604.log,0,train,train,,loss,20,5000,20480,13416.7,8.04453
0,diloco_baseline,DiLoCo Full Sync,diloco_baseline_5000,/data/yzhu/megatron-lm-moe-exp/logs/moe1b_diloco_baseline_5000_seed42_20260320_223604.log,0,train,train,,loss,30,5000,30720,15540.8,7.37452
0,diloco_baseline,DiLoCo Full Sync,diloco_baseline_5000,/data/yzhu/megatron-lm-moe-exp/logs/moe1b_diloco_baseline_5000_seed42_20260320_223604.log,0,train,train,,loss,40,5000,40960,8323.9,7.097601
0,diloco_baseline,DiLoCo Full Sync,diloco_baseline_5000,/data/yzhu/megatron-lm-moe-exp/logs/moe1b_diloco_baseline_5000_seed42_20260320_223604.log,0,train,train,,loss,50,5000,51200,6401.3,6.784518
0,diloco_baseline,DiLoCo Full Sync,diloco_baseline_5000,/data/yzhu/megatron-lm-moe-exp/logs/moe1b_diloco_baseline_5000_seed42_20260320_223604.log,0,train,train,,loss,60,5000,61440,8806.4,6.522333
0,diloco_baseline,DiLoCo Full Sync,diloco_baseline_5000,/data/yzhu/megatron-lm-moe-exp/logs/moe1b_diloco_baseline_5000_seed42_20260320_223604.log,0,train,train,,loss,70,5000,71680,8539.1,6.288927
0,diloco_baseline,DiLoCo Full Sync,diloco_baseline_5000,/data/yzhu/megatron-lm-moe-exp/logs/moe1b_diloco_baseline_5000_seed42_20260320_223604.log,0,train,train,,loss,80,5000,81920,8448.8,6.162013
0,diloco_baseline,DiLoCo Full Sync,diloco_baseline_5000,/data/yzhu/megatron-lm-moe-exp/logs/moe1b_diloco_baseline_5000_seed42_20260320_223604.log,0,train,train,,loss,90,5000,92160,8141.6,6.000427
0,diloco_baseline,DiLoCo Full Sync,diloco_baseline_5000,/data/yzhu/megatron-lm-moe-exp/logs/moe1b_diloco_baseline_5000_seed42_20260320_223604.log,0,train,train,,loss,100,5000,102400,9632.5,5.897925
0,diloco_baseline,DiLoCo Full Sync,diloco_baseline_5000,/data/yzhu/megatron-lm-moe-exp/logs/moe1b_diloco_baseline_5000_seed42_20260320_223604.log,0,train,train,,loss,110,5000,112640,7574.7,5.954841
0,diloco_baseline,DiLoCo Full Sync,diloco_baseline_5000,/data/yzhu/megatron-lm-moe-exp/logs/moe1b_diloco_baseline_5000_seed42_20260320_223604.log,0,train,train,,loss,120,5000,122880,7616.7,5.757978
0,diloco_baseline,DiLoCo Full Sync,diloco_baseline_5000,/data/yzhu/megatron-lm-moe-exp/logs/moe1b_diloco_baseline_5000_seed42_20260320_223604.log,0,train,train,,loss,130,5000,133120,7634.5,5.616349
0,diloco_baseline,DiLoCo Full Sync,diloco_baseline_5000,/data/yzhu/megatron-lm-moe-exp/logs/moe1b_diloco_baseline_5000_seed42_20260320_223604.log,0,train,train,,loss,140,5000,143360,7341.3,5.479248
0,diloco_baseline,DiLoCo Full Sync,diloco_baseline_5000,/data/yzhu/megatron-lm-moe-exp/logs/moe1b_diloco_baseline_5000_seed42_20260320_223604.log,0,train,train,,loss,150,5000,153600,7368.4,5.35906
0,diloco_baseline,DiLoCo Full Sync,diloco_baseline_5000,/data/yzhu/megatron-lm-moe-exp/logs/moe1b_diloco_baseline_5000_seed42_20260320_223604.log,0,train,train,,loss,160,5000,163840,7350.9,5.260585
0,diloco_baseline,DiLoCo Full Sync,diloco_baseline_5000,/data/yzhu/megatron-lm-moe-exp/logs/moe1b_diloco_baseline_5000_seed42_20260320_223604.log,0,train,train,,loss,170,5000,174080,7103.0,5.1648
0,diloco_baseline,DiLoCo Full Sync,diloco_baseline_5000,/data/yzhu/megatron-lm-moe-exp/logs/moe1b_diloco_baseline_5000_seed42_20260320_223604.log,0,train,train,,loss,180,5000,184320,7257.6,5.071038
0,diloco_baseline,DiLoCo Full Sync,diloco_baseline_5000,/data/yzhu/megatron-lm-moe-exp/logs/moe1b_diloco_baseline_5000_seed42_20260320_223604.log,0,train,train,,loss,190,5000,194560,6991.4,4.996535
0,diloco_baseline,DiLoCo Full Sync,diloco_baseline_5000,/data/yzhu/megatron-lm-moe-exp/logs/moe1b_diloco_baseline_5000_seed42_20260320_223604.log,0,train,train,,loss,200,5000,204800,8982.5,4.931284
0,diloco_baseline,DiLoCo Full Sync,diloco_baseline_5000,/data/yzhu/megatron-lm-moe-exp/logs/moe1b_diloco_baseline_5000_seed42_20260320_223604.log,0,train,train,,loss,210,5000,215040,6760.9,5.121431
0,diloco_baseline,DiLoCo Full Sync,diloco_baseline_5000,/data/yzhu/megatron-lm-moe-exp/logs/moe1b_diloco_baseline_5000_seed42_20260320_223604.log,0,train,train,,loss,220,5000,225280,6975.9,4.928006
0,diloco_baseline,DiLoCo Full Sync,diloco_baseline_5000,/data/yzhu/megatron-lm-moe-exp/logs/moe1b_diloco_baseline_5000_seed42_20260320_223604.log,0,train,train,,loss,230,5000,235520,6891.4,4.836803
0,diloco_baseline,DiLoCo Full Sync,diloco_baseline_5000,/data/yzhu/megatron-lm-moe-exp/logs/moe1b_diloco_baseline_5000_seed42_20260320_223604.log,0,train,train,,loss,240,5000,245760,6716.4,4.759597
0,diloco_baseline,DiLoCo Full Sync,diloco_baseline_5000,/data/yzhu/megatron-lm-moe-exp/logs/moe1b_diloco_baseline_5000_seed42_20260320_223604.log,0,train,train,,loss,250,5000,256000,6927.6,4.689014
0,diloco_baseline,DiLoCo Full Sync,diloco_baseline_5000,/data/yzhu/megatron-lm-moe-exp/logs/moe1b_diloco_baseline_5000_seed42_20260320_223604.log,0,train,train,,loss,260,5000,266240,6582.6,4.677178
0,diloco_baseline,DiLoCo Full Sync,diloco_baseline_5000,/data/yzhu/megatron-lm-moe-exp/logs/moe1b_diloco_baseline_5000_seed42_20260320_223604.log,0,train,train,,loss,270,5000,276480,6796.7,4.615945
0,diloco_baseline,DiLoCo Full Sync,diloco_baseline_5000,/data/yzhu/megatron-lm-moe-exp/logs/moe1b_diloco_baseline_5000_seed42_20260320_223604.log,0,train,train,,loss,280,5000,286720,6643.6,4.566324
0,diloco_baseline,DiLoCo Full Sync,diloco_baseline_5000,/data/yzhu/megatron-lm-moe-exp/logs/moe1b_diloco_baseline_5000_seed42_20260320_223604.log,0,train,train,,loss,290,5000,296960,6551.3,4.545245
0,diloco_baseline,DiLoCo Full Sync,diloco_baseline_5000,/data/yzhu/megatron-lm-moe-exp/logs/moe1b_diloco_baseline_5000_seed42_20260320_223604.log,0,train,train,,loss,300,5000,307200,8514.3,4.48988
0,diloco_baseline,DiLoCo Full Sync,diloco_baseline_5000,/data/yzhu/megatron-lm-moe-exp/logs/moe1b_diloco_baseline_5000_seed42_20260320_223604.log,0,train,train,,loss,310,5000,317440,6350.0,4.57292
0,diloco_baseline,DiLoCo Full Sync,diloco_baseline_5000,/data/yzhu/megatron-lm-moe-exp/logs/moe1b_diloco_baseline_5000_seed42_20260320_223604.log,0,train,train,,loss,320,5000,327680,6333.9,4.46965
0,diloco_baseline,DiLoCo Full Sync,diloco_baseline_5000,/data/yzhu/megatron-lm-moe-exp/logs/moe1b_diloco_baseline_5000_seed42_20260320_223604.log,0,train,train,,loss,330,5000,337920,6505.7,4.406309
0,diloco_baseline,DiLoCo Full Sync,diloco_baseline_5000,/data/yzhu/megatron-lm-moe-exp/logs/moe1b_diloco_baseline_5000_seed42_20260320_223604.log,0,train,train,,loss,340,5000,348160,6458.2,4.36735
0,diloco_baseline,DiLoCo Full Sync,diloco_baseline_5000,/data/yzhu/megatron-lm-moe-exp/logs/moe1b_diloco_baseline_5000_seed42_20260320_223604.log,0,train,train,,loss,350,5000,358400,6323.6,4.319308
0,diloco_baseline,DiLoCo Full Sync,diloco_baseline_5000,/data/yzhu/megatron-lm-moe-exp/logs/moe1b_diloco_baseline_5000_seed42_20260320_223604.log,0,train,train,,loss,360,5000,368640,6390.9,4.276506
0,diloco_baseline,DiLoCo Full Sync,diloco_baseline_5000,/data/yzhu/megatron-lm-moe-exp/logs/moe1b_diloco_baseline_5000_seed42_20260320_223604.log,0,train,train,,loss,370,5000,378880,6381.8,4.240189
0,diloco_baseline,DiLoCo Full Sync,diloco_baseline_5000,/data/yzhu/megatron-lm-moe-exp/logs/moe1b_diloco_baseline_5000_seed42_20260320_223604.log,0,train,train,,loss,380,5000,389120,6068.3,4.217104
0,diloco_baseline,DiLoCo Full Sync,diloco_baseline_5000,/data/yzhu/megatron-lm-moe-exp/logs/moe1b_diloco_baseline_5000_seed42_20260320_223604.log,0,train,train,,loss,390,5000,399360,5702.3,4.172439
0,diloco_baseline,DiLoCo Full Sync,diloco_baseline_5000,/data/yzhu/megatron-lm-moe-exp/logs/moe1b_diloco_baseline_5000_seed42_20260320_223604.log,0,train,train,,loss,400,5000,409600,7376.9,4.148101
0,diloco_baseline,DiLoCo Full Sync,diloco_baseline_5000,/data/yzhu/megatron-lm-moe-exp/logs/moe1b_diloco_baseline_5000_seed42_20260320_223604.log,0,train,train,,loss,410,5000,419840,5669.4,4.203109
0,diloco_baseline,DiLoCo Full Sync,diloco_baseline_5000,/data/yzhu/megatron-lm-moe-exp/logs/moe1b_diloco_baseline_5000_seed42_20260320_223604.log,0,train,train,,loss,420,5000,430080,5703.3,4.133969
0,diloco_baseline,DiLoCo Full Sync,diloco_baseline_5000,/data/yzhu/megatron-lm-moe-exp/logs/moe1b_diloco_baseline_5000_seed42_20260320_223604.log,0,train,train,,loss,430,5000,440320,5692.6,4.099074
0,diloco_baseline,DiLoCo Full Sync,diloco_baseline_5000,/data/yzhu/megatron-lm-moe-exp/logs/moe1b_diloco_baseline_5000_seed42_20260320_223604.log,0,train,train,,loss,440,5000,450560,5707.8,4.074689
0,diloco_baseline,DiLoCo Full Sync,diloco_baseline_5000,/data/yzhu/megatron-lm-moe-exp/logs/moe1b_diloco_baseline_5000_seed42_20260320_223604.log,0,train,train,,loss,450,5000,460800,5693.8,4.069905
0,diloco_baseline,DiLoCo Full Sync,diloco_baseline_5000,/data/yzhu/megatron-lm-moe-exp/logs/moe1b_diloco_baseline_5000_seed42_20260320_223604.log,0,train,train,,loss,460,5000,471040,5702.4,4.016872
0,diloco_baseline,DiLoCo Full Sync,diloco_baseline_5000,/data/yzhu/megatron-lm-moe-exp/logs/moe1b_diloco_baseline_5000_seed42_20260320_223604.log,0,train,train,,loss,470,5000,481280,5683.7,3.996641
0,diloco_baseline,DiLoCo Full Sync,diloco_baseline_5000,/data/yzhu/megatron-lm-moe-exp/logs/moe1b_diloco_baseline_5000_seed42_20260320_223604.log,0,train,train,,loss,480,5000,491520,5680.4,4.002599
0,diloco_baseline,DiLoCo Full Sync,diloco_baseline_5000,/data/yzhu/megatron-lm-moe-exp/logs/moe1b_diloco_baseline_5000_seed42_20260320_223604.log,0,train,train,,loss,490,5000,501760,5692.5,3.970859
0,diloco_baseline,DiLoCo Full Sync,diloco_baseline_5000,/data/yzhu/megatron-lm-moe-exp/logs/moe1b_diloco_baseline_5000_seed42_20260320_223604.log,0,train,train,,loss,500,5000,512000,7306.9,3.960195
0,diloco_baseline,DiLoCo Full Sync,diloco_baseline_5000,/data/yzhu/megatron-lm-moe-exp/logs/moe1b_diloco_baseline_5000_seed42_20260320_223604.log,0,train,train,,loss,510,5000,522240,5689.0,3.976173
0,diloco_baseline,DiLoCo Full Sync,diloco_baseline_5000,/data/yzhu/megatron-lm-moe-exp/logs/moe1b_diloco_baseline_5000_seed42_20260320_223604.log,0,train,train,,loss,520,5000,532480,5688.4,3.929519
0,diloco_baseline,DiLoCo Full Sync,diloco_baseline_5000,/data/yzhu/megatron-lm-moe-exp/logs/moe1b_diloco_baseline_5000_seed42_20260320_223604.log,0,train,train,,loss,530,5000,542720,5690.6,3.900959
0,diloco_baseline,DiLoCo Full Sync,diloco_baseline_5000,/data/yzhu/megatron-lm-moe-exp/logs/moe1b_diloco_baseline_5000_seed42_20260320_223604.log,0,train,train,,loss,540,5000,552960,5883.2,3.902707
0,diloco_baseline,DiLoCo Full Sync,diloco_baseline_5000,/data/yzhu/megatron-lm-moe-exp/logs/moe1b_diloco_baseline_5000_seed42_20260320_223604.log,0,train,train,,loss,550,5000,563200,6167.5,3.884115
0,diloco_baseline,DiLoCo Full Sync,diloco_baseline_5000,/data/yzhu/megatron-lm-moe-exp/logs/moe1b_diloco_baseline_5000_seed42_20260320_223604.log,0,train,train,,loss,560,5000,573440,6003.4,3.876462
0,diloco_baseline,DiLoCo Full Sync,diloco_baseline_5000,/data/yzhu/megatron-lm-moe-exp/logs/moe1b_diloco_baseline_5000_seed42_20260320_223604.log,0,train,train,,loss,570,5000,583680,8831.2,3.858447
0,diloco_baseline,DiLoCo Full Sync,diloco_baseline_5000,/data/yzhu/megatron-lm-moe-exp/logs/moe1b_diloco_baseline_5000_seed42_20260320_223604.log,0,train,train,,loss,580,5000,593920,9451.8,3.857228
0,diloco_baseline,DiLoCo Full Sync,diloco_baseline_5000,/data/yzhu/megatron-lm-moe-exp/logs/moe1b_diloco_baseline_5000_seed42_20260320_223604.log,0,train,train,,loss,590,5000,604160,14441.1,3.842109
0,diloco_baseline,DiLoCo Full Sync,diloco_baseline_5000,/data/yzhu/megatron-lm-moe-exp/logs/moe1b_diloco_baseline_5000_seed42_20260320_223604.log,0,train,train,,loss,600,5000,614400,9464.1,3.830305
0,diloco_baseline,DiLoCo Full Sync,diloco_baseline_5000,/data/yzhu/megatron-lm-moe-exp/logs/moe1b_diloco_baseline_5000_seed42_20260320_223604.log,0,train,train,,loss,610,5000,624640,9787.8,3.843394
0,diloco_baseline,DiLoCo Full Sync,diloco_baseline_5000,/data/yzhu/megatron-lm-moe-exp/logs/moe1b_diloco_baseline_5000_seed42_20260320_223604.log,0,train,train,,loss,620,5000,634880,11869.6,3.795393
0,diloco_baseline,DiLoCo Full Sync,diloco_baseline_5000,/data/yzhu/megatron-lm-moe-exp/logs/moe1b_diloco_baseline_5000_seed42_20260320_223604.log,0,train,train,,loss,630,5000,645120,11850.7,3.803705
0,diloco_baseline,DiLoCo Full Sync,diloco_baseline_5000,/data/yzhu/megatron-lm-moe-exp/logs/moe1b_diloco_baseline_5000_seed42_20260320_223604.log,0,train,train,,loss,640,5000,655360,11886.0,3.792216
0,diloco_baseline,DiLoCo Full Sync,diloco_baseline_5000,/data/yzhu/megatron-lm-moe-exp/logs/moe1b_diloco_baseline_5000_seed42_20260320_223604.log,0,train,train,,loss,650,5000,665600,11910.9,3.788544
0,diloco_baseline,DiLoCo Full Sync,diloco_baseline_5000,/data/yzhu/megatron-lm-moe-exp/logs/moe1b_diloco_baseline_5000_seed42_20260320_223604.log,0,train,train,,loss,660,5000,675840,11901.4,3.780579
0,diloco_baseline,DiLoCo Full Sync,diloco_baseline_5000,/data/yzhu/megatron-lm-moe-exp/logs/moe1b_diloco_baseline_5000_seed42_20260320_223604.log,0,train,train,,loss,670,5000,686080,11908.1,3.769994
0,diloco_baseline,DiLoCo Full Sync,diloco_baseline_5000,/data/yzhu/megatron-lm-moe-exp/logs/moe1b_diloco_baseline_5000_seed42_20260320_223604.log,0,train,train,,loss,680,5000,696320,11904.7,3.738127
0,diloco_baseline,DiLoCo Full Sync,diloco_baseline_5000,/data/yzhu/megatron-lm-moe-exp/logs/moe1b_diloco_baseline_5000_seed42_20260320_223604.log,0,train,train,,loss,690,5000,706560,11904.6,3.737132
0,diloco_baseline,DiLoCo Full Sync,diloco_baseline_5000,/data/yzhu/megatron-lm-moe-exp/logs/moe1b_diloco_baseline_5000_seed42_20260320_223604.log,0,train,train,,loss,700,5000,716800,13743.6,3.744183
0,diloco_baseline,DiLoCo Full Sync,diloco_baseline_5000,/data/yzhu/megatron-lm-moe-exp/logs/moe1b_diloco_baseline_5000_seed42_20260320_223604.log,0,train,train,,loss,710,5000,727040,11903.4,3.744937
0,diloco_baseline,DiLoCo Full Sync,diloco_baseline_5000,/data/yzhu/megatron-lm-moe-exp/logs/moe1b_diloco_baseline_5000_seed42_20260320_223604.log,0,train,train,,loss,720,5000,737280,11886.0,3.683808
0,diloco_baseline,DiLoCo Full Sync,diloco_baseline_5000,/data/yzhu/megatron-lm-moe-exp/logs/moe1b_diloco_baseline_5000_seed42_20260320_223604.log,0,train,train,,loss,730,5000,747520,11903.6,3.714877
0,diloco_baseline,DiLoCo Full Sync,diloco_baseline_5000,/data/yzhu/megatron-lm-moe-exp/logs/moe1b_diloco_baseline_5000_seed42_20260320_223604.log,0,train,train,,loss,740,5000,757760,11912.7,3.698884
0,diloco_baseline,DiLoCo Full Sync,diloco_baseline_5000,/data/yzhu/megatron-lm-moe-exp/logs/moe1b_diloco_baseline_5000_seed42_20260320_223604.log,0,train,train,,loss,750,5000,768000,11903.9,3.696765
0,diloco_baseline,DiLoCo Full Sync,diloco_baseline_5000,/data/yzhu/megatron-lm-moe-exp/logs/moe1b_diloco_baseline_5000_seed42_20260320_223604.log,0,train,train,,loss,760,5000,778240,11917.2,3.70684
0,diloco_baseline,DiLoCo Full Sync,diloco_baseline_5000,/data/yzhu/megatron-lm-moe-exp/logs/moe1b_diloco_baseline_5000_seed42_20260320_223604.log,0,train,train,,loss,770,5000,788480,11924.6,3.703828
0,diloco_baseline,DiLoCo Full Sync,diloco_baseline_5000,/data/yzhu/megatron-lm-moe-exp/logs/moe1b_diloco_baseline_5000_seed42_20260320_223604.log,0,train,train,,loss,780,5000,798720,11907.8,3.690891
0,diloco_baseline,DiLoCo Full Sync,diloco_baseline_5000,/data/yzhu/megatron-lm-moe-exp/logs/moe1b_diloco_baseline_5000_seed42_20260320_223604.log,0,train,train,,loss,790,5000,808960,11811.9,3.662877
0,diloco_baseline,DiLoCo Full Sync,diloco_baseline_5000,/data/yzhu/megatron-lm-moe-exp/logs/moe1b_diloco_baseline_5000_seed42_20260320_223604.log,0,train,train,,loss,800,5000,819200,12859.8,3.666944
0,diloco_baseline,DiLoCo Full Sync,diloco_baseline_5000,/data/yzhu/megatron-lm-moe-exp/logs/moe1b_diloco_baseline_5000_seed42_20260320_223604.log,0,train,train,,loss,810,5000,829440,11928.6,3.643843
0,diloco_baseline,DiLoCo Full Sync,diloco_baseline_5000,/data/yzhu/megatron-lm-moe-exp/logs/moe1b_diloco_baseline_5000_seed42_20260320_223604.log,0,train,train,,loss,820,5000,839680,11964.9,3.647078
0,diloco_baseline,DiLoCo Full Sync,diloco_baseline_5000,/data/yzhu/megatron-lm-moe-exp/logs/moe1b_diloco_baseline_5000_seed42_20260320_223604.log,0,train,train,,loss,830,5000,849920,11934.2,3.64693
0,diloco_baseline,DiLoCo Full Sync,diloco_baseline_5000,/data/yzhu/megatron-lm-moe-exp/logs/moe1b_diloco_baseline_5000_seed42_20260320_223604.log,0,train,train,,loss,840,5000,860160,11939.8,3.635032
0,diloco_baseline,DiLoCo Full Sync,diloco_baseline_5000,/data/yzhu/megatron-lm-moe-exp/logs/moe1b_diloco_baseline_5000_seed42_20260320_223604.log,0,train,train,,loss,850,5000,870400,11944.5,3.610451
0,diloco_baseline,DiLoCo Full Sync,diloco_baseline_5000,/data/yzhu/megatron-lm-moe-exp/logs/moe1b_diloco_baseline_5000_seed42_20260320_223604.log,0,train,train,,loss,860,5000,880640,11928.1,3.624705
0,diloco_baseline,DiLoCo Full Sync,diloco_baseline_5000,/data/yzhu/megatron-lm-moe-exp/logs/moe1b_diloco_baseline_5000_seed42_20260320_223604.log,0,train,train,,loss,870,5000,890880,11975.9,3.627861
0,diloco_baseline,DiLoCo Full Sync,diloco_baseline_5000,/data/yzhu/megatron-lm-moe-exp/logs/moe1b_diloco_baseline_5000_seed42_20260320_223604.log,0,train,train,,loss,880,5000,901120,11945.6,3.622506
0,diloco_baseline,DiLoCo Full Sync,diloco_baseline_5000,/data/yzhu/megatron-lm-moe-exp/logs/moe1b_diloco_baseline_5000_seed42_20260320_223604.log,0,train,train,,loss,890,5000,911360,11952.7,3.617123
0,diloco_baseline,DiLoCo Full Sync,diloco_baseline_5000,/data/yzhu/megatron-lm-moe-exp/logs/moe1b_diloco_baseline_5000_seed42_20260320_223604.log,0,train,train,,loss,900,5000,921600,13704.1,3.612667
0,diloco_baseline,DiLoCo Full Sync,diloco_baseline_5000,/data/yzhu/megatron-lm-moe-exp/logs/moe1b_diloco_baseline_5000_seed42_20260320_223604.log,0,train,train,,loss,910,5000,931840,11947.1,3.601102
0,diloco_baseline,DiLoCo Full Sync,diloco_baseline_5000,/data/yzhu/megatron-lm-moe-exp/logs/moe1b_diloco_baseline_5000_seed42_20260320_223604.log,0,train,train,,loss,920,5000,942080,11987.0,3.582057
0,diloco_baseline,DiLoCo Full Sync,diloco_baseline_5000,/data/yzhu/megatron-lm-moe-exp/logs/moe1b_diloco_baseline_5000_seed42_20260320_223604.log,0,train,train,,loss,930,5000,952320,11934.7,3.597649
0,diloco_baseline,DiLoCo Full Sync,diloco_baseline_5000,/data/yzhu/megatron-lm-moe-exp/logs/moe1b_diloco_baseline_5000_seed42_20260320_223604.log,0,train,train,,loss,940,5000,962560,11951.2,3.582787
0,diloco_baseline,DiLoCo Full Sync,diloco_baseline_5000,/data/yzhu/megatron-lm-moe-exp/logs/moe1b_diloco_baseline_5000_seed42_20260320_223604.log,0,train,train,,loss,950,5000,972800,11955.7,3.581069
0,diloco_baseline,DiLoCo Full Sync,diloco_baseline_5000,/data/yzhu/megatron-lm-moe-exp/logs/moe1b_diloco_baseline_5000_seed42_20260320_223604.log,0,train,train,,loss,960,5000,983040,11935.5,3.562991
0,diloco_baseline,DiLoCo Full Sync,diloco_baseline_5000,/data/yzhu/megatron-lm-moe-exp/logs/moe1b_diloco_baseline_5000_seed42_20260320_223604.log,0,train,train,,loss,970,5000,993280,11966.3,3.56556
0,diloco_baseline,DiLoCo Full Sync,diloco_baseline_5000,/data/yzhu/megatron-lm-moe-exp/logs/moe1b_diloco_baseline_5000_seed42_20260320_223604.log,0,train,train,,loss,980,5000,1003520,11937.0,3.574601
0,diloco_baseline,DiLoCo Full Sync,diloco_baseline_5000,/data/yzhu/megatron-lm-moe-exp/logs/moe1b_diloco_baseline_5000_seed42_20260320_223604.log,0,train,train,,loss,990,5000,1013760,11952.2,3.564865
0,diloco_baseline,DiLoCo Full Sync,diloco_baseline_5000,/data/yzhu/megatron-lm-moe-exp/logs/moe1b_diloco_baseline_5000_seed42_20260320_223604.log,0,train,train,,loss,1000,5000,1024000,13703.0,3.566521
0,diloco_baseline,DiLoCo Full Sync,diloco_baseline_5000,/data/yzhu/megatron-lm-moe-exp/logs/moe1b_diloco_baseline_5000_seed42_20260320_223604.log,0,train,train,,loss,1010,5000,1034240,13754.7,3.531094
0,diloco_baseline,DiLoCo Full Sync,diloco_baseline_5000,/data/yzhu/megatron-lm-moe-exp/logs/moe1b_diloco_baseline_5000_seed42_20260320_223604.log,0,train,train,,loss,1020,5000,1044480,12918.6,3.538258
0,diloco_baseline,DiLoCo Full Sync,diloco_baseline_5000,/data/yzhu/megatron-lm-moe-exp/logs/moe1b_diloco_baseline_5000_seed42_20260320_223604.log,0,train,train,,loss,1030,5000,1054720,11996.0,3.536313
0,diloco_baseline,DiLoCo Full Sync,diloco_baseline_5000,/data/yzhu/megatron-lm-moe-exp/logs/moe1b_diloco_baseline_5000_seed42_20260320_223604.log,0,train,train,,loss,1040,5000,1064960,12135.4,3.531204
0,diloco_baseline,DiLoCo Full Sync,diloco_baseline_5000,/data/yzhu/megatron-lm-moe-exp/logs/moe1b_diloco_baseline_5000_seed42_20260320_223604.log,0,train,train,,loss,1050,5000,1075200,12100.9,3.536015
0,diloco_baseline,DiLoCo Full Sync,diloco_baseline_5000,/data/yzhu/megatron-lm-moe-exp/logs/moe1b_diloco_baseline_5000_seed42_20260320_223604.log,0,train,train,,loss,1060,5000,1085440,12010.0,3.511594
0,diloco_baseline,DiLoCo Full Sync,diloco_baseline_5000,/data/yzhu/megatron-lm-moe-exp/logs/moe1b_diloco_baseline_5000_seed42_20260320_223604.log,0,train,train,,loss,1070,5000,1095680,11986.4,3.505638
0,diloco_baseline,DiLoCo Full Sync,diloco_baseline_5000,/data/yzhu/megatron-lm-moe-exp/logs/moe1b_diloco_baseline_5000_seed42_20260320_223604.log,0,train,train,,loss,1080,5000,1105920,11964.2,3.528691
0,diloco_baseline,DiLoCo Full Sync,diloco_baseline_5000,/data/yzhu/megatron-lm-moe-exp/logs/moe1b_diloco_baseline_5000_seed42_20260320_223604.log,0,train,train,,loss,1090,5000,1116160,11986.0,3.517919
0,diloco_baseline,DiLoCo Full Sync,diloco_baseline_5000,/data/yzhu/megatron-lm-moe-exp/logs/moe1b_diloco_baseline_5000_seed42_20260320_223604.log,0,train,train,,loss,1100,5000,1126400,14131.6,3.505968
0,diloco_baseline,DiLoCo Full Sync,diloco_baseline_5000,/data/yzhu/megatron-lm-moe-exp/logs/moe1b_diloco_baseline_5000_seed42_20260320_223604.log,0,train,train,,loss,1110,5000,1136640,11977.3,3.497571
0,diloco_baseline,DiLoCo Full Sync,diloco_baseline_5000,/data/yzhu/megatron-lm-moe-exp/logs/moe1b_diloco_baseline_5000_seed42_20260320_223604.log,0,train,train,,loss,1120,5000,1146880,12009.2,3.512862
0,diloco_baseline,DiLoCo Full Sync,diloco_baseline_5000,/data/yzhu/megatron-lm-moe-exp/logs/moe1b_diloco_baseline_5000_seed42_20260320_223604.log,0,train,train,,loss,1130,5000,1157120,11959.6,3.493975
0,diloco_baseline,DiLoCo Full Sync,diloco_baseline_5000,/data/yzhu/megatron-lm-moe-exp/logs/moe1b_diloco_baseline_5000_seed42_20260320_223604.log,0,train,train,,loss,1140,5000,1167360,11977.7,3.481007
0,diloco_baseline,DiLoCo Full Sync,diloco_baseline_5000,/data/yzhu/megatron-lm-moe-exp/logs/moe1b_diloco_baseline_5000_seed42_20260320_223604.log,0,train,train,,loss,1150,5000,1177600,11978.6,3.494563
0,diloco_baseline,DiLoCo Full Sync,diloco_baseline_5000,/data/yzhu/megatron-lm-moe-exp/logs/moe1b_diloco_baseline_5000_seed42_20260320_223604.log,0,train,train,,loss,1160,5000,1187840,11969.7,3.489543
0,diloco_baseline,DiLoCo Full Sync,diloco_baseline_5000,/data/yzhu/megatron-lm-moe-exp/logs/moe1b_diloco_baseline_5000_seed42_20260320_223604.log,0,train,train,,loss,1170,5000,1198080,11983.2,3.48088
0,diloco_baseline,DiLoCo Full Sync,diloco_baseline_5000,/data/yzhu/megatron-lm-moe-exp/logs/moe1b_diloco_baseline_5000_seed42_20260320_223604.log,0,train,train,,loss,1180,5000,1208320,11285.6,3.468355
0,diloco_baseline,DiLoCo Full Sync,diloco_baseline_5000,/data/yzhu/megatron-lm-moe-exp/logs/moe1b_diloco_baseline_5000_seed42_20260320_223604.log,0,train,train,,loss,1190,5000,1218560,11623.4,3.464342
0,diloco_baseline,DiLoCo Full Sync,diloco_baseline_5000,/data/yzhu/megatron-lm-moe-exp/logs/moe1b_diloco_baseline_5000_seed42_20260320_223604.log,0,train,train,,loss,1200,5000,1228800,13876.3,3.469038
0,diloco_baseline,DiLoCo Full Sync,diloco_baseline_5000,/data/yzhu/megatron-lm-moe-exp/logs/moe1b_diloco_baseline_5000_seed42_20260320_223604.log,0,train,train,,loss,1210,5000,1239040,11982.3,3.450619
0,diloco_baseline,DiLoCo Full Sync,diloco_baseline_5000,/data/yzhu/megatron-lm-moe-exp/logs/moe1b_diloco_baseline_5000_seed42_20260320_223604.log,0,train,train,,loss,1220,5000,1249280,12006.7,3.460271
0,diloco_baseline,DiLoCo Full Sync,diloco_baseline_5000,/data/yzhu/megatron-lm-moe-exp/logs/moe1b_diloco_baseline_5000_seed42_20260320_223604.log,0,train,train,,loss,1230,5000,1259520,11991.1,3.456543
0,diloco_baseline,DiLoCo Full Sync,diloco_baseline_5000,/data/yzhu/megatron-lm-moe-exp/logs/moe1b_diloco_baseline_5000_seed42_20260320_223604.log,0,train,train,,loss,1240,5000,1269760,11990.6,3.450812
0,diloco_baseline,DiLoCo Full Sync,diloco_baseline_5000,/data/yzhu/megatron-lm-moe-exp/logs/moe1b_diloco_baseline_5000_seed42_20260320_223604.log,0,train,train,,loss,1250,5000,1280000,11950.8,3.454926
0,diloco_baseline,DiLoCo Full Sync,diloco_baseline_5000,/data/yzhu/megatron-lm-moe-exp/logs/moe1b_diloco_baseline_5000_seed42_20260320_223604.log,0,train,train,,loss,1260,5000,1290240,11964.3,3.466501
0,diloco_baseline,DiLoCo Full Sync,diloco_baseline_5000,/data/yzhu/megatron-lm-moe-exp/logs/moe1b_diloco_baseline_5000_seed42_20260320_223604.log,0,train,train,,loss,1270,5000,1300480,11976.5,3.444433
0,diloco_baseline,DiLoCo Full Sync,diloco_baseline_5000,/data/yzhu/megatron-lm-moe-exp/logs/moe1b_diloco_baseline_5000_seed42_20260320_223604.log,0,train,train,,loss,1280,5000,1310720,11961.8,3.430888
0,diloco_baseline,DiLoCo Full Sync,diloco_baseline_5000,/data/yzhu/megatron-lm-moe-exp/logs/moe1b_diloco_baseline_5000_seed42_20260320_223604.log,0,train,train,,loss,1290,5000,1320960,11969.9,3.448592
0,diloco_baseline,DiLoCo Full Sync,diloco_baseline_5000,/data/yzhu/megatron-lm-moe-exp/logs/moe1b_diloco_baseline_5000_seed42_20260320_223604.log,0,train,train,,loss,1300,5000,1331200,13860.1,3.441123
0,diloco_baseline,DiLoCo Full Sync,diloco_baseline_5000,/data/yzhu/megatron-lm-moe-exp/logs/moe1b_diloco_baseline_5000_seed42_20260320_223604.log,0,train,train,,loss,1310,5000,1341440,11968.5,3.431736
0,diloco_baseline,DiLoCo Full Sync,diloco_baseline_5000,/data/yzhu/megatron-lm-moe-exp/logs/moe1b_diloco_baseline_5000_seed42_20260320_223604.log,0,train,train,,loss,1320,5000,1351680,11953.1,3.444931
0,diloco_baseline,DiLoCo Full Sync,diloco_baseline_5000,/data/yzhu/megatron-lm-moe-exp/logs/moe1b_diloco_baseline_5000_seed42_20260320_223604.log,0,train,train,,loss,1330,5000,1361920,11973.3,3.435799
0,diloco_baseline,DiLoCo Full Sync,diloco_baseline_5000,/data/yzhu/megatron-lm-moe-exp/logs/moe1b_diloco_baseline_5000_seed42_20260320_223604.log,0,train,train,,loss,1340,5000,1372160,11973.2,3.423647
0,diloco_baseline,DiLoCo Full Sync,diloco_baseline_5000,/data/yzhu/megatron-lm-moe-exp/logs/moe1b_diloco_baseline_5000_seed42_20260320_223604.log,0,train,train,,loss,1350,5000,1382400,11976.0,3.417129
0,diloco_baseline,DiLoCo Full Sync,diloco_baseline_5000,/data/yzhu/megatron-lm-moe-exp/logs/moe1b_diloco_baseline_5000_seed42_20260320_223604.log,0,train,train,,loss,1360,5000,1392640,11951.2,3.425883
0,diloco_baseline,DiLoCo Full Sync,diloco_baseline_5000,/data/yzhu/megatron-lm-moe-exp/logs/moe1b_diloco_baseline_5000_seed42_20260320_223604.log,0,train,train,,loss,1370,5000,1402880,11502.5,3.394756
0,diloco_baseline,DiLoCo Full Sync,diloco_baseline_5000,/data/yzhu/megatron-lm-moe-exp/logs/moe1b_diloco_baseline_5000_seed42_20260320_223604.log,0,train,train,,loss,1380,5000,1413120,9651.9,3.40946
0,diloco_baseline,DiLoCo Full Sync,diloco_baseline_5000,/data/yzhu/megatron-lm-moe-exp/logs/moe1b_diloco_baseline_5000_seed42_20260320_223604.log,0,train,train,,loss,1390,5000,1423360,9931.4,3.398991
0,diloco_baseline,DiLoCo Full Sync,diloco_baseline_5000,/data/yzhu/megatron-lm-moe-exp/logs/moe1b_diloco_baseline_5000_seed42_20260320_223604.log,0,train,train,,loss,1400,5000,1433600,8665.5,3.4072
0,diloco_baseline,DiLoCo Full Sync,diloco_baseline_5000,/data/yzhu/megatron-lm-moe-exp/logs/moe1b_diloco_baseline_5000_seed42_20260320_223604.log,0,train,train,,loss,1410,5000,1443840,7444.2,3.404961
0,diloco_baseline,DiLoCo Full Sync,diloco_baseline_5000,/data/yzhu/megatron-lm-moe-exp/logs/moe1b_diloco_baseline_5000_seed42_20260320_223604.log,0,train,train,,loss,1420,5000,1454080,7999.7,3.387764
0,diloco_baseline,DiLoCo Full Sync,diloco_baseline_5000,/data/yzhu/megatron-lm-moe-exp/logs/moe1b_diloco_baseline_5000_seed42_20260320_223604.log,0,train,train,,loss,1430,5000,1464320,12003.3,3.404424
0,diloco_baseline,DiLoCo Full Sync,diloco_baseline_5000,/data/yzhu/megatron-lm-moe-exp/logs/moe1b_diloco_baseline_5000_seed42_20260320_223604.log,0,train,train,,loss,1440,5000,1474560,12028.8,3.393588
0,diloco_baseline,DiLoCo Full Sync,diloco_baseline_5000,/data/yzhu/megatron-lm-moe-exp/logs/moe1b_diloco_baseline_5000_seed42_20260320_223604.log,0,train,train,,loss,1450,5000,1484800,12015.1,3.373193
0,diloco_baseline,DiLoCo Full Sync,diloco_baseline_5000,/data/yzhu/megatron-lm-moe-exp/logs/moe1b_diloco_baseline_5000_seed42_20260320_223604.log,0,train,train,,loss,1460,5000,1495040,12009.0,3.396191
0,diloco_baseline,DiLoCo Full Sync,diloco_baseline_5000,/data/yzhu/megatron-lm-moe-exp/logs/moe1b_diloco_baseline_5000_seed42_20260320_223604.log,0,train,train,,loss,1470,5000,1505280,12038.2,3.376665
0,diloco_baseline,DiLoCo Full Sync,diloco_baseline_5000,/data/yzhu/megatron-lm-moe-exp/logs/moe1b_diloco_baseline_5000_seed42_20260320_223604.log,0,train,train,,loss,1480,5000,1515520,12030.8,3.365065
0,diloco_baseline,DiLoCo Full Sync,diloco_baseline_5000,/data/yzhu/megatron-lm-moe-exp/logs/moe1b_diloco_baseline_5000_seed42_20260320_223604.log,0,train,train,,loss,1490,5000,1525760,12021.2,3.384364
0,diloco_baseline,DiLoCo Full Sync,diloco_baseline_5000,/data/yzhu/megatron-lm-moe-exp/logs/moe1b_diloco_baseline_5000_seed42_20260320_223604.log,0,train,train,,loss,1500,5000,1536000,13919.5,3.380764
0,diloco_baseline,DiLoCo Full Sync,diloco_baseline_5000,/data/yzhu/megatron-lm-moe-exp/logs/moe1b_diloco_baseline_5000_seed42_20260320_223604.log,0,train,train,,loss,1510,5000,1546240,12040.6,3.374879
0,diloco_baseline,DiLoCo Full Sync,diloco_baseline_5000,/data/yzhu/megatron-lm-moe-exp/logs/moe1b_diloco_baseline_5000_seed42_20260320_223604.log,0,train,train,,loss,1520,5000,1556480,12016.4,3.371376
0,diloco_baseline,DiLoCo Full Sync,diloco_baseline_5000,/data/yzhu/megatron-lm-moe-exp/logs/moe1b_diloco_baseline_5000_seed42_20260320_223604.log,0,train,train,,loss,1530,5000,1566720,12024.4,3.38839
0,diloco_baseline,DiLoCo Full Sync,diloco_baseline_5000,/data/yzhu/megatron-lm-moe-exp/logs/moe1b_diloco_baseline_5000_seed42_20260320_223604.log,0,train,train,,loss,1540,5000,1576960,12029.1,3.38697
0,diloco_baseline,DiLoCo Full Sync,diloco_baseline_5000,/data/yzhu/megatron-lm-moe-exp/logs/moe1b_diloco_baseline_5000_seed42_20260320_223604.log,0,train,train,,loss,1550,5000,1587200,12046.6,3.375343
0,diloco_baseline,DiLoCo Full Sync,diloco_baseline_5000,/data/yzhu/megatron-lm-moe-exp/logs/moe1b_diloco_baseline_5000_seed42_20260320_223604.log,0,train,train,,loss,1560,5000,1597440,12035.4,3.363357
0,diloco_baseline,DiLoCo Full Sync,diloco_baseline_5000,/data/yzhu/megatron-lm-moe-exp/logs/moe1b_diloco_baseline_5000_seed42_20260320_223604.log,0,train,train,,loss,1570,5000,1607680,12026.5,3.369968
0,diloco_baseline,DiLoCo Full Sync,diloco_baseline_5000,/data/yzhu/megatron-lm-moe-exp/logs/moe1b_diloco_baseline_5000_seed42_20260320_223604.log,0,train,train,,loss,1580,5000,1617920,12018.0,3.359555
0,diloco_baseline,DiLoCo Full Sync,diloco_baseline_5000,/data/yzhu/megatron-lm-moe-exp/logs/moe1b_diloco_baseline_5000_seed42_20260320_223604.log,0,train,train,,loss,1590,5000,1628160,12041.4,3.366635
0,diloco_baseline,DiLoCo Full Sync,diloco_baseline_5000,/data/yzhu/megatron-lm-moe-exp/logs/moe1b_diloco_baseline_5000_seed42_20260320_223604.log,0,train,train,,loss,1600,5000,1638400,13772.4,3.360304
0,diloco_baseline,DiLoCo Full Sync,diloco_baseline_5000,/data/yzhu/megatron-lm-moe-exp/logs/moe1b_diloco_baseline_5000_seed42_20260320_223604.log,0,train,train,,loss,1610,5000,1648640,12014.9,3.351479
0,diloco_baseline,DiLoCo Full Sync,diloco_baseline_5000,/data/yzhu/megatron-lm-moe-exp/logs/moe1b_diloco_baseline_5000_seed42_20260320_223604.log,0,train,train,,loss,1620,5000,1658880,12019.0,3.342656
0,diloco_baseline,DiLoCo Full Sync,diloco_baseline_5000,/data/yzhu/megatron-lm-moe-exp/logs/moe1b_diloco_baseline_5000_seed42_20260320_223604.log,0,train,train,,loss,1630,5000,1669120,12039.8,3.343491
0,diloco_baseline,DiLoCo Full Sync,diloco_baseline_5000,/data/yzhu/megatron-lm-moe-exp/logs/moe1b_diloco_baseline_5000_seed42_20260320_223604.log,0,train,train,,loss,1640,5000,1679360,12037.1,3.360566
0,diloco_baseline,DiLoCo Full Sync,diloco_baseline_5000,/data/yzhu/megatron-lm-moe-exp/logs/moe1b_diloco_baseline_5000_seed42_20260320_223604.log,0,train,train,,loss,1650,5000,1689600,11991.5,3.344407
0,diloco_baseline,DiLoCo Full Sync,diloco_baseline_5000,/data/yzhu/megatron-lm-moe-exp/logs/moe1b_diloco_baseline_5000_seed42_20260320_223604.log,0,train,train,,loss,1660,5000,1699840,12020.9,3.352381
0,diloco_baseline,DiLoCo Full Sync,diloco_baseline_5000,/data/yzhu/megatron-lm-moe-exp/logs/moe1b_diloco_baseline_5000_seed42_20260320_223604.log,0,train,train,,loss,1670,5000,1710080,11993.0,3.331707
0,diloco_baseline,DiLoCo Full Sync,diloco_baseline_5000,/data/yzhu/megatron-lm-moe-exp/logs/moe1b_diloco_baseline_5000_seed42_20260320_223604.log,0,train,train,,loss,1680,5000,1720320,12025.6,3.329579
0,diloco_baseline,DiLoCo Full Sync,diloco_baseline_5000,/data/yzhu/megatron-lm-moe-exp/logs/moe1b_diloco_baseline_5000_seed42_20260320_223604.log,0,train,train,,loss,1690,5000,1730560,12027.6,3.319725
0,diloco_baseline,DiLoCo Full Sync,diloco_baseline_5000,/data/yzhu/megatron-lm-moe-exp/logs/moe1b_diloco_baseline_5000_seed42_20260320_223604.log,0,train,train,,loss,1700,5000,1740800,13767.6,3.330956
0,diloco_baseline,DiLoCo Full Sync,diloco_baseline_5000,/data/yzhu/megatron-lm-moe-exp/logs/moe1b_diloco_baseline_5000_seed42_20260320_223604.log,0,train,train,,loss,1710,5000,1751040,11602.2,3.322255
0,diloco_baseline,DiLoCo Full Sync,diloco_baseline_5000,/data/yzhu/megatron-lm-moe-exp/logs/moe1b_diloco_baseline_5000_seed42_20260320_223604.log,0,train,train,,loss,1720,5000,1761280,11205.2,3.311552
0,diloco_baseline,DiLoCo Full Sync,diloco_baseline_5000,/data/yzhu/megatron-lm-moe-exp/logs/moe1b_diloco_baseline_5000_seed42_20260320_223604.log,0,train,train,,loss,1730,5000,1771520,11601.8,3.315321
0,diloco_baseline,DiLoCo Full Sync,diloco_baseline_5000,/data/yzhu/megatron-lm-moe-exp/logs/moe1b_diloco_baseline_5000_seed42_20260320_223604.log,0,train,train,,loss,1740,5000,1781760,12071.2,3.328225
0,diloco_baseline,DiLoCo Full Sync,diloco_baseline_5000,/data/yzhu/megatron-lm-moe-exp/logs/moe1b_diloco_baseline_5000_seed42_20260320_223604.log,0,train,train,,loss,1750,5000,1792000,12124.9,3.304818
0,diloco_baseline,DiLoCo Full Sync,diloco_baseline_5000,/data/yzhu/megatron-lm-moe-exp/logs/moe1b_diloco_baseline_5000_seed42_20260320_223604.log,0,train,train,,loss,1760,5000,1802240,12085.0,3.322247
0,diloco_baseline,DiLoCo Full Sync,diloco_baseline_5000,/data/yzhu/megatron-lm-moe-exp/logs/moe1b_diloco_baseline_5000_seed42_20260320_223604.log,0,train,train,,loss,1770,5000,1812480,12117.1,3.312648
0,diloco_baseline,DiLoCo Full Sync,diloco_baseline_5000,/data/yzhu/megatron-lm-moe-exp/logs/moe1b_diloco_baseline_5000_seed42_20260320_223604.log,0,train,train,,loss,1780,5000,1822720,12076.9,3.322194
0,diloco_baseline,DiLoCo Full Sync,diloco_baseline_5000,/data/yzhu/megatron-lm-moe-exp/logs/moe1b_diloco_baseline_5000_seed42_20260320_223604.log,0,train,train,,loss,1790,5000,1832960,12082.3,3.315495
0,diloco_baseline,DiLoCo Full Sync,diloco_baseline_5000,/data/yzhu/megatron-lm-moe-exp/logs/moe1b_diloco_baseline_5000_seed42_20260320_223604.log,0,train,train,,loss,1800,5000,1843200,13830.2,3.307163
0,diloco_baseline,DiLoCo Full Sync,diloco_baseline_5000,/data/yzhu/megatron-lm-moe-exp/logs/moe1b_diloco_baseline_5000_seed42_20260320_223604.log,0,train,train,,loss,1810,5000,1853440,12084.4,3.312155
0,diloco_baseline,DiLoCo Full Sync,diloco_baseline_5000,/data/yzhu/megatron-lm-moe-exp/logs/moe1b_diloco_baseline_5000_seed42_20260320_223604.log,0,train,train,,loss,1820,5000,1863680,12120.4,3.285307
0,diloco_baseline,DiLoCo Full Sync,diloco_baseline_5000,/data/yzhu/megatron-lm-moe-exp/logs/moe1b_diloco_baseline_5000_seed42_20260320_223604.log,0,train,train,,loss,1830,5000,1873920,12089.1,3.298187
0,diloco_baseline,DiLoCo Full Sync,diloco_baseline_5000,/data/yzhu/megatron-lm-moe-exp/logs/moe1b_diloco_baseline_5000_seed42_20260320_223604.log,0,train,train,,loss,1840,5000,1884160,12093.3,3.299078
0,diloco_baseline,DiLoCo Full Sync,diloco_baseline_5000,/data/yzhu/megatron-lm-moe-exp/logs/moe1b_diloco_baseline_5000_seed42_20260320_223604.log,0,train,train,,loss,1850,5000,1894400,12084.7,3.29587
0,diloco_baseline,DiLoCo Full Sync,diloco_baseline_5000,/data/yzhu/megatron-lm-moe-exp/logs/moe1b_diloco_baseline_5000_seed42_20260320_223604.log,0,train,train,,loss,1860,5000,1904640,12096.7,3.291022
0,diloco_baseline,DiLoCo Full Sync,diloco_baseline_5000,/data/yzhu/megatron-lm-moe-exp/logs/moe1b_diloco_baseline_5000_seed42_20260320_223604.log,0,train,train,,loss,1870,5000,1914880,12108.3,3.296195
0,diloco_baseline,DiLoCo Full Sync,diloco_baseline_5000,/data/yzhu/megatron-lm-moe-exp/logs/moe1b_diloco_baseline_5000_seed42_20260320_223604.log,0,train,train,,loss,1880,5000,1925120,12065.9,3.288797
0,diloco_baseline,DiLoCo Full Sync,diloco_baseline_5000,/data/yzhu/megatron-lm-moe-exp/logs/moe1b_diloco_baseline_5000_seed42_20260320_223604.log,0,train,train,,loss,1890,5000,1935360,12079.0,3.275465
0,diloco_baseline,DiLoCo Full Sync,diloco_baseline_5000,/data/yzhu/megatron-lm-moe-exp/logs/moe1b_diloco_baseline_5000_seed42_20260320_223604.log,0,train,train,,loss,1900,5000,1945600,13832.1,3.291177
0,diloco_baseline,DiLoCo Full Sync,diloco_baseline_5000,/data/yzhu/megatron-lm-moe-exp/logs/moe1b_diloco_baseline_5000_seed42_20260320_223604.log,0,train,train,,loss,1910,5000,1955840,12080.8,3.292648
0,diloco_baseline,DiLoCo Full Sync,diloco_baseline_5000,/data/yzhu/megatron-lm-moe-exp/logs/moe1b_diloco_baseline_5000_seed42_20260320_223604.log,0,train,train,,loss,1920,5000,1966080,12103.6,3.293002
0,diloco_baseline,DiLoCo Full Sync,diloco_baseline_5000,/data/yzhu/megatron-lm-moe-exp/logs/moe1b_diloco_baseline_5000_seed42_20260320_223604.log,0,train,train,,loss,1930,5000,1976320,12089.5,3.276052
0,diloco_baseline,DiLoCo Full Sync,diloco_baseline_5000,/data/yzhu/megatron-lm-moe-exp/logs/moe1b_diloco_baseline_5000_seed42_20260320_223604.log,0,train,train,,loss,1940,5000,1986560,12088.8,3.286227
0,diloco_baseline,DiLoCo Full Sync,diloco_baseline_5000,/data/yzhu/megatron-lm-moe-exp/logs/moe1b_diloco_baseline_5000_seed42_20260320_223604.log,0,train,train,,loss,1950,5000,1996800,12086.5,3.28294
0,diloco_baseline,DiLoCo Full Sync,diloco_baseline_5000,/data/yzhu/megatron-lm-moe-exp/logs/moe1b_diloco_baseline_5000_seed42_20260320_223604.log,0,train,train,,loss,1960,5000,2007040,12100.4,3.279099
0,diloco_baseline,DiLoCo Full Sync,diloco_baseline_5000,/data/yzhu/megatron-lm-moe-exp/logs/moe1b_diloco_baseline_5000_seed42_20260320_223604.log,0,train,train,,loss,1970,5000,2017280,12109.6,3.285341
0,diloco_baseline,DiLoCo Full Sync,diloco_baseline_5000,/data/yzhu/megatron-lm-moe-exp/logs/moe1b_diloco_baseline_5000_seed42_20260320_223604.log,0,train,train,,loss,1980,5000,2027520,12087.2,3.302861
0,diloco_baseline,DiLoCo Full Sync,diloco_baseline_5000,/data/yzhu/megatron-lm-moe-exp/logs/moe1b_diloco_baseline_5000_seed42_20260320_223604.log,0,train,train,,loss,1990,5000,2037760,12111.1,3.270677
0,diloco_baseline,DiLoCo Full Sync,diloco_baseline_5000,/data/yzhu/megatron-lm-moe-exp/logs/moe1b_diloco_baseline_5000_seed42_20260320_223604.log,0,train,train,,loss,2000,5000,2048000,13880.9,3.272877
0,diloco_baseline,DiLoCo Full Sync,diloco_baseline_5000,/data/yzhu/megatron-lm-moe-exp/logs/moe1b_diloco_baseline_5000_seed42_20260320_223604.log,0,train,train,,loss,2010,5000,2058240,16785.4,3.292129
0,diloco_baseline,DiLoCo Full Sync,diloco_baseline_5000,/data/yzhu/megatron-lm-moe-exp/logs/moe1b_diloco_baseline_5000_seed42_20260320_223604.log,0,train,train,,loss,2020,5000,2068480,13807.3,3.276849
0,diloco_baseline,DiLoCo Full Sync,diloco_baseline_5000,/data/yzhu/megatron-lm-moe-exp/logs/moe1b_diloco_baseline_5000_seed42_20260320_223604.log,0,train,train,,loss,2030,5000,2078720,14989.8,3.275251
0,diloco_baseline,DiLoCo Full Sync,diloco_baseline_5000,/data/yzhu/megatron-lm-moe-exp/logs/moe1b_diloco_baseline_5000_seed42_20260320_223604.log,0,train,train,,loss,2040,5000,2088960,13528.8,3.281628
0,diloco_baseline,DiLoCo Full Sync,diloco_baseline_5000,/data/yzhu/megatron-lm-moe-exp/logs/moe1b_diloco_baseline_5000_seed42_20260320_223604.log,0,train,train,,loss,2050,5000,2099200,12110.6,3.256556
0,diloco_baseline,DiLoCo Full Sync,diloco_baseline_5000,/data/yzhu/megatron-lm-moe-exp/logs/moe1b_diloco_baseline_5000_seed42_20260320_223604.log,0,train,train,,loss,2060,5000,2109440,12082.1,3.252126
0,diloco_baseline,DiLoCo Full Sync,diloco_baseline_5000,/data/yzhu/megatron-lm-moe-exp/logs/moe1b_diloco_baseline_5000_seed42_20260320_223604.log,0,train,train,,loss,2070,5000,2119680,12060.7,3.261573
0,diloco_baseline,DiLoCo Full Sync,diloco_baseline_5000,/data/yzhu/megatron-lm-moe-exp/logs/moe1b_diloco_baseline_5000_seed42_20260320_223604.log,0,train,train,,loss,2080,5000,2129920,12107.8,3.251475
0,diloco_baseline,DiLoCo Full Sync,diloco_baseline_5000,/data/yzhu/megatron-lm-moe-exp/logs/moe1b_diloco_baseline_5000_seed42_20260320_223604.log,0,train,train,,loss,2090,5000,2140160,12065.9,3.243624
0,diloco_baseline,DiLoCo Full Sync,diloco_baseline_5000,/data/yzhu/megatron-lm-moe-exp/logs/moe1b_diloco_baseline_5000_seed42_20260320_223604.log,0,train,train,,loss,2100,5000,2150400,14073.4,3.260716
0,diloco_baseline,DiLoCo Full Sync,diloco_baseline_5000,/data/yzhu/megatron-lm-moe-exp/logs/moe1b_diloco_baseline_5000_seed42_20260320_223604.log,0,train,train,,loss,2110,5000,2160640,12075.6,3.257099
0,diloco_baseline,DiLoCo Full Sync,diloco_baseline_5000,/data/yzhu/megatron-lm-moe-exp/logs/moe1b_diloco_baseline_5000_seed42_20260320_223604.log,0,train,train,,loss,2120,5000,2170880,12105.8,3.270171
0,diloco_baseline,DiLoCo Full Sync,diloco_baseline_5000,/data/yzhu/megatron-lm-moe-exp/logs/moe1b_diloco_baseline_5000_seed42_20260320_223604.log,0,train,train,,loss,2130,5000,2181120,12107.0,3.265462
0,diloco_baseline,DiLoCo Full Sync,diloco_baseline_5000,/data/yzhu/megatron-lm-moe-exp/logs/moe1b_diloco_baseline_5000_seed42_20260320_223604.log,0,train,train,,loss,2140,5000,2191360,12107.9,3.270251
0,diloco_baseline,DiLoCo Full Sync,diloco_baseline_5000,/data/yzhu/megatron-lm-moe-exp/logs/moe1b_diloco_baseline_5000_seed42_20260320_223604.log,0,train,train,,loss,2150,5000,2201600,12107.1,3.249173
0,diloco_baseline,DiLoCo Full Sync,diloco_baseline_5000,/data/yzhu/megatron-lm-moe-exp/logs/moe1b_diloco_baseline_5000_seed42_20260320_223604.log,0,train,train,,loss,2160,5000,2211840,12104.5,3.237563
0,diloco_baseline,DiLoCo Full Sync,diloco_baseline_5000,/data/yzhu/megatron-lm-moe-exp/logs/moe1b_diloco_baseline_5000_seed42_20260320_223604.log,0,train,train,,loss,2170,5000,2222080,12090.3,3.259571
0,diloco_baseline,DiLoCo Full Sync,diloco_baseline_5000,/data/yzhu/megatron-lm-moe-exp/logs/moe1b_diloco_baseline_5000_seed42_20260320_223604.log,0,train,train,,loss,2180,5000,2232320,12087.3,3.224883
0,diloco_baseline,DiLoCo Full Sync,diloco_baseline_5000,/data/yzhu/megatron-lm-moe-exp/logs/moe1b_diloco_baseline_5000_seed42_20260320_223604.log,0,train,train,,loss,2190,5000,2242560,12074.8,3.250315
0,diloco_baseline,DiLoCo Full Sync,diloco_baseline_5000,/data/yzhu/megatron-lm-moe-exp/logs/moe1b_diloco_baseline_5000_seed42_20260320_223604.log,0,train,train,,loss,2200,5000,2252800,13892.8,3.233369
0,diloco_baseline,DiLoCo Full Sync,diloco_baseline_5000,/data/yzhu/megatron-lm-moe-exp/logs/moe1b_diloco_baseline_5000_seed42_20260320_223604.log,0,train,train,,loss,2210,5000,2263040,12117.1,3.241451
0,diloco_baseline,DiLoCo Full Sync,diloco_baseline_5000,/data/yzhu/megatron-lm-moe-exp/logs/moe1b_diloco_baseline_5000_seed42_20260320_223604.log,0,train,train,,loss,2220,5000,2273280,12065.5,3.253483
0,diloco_baseline,DiLoCo Full Sync,diloco_baseline_5000,/data/yzhu/megatron-lm-moe-exp/logs/moe1b_diloco_baseline_5000_seed42_20260320_223604.log,0,train,train,,loss,2230,5000,2283520,12084.9,3.244761
0,diloco_baseline,DiLoCo Full Sync,diloco_baseline_5000,/data/yzhu/megatron-lm-moe-exp/logs/moe1b_diloco_baseline_5000_seed42_20260320_223604.log,0,train,train,,loss,2240,5000,2293760,12083.9,3.240388
0,diloco_baseline,DiLoCo Full Sync,diloco_baseline_5000,/data/yzhu/megatron-lm-moe-exp/logs/moe1b_diloco_baseline_5000_seed42_20260320_223604.log,0,train,train,,loss,2250,5000,2304000,12074.6,3.232747
0,diloco_baseline,DiLoCo Full Sync,diloco_baseline_5000,/data/yzhu/megatron-lm-moe-exp/logs/moe1b_diloco_baseline_5000_seed42_20260320_223604.log,0,train,train,,loss,2260,5000,2314240,11748.9,3.221432
0,diloco_baseline,DiLoCo Full Sync,diloco_baseline_5000,/data/yzhu/megatron-lm-moe-exp/logs/moe1b_diloco_baseline_5000_seed42_20260320_223604.log,0,train,train,,loss,2270,5000,2324480,11422.6,3.22042
0,diloco_baseline,DiLoCo Full Sync,diloco_baseline_5000,/data/yzhu/megatron-lm-moe-exp/logs/moe1b_diloco_baseline_5000_seed42_20260320_223604.log,0,train,train,,loss,2280,5000,2334720,11674.4,3.227987
0,diloco_baseline,DiLoCo Full Sync,diloco_baseline_5000,/data/yzhu/megatron-lm-moe-exp/logs/moe1b_diloco_baseline_5000_seed42_20260320_223604.log,0,train,train,,loss,2290,5000,2344960,12101.6,3.246801
0,diloco_baseline,DiLoCo Full Sync,diloco_baseline_5000,/data/yzhu/megatron-lm-moe-exp/logs/moe1b_diloco_baseline_5000_seed42_20260320_223604.log,0,train,train,,loss,2300,5000,2355200,13956.4,3.232669
0,diloco_baseline,DiLoCo Full Sync,diloco_baseline_5000,/data/yzhu/megatron-lm-moe-exp/logs/moe1b_diloco_baseline_5000_seed42_20260320_223604.log,0,train,train,,loss,2310,5000,2365440,12069.1,3.222861
0,diloco_baseline,DiLoCo Full Sync,diloco_baseline_5000,/data/yzhu/megatron-lm-moe-exp/logs/moe1b_diloco_baseline_5000_seed42_20260320_223604.log,0,train,train,,loss,2320,5000,2375680,12085.6,3.235697
0,diloco_baseline,DiLoCo Full Sync,diloco_baseline_5000,/data/yzhu/megatron-lm-moe-exp/logs/moe1b_diloco_baseline_5000_seed42_20260320_223604.log,0,train,train,,loss,2330,5000,2385920,12081.2,3.221581
0,diloco_baseline,DiLoCo Full Sync,diloco_baseline_5000,/data/yzhu/megatron-lm-moe-exp/logs/moe1b_diloco_baseline_5000_seed42_20260320_223604.log,0,train,train,,loss,2340,5000,2396160,12095.4,3.211972
0,diloco_baseline,DiLoCo Full Sync,diloco_baseline_5000,/data/yzhu/megatron-lm-moe-exp/logs/moe1b_diloco_baseline_5000_seed42_20260320_223604.log,0,train,train,,loss,2350,5000,2406400,12083.4,3.205129
0,diloco_baseline,DiLoCo Full Sync,diloco_baseline_5000,/data/yzhu/megatron-lm-moe-exp/logs/moe1b_diloco_baseline_5000_seed42_20260320_223604.log,0,train,train,,loss,2360,5000,2416640,12098.4,3.213568
0,diloco_baseline,DiLoCo Full Sync,diloco_baseline_5000,/data/yzhu/megatron-lm-moe-exp/logs/moe1b_diloco_baseline_5000_seed42_20260320_223604.log,0,train,train,,loss,2370,5000,2426880,12077.6,3.233714
0,diloco_baseline,DiLoCo Full Sync,diloco_baseline_5000,/data/yzhu/megatron-lm-moe-exp/logs/moe1b_diloco_baseline_5000_seed42_20260320_223604.log,0,train,train,,loss,2380,5000,2437120,12100.5,3.203288
0,diloco_baseline,DiLoCo Full Sync,diloco_baseline_5000,/data/yzhu/megatron-lm-moe-exp/logs/moe1b_diloco_baseline_5000_seed42_20260320_223604.log,0,train,train,,loss,2390,5000,2447360,12097.1,3.210159
0,diloco_baseline,DiLoCo Full Sync,diloco_baseline_5000,/data/yzhu/megatron-lm-moe-exp/logs/moe1b_diloco_baseline_5000_seed42_20260320_223604.log,0,train,train,,loss,2400,5000,2457600,13963.6,3.19595
0,diloco_baseline,DiLoCo Full Sync,diloco_baseline_5000,/data/yzhu/megatron-lm-moe-exp/logs/moe1b_diloco_baseline_5000_seed42_20260320_223604.log,0,train,train,,loss,2410,5000,2467840,12079.7,3.220216
0,diloco_baseline,DiLoCo Full Sync,diloco_baseline_5000,/data/yzhu/megatron-lm-moe-exp/logs/moe1b_diloco_baseline_5000_seed42_20260320_223604.log,0,train,train,,loss,2420,5000,2478080,12067.2,3.204052
0,diloco_baseline,DiLoCo Full Sync,diloco_baseline_5000,/data/yzhu/megatron-lm-moe-exp/logs/moe1b_diloco_baseline_5000_seed42_20260320_223604.log,0,train,train,,loss,2430,5000,2488320,12089.8,3.220222
0,diloco_baseline,DiLoCo Full Sync,diloco_baseline_5000,/data/yzhu/megatron-lm-moe-exp/logs/moe1b_diloco_baseline_5000_seed42_20260320_223604.log,0,train,train,,loss,2440,5000,2498560,12092.6,3.213872
0,diloco_baseline,DiLoCo Full Sync,diloco_baseline_5000,/data/yzhu/megatron-lm-moe-exp/logs/moe1b_diloco_baseline_5000_seed42_20260320_223604.log,0,train,train,,loss,2450,5000,2508800,12090.1,3.204803
0,diloco_baseline,DiLoCo Full Sync,diloco_baseline_5000,/data/yzhu/megatron-lm-moe-exp/logs/moe1b_diloco_baseline_5000_seed42_20260320_223604.log,0,train,train,,loss,2460,5000,2519040,12096.2,3.207412
0,diloco_baseline,DiLoCo Full Sync,diloco_baseline_5000,/data/yzhu/megatron-lm-moe-exp/logs/moe1b_diloco_baseline_5000_seed42_20260320_223604.log,0,train,train,,loss,2470,5000,2529280,12085.2,3.195138
0,diloco_baseline,DiLoCo Full Sync,diloco_baseline_5000,/data/yzhu/megatron-lm-moe-exp/logs/moe1b_diloco_baseline_5000_seed42_20260320_223604.log,0,train,train,,loss,2480,5000,2539520,12093.9,3.196398
0,diloco_baseline,DiLoCo Full Sync,diloco_baseline_5000,/data/yzhu/megatron-lm-moe-exp/logs/moe1b_diloco_baseline_5000_seed42_20260320_223604.log,0,train,train,,loss,2490,5000,2549760,12090.2,3.20724
0,diloco_baseline,DiLoCo Full Sync,diloco_baseline_5000,/data/yzhu/megatron-lm-moe-exp/logs/moe1b_diloco_baseline_5000_seed42_20260320_223604.log,0,train,train,,loss,2500,5000,2560000,14086.7,3.209508
0,diloco_baseline,DiLoCo Full Sync,diloco_baseline_5000,/data/yzhu/megatron-lm-moe-exp/logs/moe1b_diloco_baseline_5000_seed42_20260320_223604.log,0,train,train,,loss,2510,5000,2570240,12108.5,3.223037
0,diloco_baseline,DiLoCo Full Sync,diloco_baseline_5000,/data/yzhu/megatron-lm-moe-exp/logs/moe1b_diloco_baseline_5000_seed42_20260320_223604.log,0,train,train,,loss,2520,5000,2580480,12104.3,3.205395
0,diloco_baseline,DiLoCo Full Sync,diloco_baseline_5000,/data/yzhu/megatron-lm-moe-exp/logs/moe1b_diloco_baseline_5000_seed42_20260320_223604.log,0,train,train,,loss,2530,5000,2590720,12077.2,3.195338
0,diloco_baseline,DiLoCo Full Sync,diloco_baseline_5000,/data/yzhu/megatron-lm-moe-exp/logs/moe1b_diloco_baseline_5000_seed42_20260320_223604.log,0,train,train,,loss,2540,5000,2600960,12094.3,3.203315
0,diloco_baseline,DiLoCo Full Sync,diloco_baseline_5000,/data/yzhu/megatron-lm-moe-exp/logs/moe1b_diloco_baseline_5000_seed42_20260320_223604.log,0,train,train,,loss,2550,5000,2611200,12097.7,3.195503
0,diloco_baseline,DiLoCo Full Sync,diloco_baseline_5000,/data/yzhu/megatron-lm-moe-exp/logs/moe1b_diloco_baseline_5000_seed42_20260320_223604.log,0,train,train,,loss,2560,5000,2621440,12047.4,3.18176
0,diloco_baseline,DiLoCo Full Sync,diloco_baseline_5000,/data/yzhu/megatron-lm-moe-exp/logs/moe1b_diloco_baseline_5000_seed42_20260320_223604.log,0,train,train,,loss,2570,5000,2631680,11426.3,3.18928
0,diloco_baseline,DiLoCo Full Sync,diloco_baseline_5000,/data/yzhu/megatron-lm-moe-exp/logs/moe1b_diloco_baseline_5000_seed42_20260320_223604.log,0,train,train,,loss,2580,5000,2641920,11302.7,3.199618
0,diloco_baseline,DiLoCo Full Sync,diloco_baseline_5000,/data/yzhu/megatron-lm-moe-exp/logs/moe1b_diloco_baseline_5000_seed42_20260320_223604.log,0,train,train,,loss,2590,5000,2652160,6849.4,3.184269
0,diloco_baseline,DiLoCo Full Sync,diloco_baseline_5000,/data/yzhu/megatron-lm-moe-exp/logs/moe1b_diloco_baseline_5000_seed42_20260320_223604.log,0,train,train,,loss,2600,5000,2662400,7378.9,3.182541
0,diloco_baseline,DiLoCo Full Sync,diloco_baseline_5000,/data/yzhu/megatron-lm-moe-exp/logs/moe1b_diloco_baseline_5000_seed42_20260320_223604.log,0,train,train,,loss,2610,5000,2672640,5651.9,3.195323
0,diloco_baseline,DiLoCo Full Sync,diloco_baseline_5000,/data/yzhu/megatron-lm-moe-exp/logs/moe1b_diloco_baseline_5000_seed42_20260320_223604.log,0,train,train,,loss,2620,5000,2682880,5690.3,3.194004
0,diloco_baseline,DiLoCo Full Sync,diloco_baseline_5000,/data/yzhu/megatron-lm-moe-exp/logs/moe1b_diloco_baseline_5000_seed42_20260320_223604.log,0,train,train,,loss,2630,5000,2693120,5682.9,3.208202
0,diloco_baseline,DiLoCo Full Sync,diloco_baseline_5000,/data/yzhu/megatron-lm-moe-exp/logs/moe1b_diloco_baseline_5000_seed42_20260320_223604.log,0,train,train,,loss,2640,5000,2703360,5686.1,3.175342
0,diloco_baseline,DiLoCo Full Sync,diloco_baseline_5000,/data/yzhu/megatron-lm-moe-exp/logs/moe1b_diloco_baseline_5000_seed42_20260320_223604.log,0,train,train,,loss,2650,5000,2713600,5698.8,3.174331
0,diloco_baseline,DiLoCo Full Sync,diloco_baseline_5000,/data/yzhu/megatron-lm-moe-exp/logs/moe1b_diloco_baseline_5000_seed42_20260320_223604.log,0,train,train,,loss,2660,5000,2723840,5684.0,3.185113
0,diloco_baseline,DiLoCo Full Sync,diloco_baseline_5000,/data/yzhu/megatron-lm-moe-exp/logs/moe1b_diloco_baseline_5000_seed42_20260320_223604.log,0,train,train,,loss,2670,5000,2734080,5694.2,3.188108
0,diloco_baseline,DiLoCo Full Sync,diloco_baseline_5000,/data/yzhu/megatron-lm-moe-exp/logs/moe1b_diloco_baseline_5000_seed42_20260320_223604.log,0,train,train,,loss,2680,5000,2744320,5678.9,3.182352
0,diloco_baseline,DiLoCo Full Sync,diloco_baseline_5000,/data/yzhu/megatron-lm-moe-exp/logs/moe1b_diloco_baseline_5000_seed42_20260320_223604.log,0,train,train,,loss,2690,5000,2754560,5693.2,3.183219
0,diloco_baseline,DiLoCo Full Sync,diloco_baseline_5000,/data/yzhu/megatron-lm-moe-exp/logs/moe1b_diloco_baseline_5000_seed42_20260320_223604.log,0,train,train,,loss,2700,5000,2764800,7382.6,3.1889
0,diloco_baseline,DiLoCo Full Sync,diloco_baseline_5000,/data/yzhu/megatron-lm-moe-exp/logs/moe1b_diloco_baseline_5000_seed42_20260320_223604.log,0,train,train,,loss,2710,5000,2775040,5676.6,3.186
0,diloco_baseline,DiLoCo Full Sync,diloco_baseline_5000,/data/yzhu/megatron-lm-moe-exp/logs/moe1b_diloco_baseline_5000_seed42_20260320_223604.log,0,train,train,,loss,2720,5000,2785280,5680.4,3.174599
0,diloco_baseline,DiLoCo Full Sync,diloco_baseline_5000,/data/yzhu/megatron-lm-moe-exp/logs/moe1b_diloco_baseline_5000_seed42_20260320_223604.log,0,train,train,,loss,2730,5000,2795520,5689.2,3.182999
0,diloco_baseline,DiLoCo Full Sync,diloco_baseline_5000,/data/yzhu/megatron-lm-moe-exp/logs/moe1b_diloco_baseline_5000_seed42_20260320_223604.log,0,train,train,,loss,2740,5000,2805760,5698.7,3.166412
0,diloco_baseline,DiLoCo Full Sync,diloco_baseline_5000,/data/yzhu/megatron-lm-moe-exp/logs/moe1b_diloco_baseline_5000_seed42_20260320_223604.log,0,train,train,,loss,2750,5000,2816000,5682.1,3.166152
0,diloco_baseline,DiLoCo Full Sync,diloco_baseline_5000,/data/yzhu/megatron-lm-moe-exp/logs/moe1b_diloco_baseline_5000_seed42_20260320_223604.log,0,train,train,,loss,2760,5000,2826240,5690.2,3.17395
0,diloco_baseline,DiLoCo Full Sync,diloco_baseline_5000,/data/yzhu/megatron-lm-moe-exp/logs/moe1b_diloco_baseline_5000_seed42_20260320_223604.log,0,train,train,,loss,2770,5000,2836480,5671.1,3.165936
0,diloco_baseline,DiLoCo Full Sync,diloco_baseline_5000,/data/yzhu/megatron-lm-moe-exp/logs/moe1b_diloco_baseline_5000_seed42_20260320_223604.log,0,train,train,,loss,2780,5000,2846720,5673.2,3.177215
0,diloco_baseline,DiLoCo Full Sync,diloco_baseline_5000,/data/yzhu/megatron-lm-moe-exp/logs/moe1b_diloco_baseline_5000_seed42_20260320_223604.log,0,train,train,,loss,2790,5000,2856960,5686.7,3.182076
0,diloco_baseline,DiLoCo Full Sync,diloco_baseline_5000,/data/yzhu/megatron-lm-moe-exp/logs/moe1b_diloco_baseline_5000_seed42_20260320_223604.log,0,train,train,,loss,2800,5000,2867200,7335.8,3.187826
0,diloco_baseline,DiLoCo Full Sync,diloco_baseline_5000,/data/yzhu/megatron-lm-moe-exp/logs/moe1b_diloco_baseline_5000_seed42_20260320_223604.log,0,train,train,,loss,2810,5000,2877440,5671.5,3.174057
0,diloco_baseline,DiLoCo Full Sync,diloco_baseline_5000,/data/yzhu/megatron-lm-moe-exp/logs/moe1b_diloco_baseline_5000_seed42_20260320_223604.log,0,train,train,,loss,2820,5000,2887680,5677.1,3.160639
0,diloco_baseline,DiLoCo Full Sync,diloco_baseline_5000,/data/yzhu/megatron-lm-moe-exp/logs/moe1b_diloco_baseline_5000_seed42_20260320_223604.log,0,train,train,,loss,2830,5000,2897920,5682.4,3.161959
0,diloco_baseline,DiLoCo Full Sync,diloco_baseline_5000,/data/yzhu/megatron-lm-moe-exp/logs/moe1b_diloco_baseline_5000_seed42_20260320_223604.log,0,train,train,,loss,2840,5000,2908160,5699.7,3.170139
0,diloco_baseline,DiLoCo Full Sync,diloco_baseline_5000,/data/yzhu/megatron-lm-moe-exp/logs/moe1b_diloco_baseline_5000_seed42_20260320_223604.log,0,train,train,,loss,2850,5000,2918400,5691.4,3.143842
0,diloco_baseline,DiLoCo Full Sync,diloco_baseline_5000,/data/yzhu/megatron-lm-moe-exp/logs/moe1b_diloco_baseline_5000_seed42_20260320_223604.log,0,train,train,,loss,2860,5000,2928640,5698.2,3.160888
0,diloco_baseline,DiLoCo Full Sync,diloco_baseline_5000,/data/yzhu/megatron-lm-moe-exp/logs/moe1b_diloco_baseline_5000_seed42_20260320_223604.log,0,train,train,,loss,2870,5000,2938880,5683.8,3.161801
0,diloco_baseline,DiLoCo Full Sync,diloco_baseline_5000,/data/yzhu/megatron-lm-moe-exp/logs/moe1b_diloco_baseline_5000_seed42_20260320_223604.log,0,train,train,,loss,2880,5000,2949120,5690.3,3.149763
0,diloco_baseline,DiLoCo Full Sync,diloco_baseline_5000,/data/yzhu/megatron-lm-moe-exp/logs/moe1b_diloco_baseline_5000_seed42_20260320_223604.log,0,train,train,,loss,2890,5000,2959360,5679.6,3.156347
0,diloco_baseline,DiLoCo Full Sync,diloco_baseline_5000,/data/yzhu/megatron-lm-moe-exp/logs/moe1b_diloco_baseline_5000_seed42_20260320_223604.log,0,train,train,,loss,2900,5000,2969600,7323.2,3.152646
0,diloco_baseline,DiLoCo Full Sync,diloco_baseline_5000,/data/yzhu/megatron-lm-moe-exp/logs/moe1b_diloco_baseline_5000_seed42_20260320_223604.log,0,train,train,,loss,2910,5000,2979840,5657.8,3.151641
0,diloco_baseline,DiLoCo Full Sync,diloco_baseline_5000,/data/yzhu/megatron-lm-moe-exp/logs/moe1b_diloco_baseline_5000_seed42_20260320_223604.log,0,train,train,,loss,2920,5000,2990080,5692.1,3.156655
0,diloco_baseline,DiLoCo Full Sync,diloco_baseline_5000,/data/yzhu/megatron-lm-moe-exp/logs/moe1b_diloco_baseline_5000_seed42_20260320_223604.log,0,train,train,,loss,2930,5000,3000320,5685.4,3.159904
0,diloco_baseline,DiLoCo Full Sync,diloco_baseline_5000,/data/yzhu/megatron-lm-moe-exp/logs/moe1b_diloco_baseline_5000_seed42_20260320_223604.log,0,train,train,,loss,2940,5000,3010560,5696.7,3.167123
0,diloco_baseline,DiLoCo Full Sync,diloco_baseline_5000,/data/yzhu/megatron-lm-moe-exp/logs/moe1b_diloco_baseline_5000_seed42_20260320_223604.log,0,train,train,,loss,2950,5000,3020800,5678.8,3.162202
0,diloco_baseline,DiLoCo Full Sync,diloco_baseline_5000,/data/yzhu/megatron-lm-moe-exp/logs/moe1b_diloco_baseline_5000_seed42_20260320_223604.log,0,train,train,,loss,2960,5000,3031040,5681.0,3.140976
0,diloco_baseline,DiLoCo Full Sync,diloco_baseline_5000,/data/yzhu/megatron-lm-moe-exp/logs/moe1b_diloco_baseline_5000_seed42_20260320_223604.log,0,train,train,,loss,2970,5000,3041280,5688.4,3.147193
0,diloco_baseline,DiLoCo Full Sync,diloco_baseline_5000,/data/yzhu/megatron-lm-moe-exp/logs/moe1b_diloco_baseline_5000_seed42_20260320_223604.log,0,train,train,,loss,2980,5000,3051520,5683.2,3.149561
0,diloco_baseline,DiLoCo Full Sync,diloco_baseline_5000,/data/yzhu/megatron-lm-moe-exp/logs/moe1b_diloco_baseline_5000_seed42_20260320_223604.log,0,train,train,,loss,2990,5000,3061760,5692.2,3.159932
0,diloco_baseline,DiLoCo Full Sync,diloco_baseline_5000,/data/yzhu/megatron-lm-moe-exp/logs/moe1b_diloco_baseline_5000_seed42_20260320_223604.log,0,train,train,,loss,3000,5000,3072000,7338.8,3.137282
0,diloco_baseline,DiLoCo Full Sync,diloco_baseline_5000,/data/yzhu/megatron-lm-moe-exp/logs/moe1b_diloco_baseline_5000_seed42_20260320_223604.log,0,train,train,,loss,3010,5000,3082240,8925.6,3.147797
0,diloco_baseline,DiLoCo Full Sync,diloco_baseline_5000,/data/yzhu/megatron-lm-moe-exp/logs/moe1b_diloco_baseline_5000_seed42_20260320_223604.log,0,train,train,,loss,3020,5000,3092480,9638.0,3.139661
0,diloco_baseline,DiLoCo Full Sync,diloco_baseline_5000,/data/yzhu/megatron-lm-moe-exp/logs/moe1b_diloco_baseline_5000_seed42_20260320_223604.log,0,train,train,,loss,3030,5000,3102720,8225.7,3.158632
0,diloco_baseline,DiLoCo Full Sync,diloco_baseline_5000,/data/yzhu/megatron-lm-moe-exp/logs/moe1b_diloco_baseline_5000_seed42_20260320_223604.log,0,train,train,,loss,3040,5000,3112960,8797.1,3.125844
0,diloco_baseline,DiLoCo Full Sync,diloco_baseline_5000,/data/yzhu/megatron-lm-moe-exp/logs/moe1b_diloco_baseline_5000_seed42_20260320_223604.log,0,train,train,,loss,3050,5000,3123200,9336.4,3.132714
0,diloco_baseline,DiLoCo Full Sync,diloco_baseline_5000,/data/yzhu/megatron-lm-moe-exp/logs/moe1b_diloco_baseline_5000_seed42_20260320_223604.log,0,train,train,,loss,3060,5000,3133440,9596.8,3.150099
0,diloco_baseline,DiLoCo Full Sync,diloco_baseline_5000,/data/yzhu/megatron-lm-moe-exp/logs/moe1b_diloco_baseline_5000_seed42_20260320_223604.log,0,train,train,,loss,3070,5000,3143680,9045.9,3.152982
0,diloco_baseline,DiLoCo Full Sync,diloco_baseline_5000,/data/yzhu/megatron-lm-moe-exp/logs/moe1b_diloco_baseline_5000_seed42_20260320_223604.log,0,train,train,,loss,3080,5000,3153920,6179.7,3.134625
0,diloco_baseline,DiLoCo Full Sync,diloco_baseline_5000,/data/yzhu/megatron-lm-moe-exp/logs/moe1b_diloco_baseline_5000_seed42_20260320_223604.log,0,train,train,,loss,3090,5000,3164160,5692.8,3.140843
0,diloco_baseline,DiLoCo Full Sync,diloco_baseline_5000,/data/yzhu/megatron-lm-moe-exp/logs/moe1b_diloco_baseline_5000_seed42_20260320_223604.log,0,train,train,,loss,3100,5000,3174400,7594.3,3.130853
0,diloco_baseline,DiLoCo Full Sync,diloco_baseline_5000,/data/yzhu/megatron-lm-moe-exp/logs/moe1b_diloco_baseline_5000_seed42_20260320_223604.log,0,train,train,,loss,3110,5000,3184640,5680.9,3.140991
0,diloco_baseline,DiLoCo Full Sync,diloco_baseline_5000,/data/yzhu/megatron-lm-moe-exp/logs/moe1b_diloco_baseline_5000_seed42_20260320_223604.log,0,train,train,,loss,3120,5000,3194880,5679.9,3.144909
0,diloco_baseline,DiLoCo Full Sync,diloco_baseline_5000,/data/yzhu/megatron-lm-moe-exp/logs/moe1b_diloco_baseline_5000_seed42_20260320_223604.log,0,train,train,,loss,3130,5000,3205120,5688.9,3.153672
0,diloco_baseline,DiLoCo Full Sync,diloco_baseline_5000,/data/yzhu/megatron-lm-moe-exp/logs/moe1b_diloco_baseline_5000_seed42_20260320_223604.log,0,train,train,,loss,3140,5000,3215360,5698.7,3.13151
0,diloco_baseline,DiLoCo Full Sync,diloco_baseline_5000,/data/yzhu/megatron-lm-moe-exp/logs/moe1b_diloco_baseline_5000_seed42_20260320_223604.log,0,train,train,,loss,3150,5000,3225600,5680.0,3.156314
0,diloco_baseline,DiLoCo Full Sync,diloco_baseline_5000,/data/yzhu/megatron-lm-moe-exp/logs/moe1b_diloco_baseline_5000_seed42_20260320_223604.log,0,train,train,,loss,3160,5000,3235840,5693.1,3.134975
0,diloco_baseline,DiLoCo Full Sync,diloco_baseline_5000,/data/yzhu/megatron-lm-moe-exp/logs/moe1b_diloco_baseline_5000_seed42_20260320_223604.log,0,train,train,,loss,3170,5000,3246080,5678.2,3.147633
0,diloco_baseline,DiLoCo Full Sync,diloco_baseline_5000,/data/yzhu/megatron-lm-moe-exp/logs/moe1b_diloco_baseline_5000_seed42_20260320_223604.log,0,train,train,,loss,3180,5000,3256320,5691.3,3.133195
0,diloco_baseline,DiLoCo Full Sync,diloco_baseline_5000,/data/yzhu/megatron-lm-moe-exp/logs/moe1b_diloco_baseline_5000_seed42_20260320_223604.log,0,train,train,,loss,3190,5000,3266560,5677.7,3.117408
0,diloco_baseline,DiLoCo Full Sync,diloco_baseline_5000,/data/yzhu/megatron-lm-moe-exp/logs/moe1b_diloco_baseline_5000_seed42_20260320_223604.log,0,train,train,,loss,3200,5000,3276800,7372.5,3.129006
0,diloco_baseline,DiLoCo Full Sync,diloco_baseline_5000,/data/yzhu/megatron-lm-moe-exp/logs/moe1b_diloco_baseline_5000_seed42_20260320_223604.log,0,train,train,,loss,3210,5000,3287040,5665.8,3.132851
0,diloco_baseline,DiLoCo Full Sync,diloco_baseline_5000,/data/yzhu/megatron-lm-moe-exp/logs/moe1b_diloco_baseline_5000_seed42_20260320_223604.log,0,train,train,,loss,3220,5000,3297280,5682.9,3.130457
0,diloco_baseline,DiLoCo Full Sync,diloco_baseline_5000,/data/yzhu/megatron-lm-moe-exp/logs/moe1b_diloco_baseline_5000_seed42_20260320_223604.log,0,train,train,,loss,3230,5000,3307520,5696.8,3.128035
0,diloco_baseline,DiLoCo Full Sync,diloco_baseline_5000,/data/yzhu/megatron-lm-moe-exp/logs/moe1b_diloco_baseline_5000_seed42_20260320_223604.log,0,train,train,,loss,3240,5000,3317760,5686.3,3.145012
0,diloco_baseline,DiLoCo Full Sync,diloco_baseline_5000,/data/yzhu/megatron-lm-moe-exp/logs/moe1b_diloco_baseline_5000_seed42_20260320_223604.log,0,train,train,,loss,3250,5000,3328000,5697.5,3.131747
0,diloco_baseline,DiLoCo Full Sync,diloco_baseline_5000,/data/yzhu/megatron-lm-moe-exp/logs/moe1b_diloco_baseline_5000_seed42_20260320_223604.log,0,train,train,,loss,3260,5000,3338240,5683.8,3.120109
0,diloco_baseline,DiLoCo Full Sync,diloco_baseline_5000,/data/yzhu/megatron-lm-moe-exp/logs/moe1b_diloco_baseline_5000_seed42_20260320_223604.log,0,train,train,,loss,3270,5000,3348480,5687.9,3.141385
0,diloco_baseline,DiLoCo Full Sync,diloco_baseline_5000,/data/yzhu/megatron-lm-moe-exp/logs/moe1b_diloco_baseline_5000_seed42_20260320_223604.log,0,train,train,,loss,3280,5000,3358720,5672.6,3.134993
0,diloco_baseline,DiLoCo Full Sync,diloco_baseline_5000,/data/yzhu/megatron-lm-moe-exp/logs/moe1b_diloco_baseline_5000_seed42_20260320_223604.log,0,train,train,,loss,3290,5000,3368960,5671.5,3.123517
0,diloco_baseline,DiLoCo Full Sync,diloco_baseline_5000,/data/yzhu/megatron-lm-moe-exp/logs/moe1b_diloco_baseline_5000_seed42_20260320_223604.log,0,train,train,,loss,3300,5000,3379200,7345.4,3.110593
0,diloco_baseline,DiLoCo Full Sync,diloco_baseline_5000,/data/yzhu/megatron-lm-moe-exp/logs/moe1b_diloco_baseline_5000_seed42_20260320_223604.log,0,train,train,,loss,3310,5000,3389440,5664.0,3.133505
0,diloco_baseline,DiLoCo Full Sync,diloco_baseline_5000,/data/yzhu/megatron-lm-moe-exp/logs/moe1b_diloco_baseline_5000_seed42_20260320_223604.log,0,train,train,,loss,3320,5000,3399680,5688.9,3.127366
0,diloco_baseline,DiLoCo Full Sync,diloco_baseline_5000,/data/yzhu/megatron-lm-moe-exp/logs/moe1b_diloco_baseline_5000_seed42_20260320_223604.log,0,train,train,,loss,3330,5000,3409920,5680.7,3.140699
0,diloco_baseline,DiLoCo Full Sync,diloco_baseline_5000,/data/yzhu/megatron-lm-moe-exp/logs/moe1b_diloco_baseline_5000_seed42_20260320_223604.log,0,train,train,,loss,3340,5000,3420160,5683.9,3.12936
0,diloco_baseline,DiLoCo Full Sync,diloco_baseline_5000,/data/yzhu/megatron-lm-moe-exp/logs/moe1b_diloco_baseline_5000_seed42_20260320_223604.log,0,train,train,,loss,3350,5000,3430400,5689.5,3.129855
0,diloco_baseline,DiLoCo Full Sync,diloco_baseline_5000,/data/yzhu/megatron-lm-moe-exp/logs/moe1b_diloco_baseline_5000_seed42_20260320_223604.log,0,train,train,,loss,3360,5000,3440640,5678.4,3.110958
0,diloco_baseline,DiLoCo Full Sync,diloco_baseline_5000,/data/yzhu/megatron-lm-moe-exp/logs/moe1b_diloco_baseline_5000_seed42_20260320_223604.log,0,train,train,,loss,3370,5000,3450880,5670.4,3.124565
0,diloco_baseline,DiLoCo Full Sync,diloco_baseline_5000,/data/yzhu/megatron-lm-moe-exp/logs/moe1b_diloco_baseline_5000_seed42_20260320_223604.log,0,train,train,,loss,3380,5000,3461120,5677.6,3.113513
0,diloco_baseline,DiLoCo Full Sync,diloco_baseline_5000,/data/yzhu/megatron-lm-moe-exp/logs/moe1b_diloco_baseline_5000_seed42_20260320_223604.log,0,train,train,,loss,3390,5000,3471360,5662.3,3.121455
0,diloco_baseline,DiLoCo Full Sync,diloco_baseline_5000,/data/yzhu/megatron-lm-moe-exp/logs/moe1b_diloco_baseline_5000_seed42_20260320_223604.log,0,train,train,,loss,3400,5000,3481600,7328.0,3.10788
0,diloco_baseline,DiLoCo Full Sync,diloco_baseline_5000,/data/yzhu/megatron-lm-moe-exp/logs/moe1b_diloco_baseline_5000_seed42_20260320_223604.log,0,train,train,,loss,3410,5000,3491840,5676.9,3.130573
0,diloco_baseline,DiLoCo Full Sync,diloco_baseline_5000,/data/yzhu/megatron-lm-moe-exp/logs/moe1b_diloco_baseline_5000_seed42_20260320_223604.log,0,train,train,,loss,3420,5000,3502080,5677.6,3.117188
0,diloco_baseline,DiLoCo Full Sync,diloco_baseline_5000,/data/yzhu/megatron-lm-moe-exp/logs/moe1b_diloco_baseline_5000_seed42_20260320_223604.log,0,train,train,,loss,3430,5000,3512320,5697.2,3.11711
0,diloco_baseline,DiLoCo Full Sync,diloco_baseline_5000,/data/yzhu/megatron-lm-moe-exp/logs/moe1b_diloco_baseline_5000_seed42_20260320_223604.log,0,train,train,,loss,3440,5000,3522560,5682.0,3.101757
0,diloco_baseline,DiLoCo Full Sync,diloco_baseline_5000,/data/yzhu/megatron-lm-moe-exp/logs/moe1b_diloco_baseline_5000_seed42_20260320_223604.log,0,train,train,,loss,3450,5000,3532800,5681.5,3.130313
0,diloco_baseline,DiLoCo Full Sync,diloco_baseline_5000,/data/yzhu/megatron-lm-moe-exp/logs/moe1b_diloco_baseline_5000_seed42_20260320_223604.log,0,train,train,,loss,3460,5000,3543040,5689.8,3.118444
0,diloco_baseline,DiLoCo Full Sync,diloco_baseline_5000,/data/yzhu/megatron-lm-moe-exp/logs/moe1b_diloco_baseline_5000_seed42_20260320_223604.log,0,train,train,,loss,3470,5000,3553280,5676.4,3.113451
0,diloco_baseline,DiLoCo Full Sync,diloco_baseline_5000,/data/yzhu/megatron-lm-moe-exp/logs/moe1b_diloco_baseline_5000_seed42_20260320_223604.log,0,train,train,,loss,3480,5000,3563520,5687.7,3.131376
0,diloco_baseline,DiLoCo Full Sync,diloco_baseline_5000,/data/yzhu/megatron-lm-moe-exp/logs/moe1b_diloco_baseline_5000_seed42_20260320_223604.log,0,train,train,,loss,3490,5000,3573760,5673.7,3.106579
0,diloco_baseline,DiLoCo Full Sync,diloco_baseline_5000,/data/yzhu/megatron-lm-moe-exp/logs/moe1b_diloco_baseline_5000_seed42_20260320_223604.log,0,train,train,,loss,3500,5000,3584000,7379.0,3.120682
0,diloco_baseline,DiLoCo Full Sync,diloco_baseline_5000,/data/yzhu/megatron-lm-moe-exp/logs/moe1b_diloco_baseline_5000_seed42_20260320_223604.log,0,train,train,,loss,3510,5000,3594240,5692.6,3.116833
0,diloco_baseline,DiLoCo Full Sync,diloco_baseline_5000,/data/yzhu/megatron-lm-moe-exp/logs/moe1b_diloco_baseline_5000_seed42_20260320_223604.log,0,train,train,,loss,3520,5000,3604480,5678.9,3.104894
0,diloco_baseline,DiLoCo Full Sync,diloco_baseline_5000,/data/yzhu/megatron-lm-moe-exp/logs/moe1b_diloco_baseline_5000_seed42_20260320_223604.log,0,train,train,,loss,3530,5000,3614720,5693.0,3.096757
0,diloco_baseline,DiLoCo Full Sync,diloco_baseline_5000,/data/yzhu/megatron-lm-moe-exp/logs/moe1b_diloco_baseline_5000_seed42_20260320_223604.log,0,train,train,,loss,3540,5000,3624960,5679.5,3.121456
0,diloco_baseline,DiLoCo Full Sync,diloco_baseline_5000,/data/yzhu/megatron-lm-moe-exp/logs/moe1b_diloco_baseline_5000_seed42_20260320_223604.log,0,train,train,,loss,3550,5000,3635200,5679.7,3.1106
0,diloco_baseline,DiLoCo Full Sync,diloco_baseline_5000,/data/yzhu/megatron-lm-moe-exp/logs/moe1b_diloco_baseline_5000_seed42_20260320_223604.log,0,train,train,,loss,3560,5000,3645440,5681.0,3.094739
0,diloco_baseline,DiLoCo Full Sync,diloco_baseline_5000,/data/yzhu/megatron-lm-moe-exp/logs/moe1b_diloco_baseline_5000_seed42_20260320_223604.log,0,train,train,,loss,3570,5000,3655680,5682.9,3.107098
0,diloco_baseline,DiLoCo Full Sync,diloco_baseline_5000,/data/yzhu/megatron-lm-moe-exp/logs/moe1b_diloco_baseline_5000_seed42_20260320_223604.log,0,train,train,,loss,3580,5000,3665920,5677.3,3.111115
0,diloco_baseline,DiLoCo Full Sync,diloco_baseline_5000,/data/yzhu/megatron-lm-moe-exp/logs/moe1b_diloco_baseline_5000_seed42_20260320_223604.log,0,train,train,,loss,3590,5000,3676160,5682.8,3.092913
0,diloco_baseline,DiLoCo Full Sync,diloco_baseline_5000,/data/yzhu/megatron-lm-moe-exp/logs/moe1b_diloco_baseline_5000_seed42_20260320_223604.log,0,train,train,,loss,3600,5000,3686400,7398.8,3.103254
0,diloco_baseline,DiLoCo Full Sync,diloco_baseline_5000,/data/yzhu/megatron-lm-moe-exp/logs/moe1b_diloco_baseline_5000_seed42_20260320_223604.log,0,train,train,,loss,3610,5000,3696640,5661.4,3.109132
0,diloco_baseline,DiLoCo Full Sync,diloco_baseline_5000,/data/yzhu/megatron-lm-moe-exp/logs/moe1b_diloco_baseline_5000_seed42_20260320_223604.log,0,train,train,,loss,3620,5000,3706880,5691.2,3.102168
0,diloco_baseline,DiLoCo Full Sync,diloco_baseline_5000,/data/yzhu/megatron-lm-moe-exp/logs/moe1b_diloco_baseline_5000_seed42_20260320_223604.log,0,train,train,,loss,3630,5000,3717120,5680.0,3.11467
0,diloco_baseline,DiLoCo Full Sync,diloco_baseline_5000,/data/yzhu/megatron-lm-moe-exp/logs/moe1b_diloco_baseline_5000_seed42_20260320_223604.log,0,train,train,,loss,3640,5000,3727360,5694.2,3.095821
0,diloco_baseline,DiLoCo Full Sync,diloco_baseline_5000,/data/yzhu/megatron-lm-moe-exp/logs/moe1b_diloco_baseline_5000_seed42_20260320_223604.log,0,train,train,,loss,3650,5000,3737600,5682.2,3.089228
0,diloco_baseline,DiLoCo Full Sync,diloco_baseline_5000,/data/yzhu/megatron-lm-moe-exp/logs/moe1b_diloco_baseline_5000_seed42_20260320_223604.log,0,train,train,,loss,3660,5000,3747840,5693.4,3.09441
0,diloco_baseline,DiLoCo Full Sync,diloco_baseline_5000,/data/yzhu/megatron-lm-moe-exp/logs/moe1b_diloco_baseline_5000_seed42_20260320_223604.log,0,train,train,,loss,3670,5000,3758080,5686.9,3.099501
0,diloco_baseline,DiLoCo Full Sync,diloco_baseline_5000,/data/yzhu/megatron-lm-moe-exp/logs/moe1b_diloco_baseline_5000_seed42_20260320_223604.log,0,train,train,,loss,3680,5000,3768320,5681.0,3.102891
0,diloco_baseline,DiLoCo Full Sync,diloco_baseline_5000,/data/yzhu/megatron-lm-moe-exp/logs/moe1b_diloco_baseline_5000_seed42_20260320_223604.log,0,train,train,,loss,3690,5000,3778560,5696.5,3.090739
0,diloco_baseline,DiLoCo Full Sync,diloco_baseline_5000,/data/yzhu/megatron-lm-moe-exp/logs/moe1b_diloco_baseline_5000_seed42_20260320_223604.log,0,train,train,,loss,3700,5000,3788800,7482.4,3.085119
0,diloco_baseline,DiLoCo Full Sync,diloco_baseline_5000,/data/yzhu/megatron-lm-moe-exp/logs/moe1b_diloco_baseline_5000_seed42_20260320_223604.log,0,train,train,,loss,3710,5000,3799040,5680.3,3.098768
0,diloco_baseline,DiLoCo Full Sync,diloco_baseline_5000,/data/yzhu/megatron-lm-moe-exp/logs/moe1b_diloco_baseline_5000_seed42_20260320_223604.log,0,train,train,,loss,3720,5000,3809280,5677.7,3.103514
0,diloco_baseline,DiLoCo Full Sync,diloco_baseline_5000,/data/yzhu/megatron-lm-moe-exp/logs/moe1b_diloco_baseline_5000_seed42_20260320_223604.log,0,train,train,,loss,3730,5000,3819520,5681.3,3.102311
0,diloco_baseline,DiLoCo Full Sync,diloco_baseline_5000,/data/yzhu/megatron-lm-moe-exp/logs/moe1b_diloco_baseline_5000_seed42_20260320_223604.log,0,train,train,,loss,3740,5000,3829760,5689.5,3.084183
0,diloco_baseline,DiLoCo Full Sync,diloco_baseline_5000,/data/yzhu/megatron-lm-moe-exp/logs/moe1b_diloco_baseline_5000_seed42_20260320_223604.log,0,train,train,,loss,3750,5000,3840000,5676.3,3.094696
0,diloco_baseline,DiLoCo Full Sync,diloco_baseline_5000,/data/yzhu/megatron-lm-moe-exp/logs/moe1b_diloco_baseline_5000_seed42_20260320_223604.log,0,train,train,,loss,3760,5000,3850240,5684.2,3.084477
0,diloco_baseline,DiLoCo Full Sync,diloco_baseline_5000,/data/yzhu/megatron-lm-moe-exp/logs/moe1b_diloco_baseline_5000_seed42_20260320_223604.log,0,train,train,,loss,3770,5000,3860480,5662.5,3.085443
0,diloco_baseline,DiLoCo Full Sync,diloco_baseline_5000,/data/yzhu/megatron-lm-moe-exp/logs/moe1b_diloco_baseline_5000_seed42_20260320_223604.log,0,train,train,,loss,3780,5000,3870720,5670.9,3.089577
0,diloco_baseline,DiLoCo Full Sync,diloco_baseline_5000,/data/yzhu/megatron-lm-moe-exp/logs/moe1b_diloco_baseline_5000_seed42_20260320_223604.log,0,train,train,,loss,3790,5000,3880960,5672.7,3.095762
0,diloco_baseline,DiLoCo Full Sync,diloco_baseline_5000,/data/yzhu/megatron-lm-moe-exp/logs/moe1b_diloco_baseline_5000_seed42_20260320_223604.log,0,train,train,,loss,3800,5000,3891200,7650.5,3.086595
0,diloco_baseline,DiLoCo Full Sync,diloco_baseline_5000,/data/yzhu/megatron-lm-moe-exp/logs/moe1b_diloco_baseline_5000_seed42_20260320_223604.log,0,train,train,,loss,3810,5000,3901440,5670.3,3.100878
0,diloco_baseline,DiLoCo Full Sync,diloco_baseline_5000,/data/yzhu/megatron-lm-moe-exp/logs/moe1b_diloco_baseline_5000_seed42_20260320_223604.log,0,train,train,,loss,3820,5000,3911680,5686.8,3.103563
0,diloco_baseline,DiLoCo Full Sync,diloco_baseline_5000,/data/yzhu/megatron-lm-moe-exp/logs/moe1b_diloco_baseline_5000_seed42_20260320_223604.log,0,train,train,,loss,3830,5000,3921920,5685.1,3.092633
0,diloco_baseline,DiLoCo Full Sync,diloco_baseline_5000,/data/yzhu/megatron-lm-moe-exp/logs/moe1b_diloco_baseline_5000_seed42_20260320_223604.log,0,train,train,,loss,3840,5000,3932160,5672.8,3.096449
0,diloco_baseline,DiLoCo Full Sync,diloco_baseline_5000,/data/yzhu/megatron-lm-moe-exp/logs/moe1b_diloco_baseline_5000_seed42_20260320_223604.log,0,train,train,,loss,3850,5000,3942400,5686.5,3.097871
0,diloco_baseline,DiLoCo Full Sync,diloco_baseline_5000,/data/yzhu/megatron-lm-moe-exp/logs/moe1b_diloco_baseline_5000_seed42_20260320_223604.log,0,train,train,,loss,3860,5000,3952640,5673.2,3.082898
0,diloco_baseline,DiLoCo Full Sync,diloco_baseline_5000,/data/yzhu/megatron-lm-moe-exp/logs/moe1b_diloco_baseline_5000_seed42_20260320_223604.log,0,train,train,,loss,3870,5000,3962880,5675.3,3.097141
0,diloco_baseline,DiLoCo Full Sync,diloco_baseline_5000,/data/yzhu/megatron-lm-moe-exp/logs/moe1b_diloco_baseline_5000_seed42_20260320_223604.log,0,train,train,,loss,3880,5000,3973120,5674.9,3.083457
0,diloco_baseline,DiLoCo Full Sync,diloco_baseline_5000,/data/yzhu/megatron-lm-moe-exp/logs/moe1b_diloco_baseline_5000_seed42_20260320_223604.log,0,train,train,,loss,3890,5000,3983360,5679.7,3.084864
0,diloco_baseline,DiLoCo Full Sync,diloco_baseline_5000,/data/yzhu/megatron-lm-moe-exp/logs/moe1b_diloco_baseline_5000_seed42_20260320_223604.log,0,train,train,,loss,3900,5000,3993600,7470.1,3.088478
0,diloco_baseline,DiLoCo Full Sync,diloco_baseline_5000,/data/yzhu/megatron-lm-moe-exp/logs/moe1b_diloco_baseline_5000_seed42_20260320_223604.log,0,train,train,,loss,3910,5000,4003840,5674.9,3.094955
0,diloco_baseline,DiLoCo Full Sync,diloco_baseline_5000,/data/yzhu/megatron-lm-moe-exp/logs/moe1b_diloco_baseline_5000_seed42_20260320_223604.log,0,train,train,,loss,3920,5000,4014080,5678.4,3.083845
0,diloco_baseline,DiLoCo Full Sync,diloco_baseline_5000,/data/yzhu/megatron-lm-moe-exp/logs/moe1b_diloco_baseline_5000_seed42_20260320_223604.log,0,train,train,,loss,3930,5000,4024320,5668.6,3.111299
0,diloco_baseline,DiLoCo Full Sync,diloco_baseline_5000,/data/yzhu/megatron-lm-moe-exp/logs/moe1b_diloco_baseline_5000_seed42_20260320_223604.log,0,train,train,,loss,3940,5000,4034560,5682.8,3.103297
0,diloco_baseline,DiLoCo Full Sync,diloco_baseline_5000,/data/yzhu/megatron-lm-moe-exp/logs/moe1b_diloco_baseline_5000_seed42_20260320_223604.log,0,train,train,,loss,3950,5000,4044800,5669.4,3.093368
0,diloco_baseline,DiLoCo Full Sync,diloco_baseline_5000,/data/yzhu/megatron-lm-moe-exp/logs/moe1b_diloco_baseline_5000_seed42_20260320_223604.log,0,train,train,,loss,3960,5000,4055040,5686.1,3.078636
0,diloco_baseline,DiLoCo Full Sync,diloco_baseline_5000,/data/yzhu/megatron-lm-moe-exp/logs/moe1b_diloco_baseline_5000_seed42_20260320_223604.log,0,train,train,,loss,3970,5000,4065280,5674.6,3.069677
0,diloco_baseline,DiLoCo Full Sync,diloco_baseline_5000,/data/yzhu/megatron-lm-moe-exp/logs/moe1b_diloco_baseline_5000_seed42_20260320_223604.log,0,train,train,,loss,3980,5000,4075520,5679.9,3.081509
0,diloco_baseline,DiLoCo Full Sync,diloco_baseline_5000,/data/yzhu/megatron-lm-moe-exp/logs/moe1b_diloco_baseline_5000_seed42_20260320_223604.log,0,train,train,,loss,3990,5000,4085760,5686.3,3.085221
0,diloco_baseline,DiLoCo Full Sync,diloco_baseline_5000,/data/yzhu/megatron-lm-moe-exp/logs/moe1b_diloco_baseline_5000_seed42_20260320_223604.log,0,train,train,,loss,4000,5000,4096000,7488.0,3.084545
0,diloco_baseline,DiLoCo Full Sync,diloco_baseline_5000,/data/yzhu/megatron-lm-moe-exp/logs/moe1b_diloco_baseline_5000_seed42_20260320_223604.log,0,train,train,,loss,4010,5000,4106240,7224.5,3.080852
0,diloco_baseline,DiLoCo Full Sync,diloco_baseline_5000,/data/yzhu/megatron-lm-moe-exp/logs/moe1b_diloco_baseline_5000_seed42_20260320_223604.log,0,train,train,,loss,4020,5000,4116480,7333.5,3.087516
0,diloco_baseline,DiLoCo Full Sync,diloco_baseline_5000,/data/yzhu/megatron-lm-moe-exp/logs/moe1b_diloco_baseline_5000_seed42_20260320_223604.log,0,train,train,,loss,4030,5000,4126720,7690.6,3.061351
0,diloco_baseline,DiLoCo Full Sync,diloco_baseline_5000,/data/yzhu/megatron-lm-moe-exp/logs/moe1b_diloco_baseline_5000_seed42_20260320_223604.log,0,train,train,,loss,4040,5000,4136960,8772.1,3.082133
0,diloco_baseline,DiLoCo Full Sync,diloco_baseline_5000,/data/yzhu/megatron-lm-moe-exp/logs/moe1b_diloco_baseline_5000_seed42_20260320_223604.log,0,train,train,,loss,4050,5000,4147200,9486.5,3.097136
0,diloco_baseline,DiLoCo Full Sync,diloco_baseline_5000,/data/yzhu/megatron-lm-moe-exp/logs/moe1b_diloco_baseline_5000_seed42_20260320_223604.log,0,train,train,,loss,4060,5000,4157440,9531.9,3.095132
0,diloco_baseline,DiLoCo Full Sync,diloco_baseline_5000,/data/yzhu/megatron-lm-moe-exp/logs/moe1b_diloco_baseline_5000_seed42_20260320_223604.log,0,train,train,,loss,4070,5000,4167680,7465.0,3.063021
0,diloco_baseline,DiLoCo Full Sync,diloco_baseline_5000,/data/yzhu/megatron-lm-moe-exp/logs/moe1b_diloco_baseline_5000_seed42_20260320_223604.log,0,train,train,,loss,4080,5000,4177920,5673.5,3.107634
0,diloco_baseline,DiLoCo Full Sync,diloco_baseline_5000,/data/yzhu/megatron-lm-moe-exp/logs/moe1b_diloco_baseline_5000_seed42_20260320_223604.log,0,train,train,,loss,4090,5000,4188160,5679.0,3.074668
0,diloco_baseline,DiLoCo Full Sync,diloco_baseline_5000,/data/yzhu/megatron-lm-moe-exp/logs/moe1b_diloco_baseline_5000_seed42_20260320_223604.log,0,train,train,,loss,4100,5000,4198400,7402.7,3.073495
0,diloco_baseline,DiLoCo Full Sync,diloco_baseline_5000,/data/yzhu/megatron-lm-moe-exp/logs/moe1b_diloco_baseline_5000_seed42_20260320_223604.log,0,train,train,,loss,4110,5000,4208640,5663.7,3.076926
0,diloco_baseline,DiLoCo Full Sync,diloco_baseline_5000,/data/yzhu/megatron-lm-moe-exp/logs/moe1b_diloco_baseline_5000_seed42_20260320_223604.log,0,train,train,,loss,4120,5000,4218880,5698.7,3.094506
0,diloco_baseline,DiLoCo Full Sync,diloco_baseline_5000,/data/yzhu/megatron-lm-moe-exp/logs/moe1b_diloco_baseline_5000_seed42_20260320_223604.log,0,train,train,,loss,4130,5000,4229120,5679.2,3.085647
0,diloco_baseline,DiLoCo Full Sync,diloco_baseline_5000,/data/yzhu/megatron-lm-moe-exp/logs/moe1b_diloco_baseline_5000_seed42_20260320_223604.log,0,train,train,,loss,4140,5000,4239360,5680.0,3.07987
0,diloco_baseline,DiLoCo Full Sync,diloco_baseline_5000,/data/yzhu/megatron-lm-moe-exp/logs/moe1b_diloco_baseline_5000_seed42_20260320_223604.log,0,train,train,,loss,4150,5000,4249600,5683.3,3.078239
0,diloco_baseline,DiLoCo Full Sync,diloco_baseline_5000,/data/yzhu/megatron-lm-moe-exp/logs/moe1b_diloco_baseline_5000_seed42_20260320_223604.log,0,train,train,,loss,4160,5000,4259840,5674.9,3.066952
0,diloco_baseline,DiLoCo Full Sync,diloco_baseline_5000,/data/yzhu/megatron-lm-moe-exp/logs/moe1b_diloco_baseline_5000_seed42_20260320_223604.log,0,train,train,,loss,4170,5000,4270080,5662.7,3.069322
0,diloco_baseline,DiLoCo Full Sync,diloco_baseline_5000,/data/yzhu/megatron-lm-moe-exp/logs/moe1b_diloco_baseline_5000_seed42_20260320_223604.log,0,train,train,,loss,4180,5000,4280320,5671.1,3.080043
0,diloco_baseline,DiLoCo Full Sync,diloco_baseline_5000,/data/yzhu/megatron-lm-moe-exp/logs/moe1b_diloco_baseline_5000_seed42_20260320_223604.log,0,train,train,,loss,4190,5000,4290560,5681.1,3.073959
0,diloco_baseline,DiLoCo Full Sync,diloco_baseline_5000,/data/yzhu/megatron-lm-moe-exp/logs/moe1b_diloco_baseline_5000_seed42_20260320_223604.log,0,train,train,,loss,4200,5000,4300800,7329.4,3.084393
0,diloco_baseline,DiLoCo Full Sync,diloco_baseline_5000,/data/yzhu/megatron-lm-moe-exp/logs/moe1b_diloco_baseline_5000_seed42_20260320_223604.log,0,train,train,,loss,4210,5000,4311040,5675.0,3.074055
0,diloco_baseline,DiLoCo Full Sync,diloco_baseline_5000,/data/yzhu/megatron-lm-moe-exp/logs/moe1b_diloco_baseline_5000_seed42_20260320_223604.log,0,train,train,,loss,4220,5000,4321280,5687.8,3.091866
0,diloco_baseline,DiLoCo Full Sync,diloco_baseline_5000,/data/yzhu/megatron-lm-moe-exp/logs/moe1b_diloco_baseline_5000_seed42_20260320_223604.log,0,train,train,,loss,4230,5000,4331520,5688.8,3.083458
0,diloco_baseline,DiLoCo Full Sync,diloco_baseline_5000,/data/yzhu/megatron-lm-moe-exp/logs/moe1b_diloco_baseline_5000_seed42_20260320_223604.log,0,train,train,,loss,4240,5000,4341760,5693.9,3.068642
0,diloco_baseline,DiLoCo Full Sync,diloco_baseline_5000,/data/yzhu/megatron-lm-moe-exp/logs/moe1b_diloco_baseline_5000_seed42_20260320_223604.log,0,train,train,,loss,4250,5000,4352000,5678.3,3.092692
0,diloco_baseline,DiLoCo Full Sync,diloco_baseline_5000,/data/yzhu/megatron-lm-moe-exp/logs/moe1b_diloco_baseline_5000_seed42_20260320_223604.log,0,train,train,,loss,4260,5000,4362240,5679.9,3.064131
0,diloco_baseline,DiLoCo Full Sync,diloco_baseline_5000,/data/yzhu/megatron-lm-moe-exp/logs/moe1b_diloco_baseline_5000_seed42_20260320_223604.log,0,train,train,,loss,4270,5000,4372480,5690.9,3.083382
0,diloco_baseline,DiLoCo Full Sync,diloco_baseline_5000,/data/yzhu/megatron-lm-moe-exp/logs/moe1b_diloco_baseline_5000_seed42_20260320_223604.log,0,train,train,,loss,4280,5000,4382720,5677.8,3.076681
0,diloco_baseline,DiLoCo Full Sync,diloco_baseline_5000,/data/yzhu/megatron-lm-moe-exp/logs/moe1b_diloco_baseline_5000_seed42_20260320_223604.log,0,train,train,,loss,4290,5000,4392960,5669.5,3.069629
0,diloco_baseline,DiLoCo Full Sync,diloco_baseline_5000,/data/yzhu/megatron-lm-moe-exp/logs/moe1b_diloco_baseline_5000_seed42_20260320_223604.log,0,train,train,,loss,4300,5000,4403200,7355.3,3.085838
0,diloco_baseline,DiLoCo Full Sync,diloco_baseline_5000,/data/yzhu/megatron-lm-moe-exp/logs/moe1b_diloco_baseline_5000_seed42_20260320_223604.log,0,train,train,,loss,4310,5000,4413440,5676.8,3.070096
0,diloco_baseline,DiLoCo Full Sync,diloco_baseline_5000,/data/yzhu/megatron-lm-moe-exp/logs/moe1b_diloco_baseline_5000_seed42_20260320_223604.log,0,train,train,,loss,4320,5000,4423680,5673.6,3.087123
0,diloco_baseline,DiLoCo Full Sync,diloco_baseline_5000,/data/yzhu/megatron-lm-moe-exp/logs/moe1b_diloco_baseline_5000_seed42_20260320_223604.log,0,train,train,,loss,4330,5000,4433920,5686.1,3.065437
0,diloco_baseline,DiLoCo Full Sync,diloco_baseline_5000,/data/yzhu/megatron-lm-moe-exp/logs/moe1b_diloco_baseline_5000_seed42_20260320_223604.log,0,train,train,,loss,4340,5000,4444160,5683.7,3.062244
0,diloco_baseline,DiLoCo Full Sync,diloco_baseline_5000,/data/yzhu/megatron-lm-moe-exp/logs/moe1b_diloco_baseline_5000_seed42_20260320_223604.log,0,train,train,,loss,4350,5000,4454400,5673.8,3.072593
0,diloco_baseline,DiLoCo Full Sync,diloco_baseline_5000,/data/yzhu/megatron-lm-moe-exp/logs/moe1b_diloco_baseline_5000_seed42_20260320_223604.log,0,train,train,,loss,4360,5000,4464640,5682.7,3.075465
0,diloco_baseline,DiLoCo Full Sync,diloco_baseline_5000,/data/yzhu/megatron-lm-moe-exp/logs/moe1b_diloco_baseline_5000_seed42_20260320_223604.log,0,train,train,,loss,4370,5000,4474880,5909.8,3.06785
0,diloco_baseline,DiLoCo Full Sync,diloco_baseline_5000,/data/yzhu/megatron-lm-moe-exp/logs/moe1b_diloco_baseline_5000_seed42_20260320_223604.log,0,train,train,,loss,4380,5000,4485120,6981.4,3.075635
0,diloco_baseline,DiLoCo Full Sync,diloco_baseline_5000,/data/yzhu/megatron-lm-moe-exp/logs/moe1b_diloco_baseline_5000_seed42_20260320_223604.log,0,train,train,,loss,4390,5000,4495360,6993.4,3.065502
0,diloco_baseline,DiLoCo Full Sync,diloco_baseline_5000,/data/yzhu/megatron-lm-moe-exp/logs/moe1b_diloco_baseline_5000_seed42_20260320_223604.log,0,train,train,,loss,4400,5000,4505600,8734.4,3.085909
0,diloco_baseline,DiLoCo Full Sync,diloco_baseline_5000,/data/yzhu/megatron-lm-moe-exp/logs/moe1b_diloco_baseline_5000_seed42_20260320_223604.log,0,train,train,,loss,4410,5000,4515840,6959.2,3.059852
0,diloco_baseline,DiLoCo Full Sync,diloco_baseline_5000,/data/yzhu/megatron-lm-moe-exp/logs/moe1b_diloco_baseline_5000_seed42_20260320_223604.log,0,train,train,,loss,4420,5000,4526080,6990.0,3.088237
0,diloco_baseline,DiLoCo Full Sync,diloco_baseline_5000,/data/yzhu/megatron-lm-moe-exp/logs/moe1b_diloco_baseline_5000_seed42_20260320_223604.log,0,train,train,,loss,4430,5000,4536320,6961.8,3.085292
0,diloco_baseline,DiLoCo Full Sync,diloco_baseline_5000,/data/yzhu/megatron-lm-moe-exp/logs/moe1b_diloco_baseline_5000_seed42_20260320_223604.log,0,train,train,,loss,4440,5000,4546560,6984.2,3.078956
0,diloco_baseline,DiLoCo Full Sync,diloco_baseline_5000,/data/yzhu/megatron-lm-moe-exp/logs/moe1b_diloco_baseline_5000_seed42_20260320_223604.log,0,train,train,,loss,4450,5000,4556800,6965.1,3.084438
0,diloco_baseline,DiLoCo Full Sync,diloco_baseline_5000,/data/yzhu/megatron-lm-moe-exp/logs/moe1b_diloco_baseline_5000_seed42_20260320_223604.log,0,train,train,,loss,4460,5000,4567040,6979.5,3.063819
0,diloco_baseline,DiLoCo Full Sync,diloco_baseline_5000,/data/yzhu/megatron-lm-moe-exp/logs/moe1b_diloco_baseline_5000_seed42_20260320_223604.log,0,train,train,,loss,4470,5000,4577280,6977.2,3.059187
0,diloco_baseline,DiLoCo Full Sync,diloco_baseline_5000,/data/yzhu/megatron-lm-moe-exp/logs/moe1b_diloco_baseline_5000_seed42_20260320_223604.log,0,train,train,,loss,4480,5000,4587520,6942.1,3.072865
0,diloco_baseline,DiLoCo Full Sync,diloco_baseline_5000,/data/yzhu/megatron-lm-moe-exp/logs/moe1b_diloco_baseline_5000_seed42_20260320_223604.log,0,train,train,,loss,4490,5000,4597760,6958.7,3.064825
0,diloco_baseline,DiLoCo Full Sync,diloco_baseline_5000,/data/yzhu/megatron-lm-moe-exp/logs/moe1b_diloco_baseline_5000_seed42_20260320_223604.log,0,train,train,,loss,4500,5000,4608000,8721.7,3.078399
0,diloco_baseline,DiLoCo Full Sync,diloco_baseline_5000,/data/yzhu/megatron-lm-moe-exp/logs/moe1b_diloco_baseline_5000_seed42_20260320_223604.log,0,train,train,,loss,4510,5000,4618240,6975.3,3.066322
0,diloco_baseline,DiLoCo Full Sync,diloco_baseline_5000,/data/yzhu/megatron-lm-moe-exp/logs/moe1b_diloco_baseline_5000_seed42_20260320_223604.log,0,train,train,,loss,4520,5000,4628480,6947.9,3.069992
0,diloco_baseline,DiLoCo Full Sync,diloco_baseline_5000,/data/yzhu/megatron-lm-moe-exp/logs/moe1b_diloco_baseline_5000_seed42_20260320_223604.log,0,train,train,,loss,4530,5000,4638720,6947.0,3.069593
0,diloco_baseline,DiLoCo Full Sync,diloco_baseline_5000,/data/yzhu/megatron-lm-moe-exp/logs/moe1b_diloco_baseline_5000_seed42_20260320_223604.log,0,train,train,,loss,4540,5000,4648960,6951.2,3.060215
0,diloco_baseline,DiLoCo Full Sync,diloco_baseline_5000,/data/yzhu/megatron-lm-moe-exp/logs/moe1b_diloco_baseline_5000_seed42_20260320_223604.log,0,train,train,,loss,4550,5000,4659200,6936.2,3.083525
0,diloco_baseline,DiLoCo Full Sync,diloco_baseline_5000,/data/yzhu/megatron-lm-moe-exp/logs/moe1b_diloco_baseline_5000_seed42_20260320_223604.log,0,train,train,,loss,4560,5000,4669440,6947.2,3.086873
0,diloco_baseline,DiLoCo Full Sync,diloco_baseline_5000,/data/yzhu/megatron-lm-moe-exp/logs/moe1b_diloco_baseline_5000_seed42_20260320_223604.log,0,train,train,,loss,4570,5000,4679680,5838.9,3.096417
0,diloco_baseline,DiLoCo Full Sync,diloco_baseline_5000,/data/yzhu/megatron-lm-moe-exp/logs/moe1b_diloco_baseline_5000_seed42_20260320_223604.log,0,train,train,,loss,4580,5000,4689920,5662.5,3.062273
0,diloco_baseline,DiLoCo Full Sync,diloco_baseline_5000,/data/yzhu/megatron-lm-moe-exp/logs/moe1b_diloco_baseline_5000_seed42_20260320_223604.log,0,train,train,,loss,4590,5000,4700160,5685.2,3.079508
0,diloco_baseline,DiLoCo Full Sync,diloco_baseline_5000,/data/yzhu/megatron-lm-moe-exp/logs/moe1b_diloco_baseline_5000_seed42_20260320_223604.log,0,train,train,,loss,4600,5000,4710400,7368.3,3.040914
0,diloco_baseline,DiLoCo Full Sync,diloco_baseline_5000,/data/yzhu/megatron-lm-moe-exp/logs/moe1b_diloco_baseline_5000_seed42_20260320_223604.log,0,train,train,,loss,4610,5000,4720640,5660.5,3.059921
0,diloco_baseline,DiLoCo Full Sync,diloco_baseline_5000,/data/yzhu/megatron-lm-moe-exp/logs/moe1b_diloco_baseline_5000_seed42_20260320_223604.log,0,train,train,,loss,4620,5000,4730880,5693.4,3.076018
0,diloco_baseline,DiLoCo Full Sync,diloco_baseline_5000,/data/yzhu/megatron-lm-moe-exp/logs/moe1b_diloco_baseline_5000_seed42_20260320_223604.log,0,train,train,,loss,4630,5000,4741120,5686.0,3.07241
0,diloco_baseline,DiLoCo Full Sync,diloco_baseline_5000,/data/yzhu/megatron-lm-moe-exp/logs/moe1b_diloco_baseline_5000_seed42_20260320_223604.log,0,train,train,,loss,4640,5000,4751360,5685.6,3.062983
0,diloco_baseline,DiLoCo Full Sync,diloco_baseline_5000,/data/yzhu/megatron-lm-moe-exp/logs/moe1b_diloco_baseline_5000_seed42_20260320_223604.log,0,train,train,,loss,4650,5000,4761600,5671.2,3.073777
0,diloco_baseline,DiLoCo Full Sync,diloco_baseline_5000,/data/yzhu/megatron-lm-moe-exp/logs/moe1b_diloco_baseline_5000_seed42_20260320_223604.log,0,train,train,,loss,4660,5000,4771840,5676.3,3.077216
0,diloco_baseline,DiLoCo Full Sync,diloco_baseline_5000,/data/yzhu/megatron-lm-moe-exp/logs/moe1b_diloco_baseline_5000_seed42_20260320_223604.log,0,train,train,,loss,4670,5000,4782080,5684.9,3.063288
0,diloco_baseline,DiLoCo Full Sync,diloco_baseline_5000,/data/yzhu/megatron-lm-moe-exp/logs/moe1b_diloco_baseline_5000_seed42_20260320_223604.log,0,train,train,,loss,4680,5000,4792320,6710.4,3.068584
0,diloco_baseline,DiLoCo Full Sync,diloco_baseline_5000,/data/yzhu/megatron-lm-moe-exp/logs/moe1b_diloco_baseline_5000_seed42_20260320_223604.log,0,train,train,,loss,4690,5000,4802560,7035.9,3.080467
0,diloco_baseline,DiLoCo Full Sync,diloco_baseline_5000,/data/yzhu/megatron-lm-moe-exp/logs/moe1b_diloco_baseline_5000_seed42_20260320_223604.log,0,train,train,,loss,4700,5000,4812800,8626.5,3.069346
0,diloco_baseline,DiLoCo Full Sync,diloco_baseline_5000,/data/yzhu/megatron-lm-moe-exp/logs/moe1b_diloco_baseline_5000_seed42_20260320_223604.log,0,train,train,,loss,4710,5000,4823040,7040.1,3.062362
0,diloco_baseline,DiLoCo Full Sync,diloco_baseline_5000,/data/yzhu/megatron-lm-moe-exp/logs/moe1b_diloco_baseline_5000_seed42_20260320_223604.log,0,train,train,,loss,4720,5000,4833280,7019.8,3.073578
0,diloco_baseline,DiLoCo Full Sync,diloco_baseline_5000,/data/yzhu/megatron-lm-moe-exp/logs/moe1b_diloco_baseline_5000_seed42_20260320_223604.log,0,train,train,,loss,4730,5000,4843520,7020.0,3.06412
0,diloco_baseline,DiLoCo Full Sync,diloco_baseline_5000,/data/yzhu/megatron-lm-moe-exp/logs/moe1b_diloco_baseline_5000_seed42_20260320_223604.log,0,train,train,,loss,4740,5000,4853760,7013.1,3.079276
0,diloco_baseline,DiLoCo Full Sync,diloco_baseline_5000,/data/yzhu/megatron-lm-moe-exp/logs/moe1b_diloco_baseline_5000_seed42_20260320_223604.log,0,train,train,,loss,4750,5000,4864000,7024.4,3.065949
0,diloco_baseline,DiLoCo Full Sync,diloco_baseline_5000,/data/yzhu/megatron-lm-moe-exp/logs/moe1b_diloco_baseline_5000_seed42_20260320_223604.log,0,train,train,,loss,4760,5000,4874240,7034.3,3.072095
0,diloco_baseline,DiLoCo Full Sync,diloco_baseline_5000,/data/yzhu/megatron-lm-moe-exp/logs/moe1b_diloco_baseline_5000_seed42_20260320_223604.log,0,train,train,,loss,4770,5000,4884480,7010.0,3.063105
0,diloco_baseline,DiLoCo Full Sync,diloco_baseline_5000,/data/yzhu/megatron-lm-moe-exp/logs/moe1b_diloco_baseline_5000_seed42_20260320_223604.log,0,train,train,,loss,4780,5000,4894720,7012.5,3.072331
0,diloco_baseline,DiLoCo Full Sync,diloco_baseline_5000,/data/yzhu/megatron-lm-moe-exp/logs/moe1b_diloco_baseline_5000_seed42_20260320_223604.log,0,train,train,,loss,4790,5000,4904960,5895.2,3.065048
0,diloco_baseline,DiLoCo Full Sync,diloco_baseline_5000,/data/yzhu/megatron-lm-moe-exp/logs/moe1b_diloco_baseline_5000_seed42_20260320_223604.log,0,train,train,,loss,4800,5000,4915200,7296.6,3.066811
0,diloco_baseline,DiLoCo Full Sync,diloco_baseline_5000,/data/yzhu/megatron-lm-moe-exp/logs/moe1b_diloco_baseline_5000_seed42_20260320_223604.log,0,train,train,,loss,4810,5000,4925440,5678.3,3.074369
0,diloco_baseline,DiLoCo Full Sync,diloco_baseline_5000,/data/yzhu/megatron-lm-moe-exp/logs/moe1b_diloco_baseline_5000_seed42_20260320_223604.log,0,train,train,,loss,4820,5000,4935680,5954.1,3.084176
0,diloco_baseline,DiLoCo Full Sync,diloco_baseline_5000,/data/yzhu/megatron-lm-moe-exp/logs/moe1b_diloco_baseline_5000_seed42_20260320_223604.log,0,train,train,,loss,4830,5000,4945920,7131.8,3.057911
0,diloco_baseline,DiLoCo Full Sync,diloco_baseline_5000,/data/yzhu/megatron-lm-moe-exp/logs/moe1b_diloco_baseline_5000_seed42_20260320_223604.log,0,train,train,,loss,4840,5000,4956160,7135.6,3.071792
0,diloco_baseline,DiLoCo Full Sync,diloco_baseline_5000,/data/yzhu/megatron-lm-moe-exp/logs/moe1b_diloco_baseline_5000_seed42_20260320_223604.log,0,train,train,,loss,4850,5000,4966400,7125.7,3.078755
0,diloco_baseline,DiLoCo Full Sync,diloco_baseline_5000,/data/yzhu/megatron-lm-moe-exp/logs/moe1b_diloco_baseline_5000_seed42_20260320_223604.log,0,train,train,,loss,4860,5000,4976640,7143.6,3.07933
0,diloco_baseline,DiLoCo Full Sync,diloco_baseline_5000,/data/yzhu/megatron-lm-moe-exp/logs/moe1b_diloco_baseline_5000_seed42_20260320_223604.log,0,train,train,,loss,4870,5000,4986880,7103.2,3.068032
0,diloco_baseline,DiLoCo Full Sync,diloco_baseline_5000,/data/yzhu/megatron-lm-moe-exp/logs/moe1b_diloco_baseline_5000_seed42_20260320_223604.log,0,train,train,,loss,4880,5000,4997120,7118.2,3.062556
0,diloco_baseline,DiLoCo Full Sync,diloco_baseline_5000,/data/yzhu/megatron-lm-moe-exp/logs/moe1b_diloco_baseline_5000_seed42_20260320_223604.log,0,train,train,,loss,4890,5000,5007360,7105.7,3.079972
0,diloco_baseline,DiLoCo Full Sync,diloco_baseline_5000,/data/yzhu/megatron-lm-moe-exp/logs/moe1b_diloco_baseline_5000_seed42_20260320_223604.log,0,train,train,,loss,4900,5000,5017600,8809.0,3.079344
0,diloco_baseline,DiLoCo Full Sync,diloco_baseline_5000,/data/yzhu/megatron-lm-moe-exp/logs/moe1b_diloco_baseline_5000_seed42_20260320_223604.log,0,train,train,,loss,4910,5000,5027840,5625.0,3.069452
0,diloco_baseline,DiLoCo Full Sync,diloco_baseline_5000,/data/yzhu/megatron-lm-moe-exp/logs/moe1b_diloco_baseline_5000_seed42_20260320_223604.log,0,train,train,,loss,4920,5000,5038080,5676.8,3.075368
0,diloco_baseline,DiLoCo Full Sync,diloco_baseline_5000,/data/yzhu/megatron-lm-moe-exp/logs/moe1b_diloco_baseline_5000_seed42_20260320_223604.log,0,train,train,,loss,4930,5000,5048320,5674.7,3.0812
0,diloco_baseline,DiLoCo Full Sync,diloco_baseline_5000,/data/yzhu/megatron-lm-moe-exp/logs/moe1b_diloco_baseline_5000_seed42_20260320_223604.log,0,train,train,,loss,4940,5000,5058560,5697.3,3.07592
0,diloco_baseline,DiLoCo Full Sync,diloco_baseline_5000,/data/yzhu/megatron-lm-moe-exp/logs/moe1b_diloco_baseline_5000_seed42_20260320_223604.log,0,train,train,,loss,4950,5000,5068800,5686.0,3.085235
0,diloco_baseline,DiLoCo Full Sync,diloco_baseline_5000,/data/yzhu/megatron-lm-moe-exp/logs/moe1b_diloco_baseline_5000_seed42_20260320_223604.log,0,train,train,,loss,4960,5000,5079040,5689.0,3.057807
0,diloco_baseline,DiLoCo Full Sync,diloco_baseline_5000,/data/yzhu/megatron-lm-moe-exp/logs/moe1b_diloco_baseline_5000_seed42_20260320_223604.log,0,train,train,,loss,4970,5000,5089280,5703.0,3.069473
0,diloco_baseline,DiLoCo Full Sync,diloco_baseline_5000,/data/yzhu/megatron-lm-moe-exp/logs/moe1b_diloco_baseline_5000_seed42_20260320_223604.log,0,train,train,,loss,4980,5000,5099520,5683.6,3.082652
0,diloco_baseline,DiLoCo Full Sync,diloco_baseline_5000,/data/yzhu/megatron-lm-moe-exp/logs/moe1b_diloco_baseline_5000_seed42_20260320_223604.log,0,train,train,,loss,4990,5000,5109760,5694.1,3.078775
0,diloco_baseline,DiLoCo Full Sync,diloco_baseline_5000,/data/yzhu/megatron-lm-moe-exp/logs/moe1b_diloco_baseline_5000_seed42_20260320_223604.log,0,train,train,,loss,5000,5000,5120000,7331.9,3.07683
1,dense_only_cdc,Dense-Only CDC,dense_only_cdc_5000,/data/yzhu/megatron-lm-moe-exp/logs/moe1b_dense_cdc_5000_seed42_20260321_150457.log,0,eval,test,final_test_set,loss,5000,,,,3.052024
1,dense_only_cdc,Dense-Only CDC,dense_only_cdc_5000,/data/yzhu/megatron-lm-moe-exp/logs/moe1b_dense_cdc_5000_seed42_20260321_150457.log,0,eval,test,final_test_set,ppl,5000,,,,21.15813
1,dense_only_cdc,Dense-Only CDC,dense_only_cdc_5000,/data/yzhu/megatron-lm-moe-exp/logs/moe1b_dense_cdc_5000_seed42_20260321_150457.log,0,eval,validation,periodic_validation,loss,250,,,,4.60061
1,dense_only_cdc,Dense-Only CDC,dense_only_cdc_5000,/data/yzhu/megatron-lm-moe-exp/logs/moe1b_dense_cdc_5000_seed42_20260321_150457.log,0,eval,validation,periodic_validation,loss,500,,,,3.908245
1,dense_only_cdc,Dense-Only CDC,dense_only_cdc_5000,/data/yzhu/megatron-lm-moe-exp/logs/moe1b_dense_cdc_5000_seed42_20260321_150457.log,0,eval,validation,periodic_validation,loss,750,,,,3.672972
1,dense_only_cdc,Dense-Only CDC,dense_only_cdc_5000,/data/yzhu/megatron-lm-moe-exp/logs/moe1b_dense_cdc_5000_seed42_20260321_150457.log,0,eval,validation,periodic_validation,loss,1000,,,,3.553906
1,dense_only_cdc,Dense-Only CDC,dense_only_cdc_5000,/data/yzhu/megatron-lm-moe-exp/logs/moe1b_dense_cdc_5000_seed42_20260321_150457.log,0,eval,validation,periodic_validation,loss,1250,,,,3.456373
1,dense_only_cdc,Dense-Only CDC,dense_only_cdc_5000,/data/yzhu/megatron-lm-moe-exp/logs/moe1b_dense_cdc_5000_seed42_20260321_150457.log,0,eval,validation,periodic_validation,loss,1500,,,,3.389112
1,dense_only_cdc,Dense-Only CDC,dense_only_cdc_5000,/data/yzhu/megatron-lm-moe-exp/logs/moe1b_dense_cdc_5000_seed42_20260321_150457.log,0,eval,validation,periodic_validation,loss,1750,,,,3.328194
1,dense_only_cdc,Dense-Only CDC,dense_only_cdc_5000,/data/yzhu/megatron-lm-moe-exp/logs/moe1b_dense_cdc_5000_seed42_20260321_150457.log,0,eval,validation,periodic_validation,loss,2000,,,,3.280107
1,dense_only_cdc,Dense-Only CDC,dense_only_cdc_5000,/data/yzhu/megatron-lm-moe-exp/logs/moe1b_dense_cdc_5000_seed42_20260321_150457.log,0,eval,validation,periodic_validation,loss,2250,,,,3.23252
1,dense_only_cdc,Dense-Only CDC,dense_only_cdc_5000,/data/yzhu/megatron-lm-moe-exp/logs/moe1b_dense_cdc_5000_seed42_20260321_150457.log,0,eval,validation,periodic_validation,loss,2500,,,,3.202826
1,dense_only_cdc,Dense-Only CDC,dense_only_cdc_5000,/data/yzhu/megatron-lm-moe-exp/logs/moe1b_dense_cdc_5000_seed42_20260321_150457.log,0,eval,validation,periodic_validation,loss,2750,,,,3.174783
1,dense_only_cdc,Dense-Only CDC,dense_only_cdc_5000,/data/yzhu/megatron-lm-moe-exp/logs/moe1b_dense_cdc_5000_seed42_20260321_150457.log,0,eval,validation,periodic_validation,loss,3000,,,,3.141828
1,dense_only_cdc,Dense-Only CDC,dense_only_cdc_5000,/data/yzhu/megatron-lm-moe-exp/logs/moe1b_dense_cdc_5000_seed42_20260321_150457.log,0,eval,validation,periodic_validation,loss,3250,,,,3.125247
1,dense_only_cdc,Dense-Only CDC,dense_only_cdc_5000,/data/yzhu/megatron-lm-moe-exp/logs/moe1b_dense_cdc_5000_seed42_20260321_150457.log,0,eval,validation,periodic_validation,loss,3500,,,,3.104833
1,dense_only_cdc,Dense-Only CDC,dense_only_cdc_5000,/data/yzhu/megatron-lm-moe-exp/logs/moe1b_dense_cdc_5000_seed42_20260321_150457.log,0,eval,validation,periodic_validation,loss,3750,,,,3.083247
1,dense_only_cdc,Dense-Only CDC,dense_only_cdc_5000,/data/yzhu/megatron-lm-moe-exp/logs/moe1b_dense_cdc_5000_seed42_20260321_150457.log,0,eval,validation,periodic_validation,loss,4000,,,,3.062462
1,dense_only_cdc,Dense-Only CDC,dense_only_cdc_5000,/data/yzhu/megatron-lm-moe-exp/logs/moe1b_dense_cdc_5000_seed42_20260321_150457.log,0,eval,validation,periodic_validation,loss,4250,,,,3.049638
1,dense_only_cdc,Dense-Only CDC,dense_only_cdc_5000,/data/yzhu/megatron-lm-moe-exp/logs/moe1b_dense_cdc_5000_seed42_20260321_150457.log,0,eval,validation,periodic_validation,loss,4500,,,,3.048858
1,dense_only_cdc,Dense-Only CDC,dense_only_cdc_5000,/data/yzhu/megatron-lm-moe-exp/logs/moe1b_dense_cdc_5000_seed42_20260321_150457.log,0,eval,validation,periodic_validation,loss,4750,,,,3.050519
1,dense_only_cdc,Dense-Only CDC,dense_only_cdc_5000,/data/yzhu/megatron-lm-moe-exp/logs/moe1b_dense_cdc_5000_seed42_20260321_150457.log,0,eval,validation,final_validation_set,loss,5000,,,,3.044191
1,dense_only_cdc,Dense-Only CDC,dense_only_cdc_5000,/data/yzhu/megatron-lm-moe-exp/logs/moe1b_dense_cdc_5000_seed42_20260321_150457.log,0,eval,validation,periodic_validation,loss,5000,,,,3.049904
1,dense_only_cdc,Dense-Only CDC,dense_only_cdc_5000,/data/yzhu/megatron-lm-moe-exp/logs/moe1b_dense_cdc_5000_seed42_20260321_150457.log,0,eval,validation,periodic_validation,ppl,250,,,,99.54505
1,dense_only_cdc,Dense-Only CDC,dense_only_cdc_5000,/data/yzhu/megatron-lm-moe-exp/logs/moe1b_dense_cdc_5000_seed42_20260321_150457.log,0,eval,validation,periodic_validation,ppl,500,,,,49.81144
1,dense_only_cdc,Dense-Only CDC,dense_only_cdc_5000,/data/yzhu/megatron-lm-moe-exp/logs/moe1b_dense_cdc_5000_seed42_20260321_150457.log,0,eval,validation,periodic_validation,ppl,750,,,,39.36873
1,dense_only_cdc,Dense-Only CDC,dense_only_cdc_5000,/data/yzhu/megatron-lm-moe-exp/logs/moe1b_dense_cdc_5000_seed42_20260321_150457.log,0,eval,validation,periodic_validation,ppl,1000,,,,34.94958
1,dense_only_cdc,Dense-Only CDC,dense_only_cdc_5000,/data/yzhu/megatron-lm-moe-exp/logs/moe1b_dense_cdc_5000_seed42_20260321_150457.log,0,eval,validation,periodic_validation,ppl,1250,,,,31.70179
1,dense_only_cdc,Dense-Only CDC,dense_only_cdc_5000,/data/yzhu/megatron-lm-moe-exp/logs/moe1b_dense_cdc_5000_seed42_20260321_150457.log,0,eval,validation,periodic_validation,ppl,1500,,,,29.63963
1,dense_only_cdc,Dense-Only CDC,dense_only_cdc_5000,/data/yzhu/megatron-lm-moe-exp/logs/moe1b_dense_cdc_5000_seed42_20260321_150457.log,0,eval,validation,periodic_validation,ppl,1750,,,,27.88793
1,dense_only_cdc,Dense-Only CDC,dense_only_cdc_5000,/data/yzhu/megatron-lm-moe-exp/logs/moe1b_dense_cdc_5000_seed42_20260321_150457.log,0,eval,validation,periodic_validation,ppl,2000,,,,26.5786
1,dense_only_cdc,Dense-Only CDC,dense_only_cdc_5000,/data/yzhu/megatron-lm-moe-exp/logs/moe1b_dense_cdc_5000_seed42_20260321_150457.log,0,eval,validation,periodic_validation,ppl,2250,,,,25.34344
1,dense_only_cdc,Dense-Only CDC,dense_only_cdc_5000,/data/yzhu/megatron-lm-moe-exp/logs/moe1b_dense_cdc_5000_seed42_20260321_150457.log,0,eval,validation,periodic_validation,ppl,2500,,,,24.60196
1,dense_only_cdc,Dense-Only CDC,dense_only_cdc_5000,/data/yzhu/megatron-lm-moe-exp/logs/moe1b_dense_cdc_5000_seed42_20260321_150457.log,0,eval,validation,periodic_validation,ppl,2750,,,,23.92162
1,dense_only_cdc,Dense-Only CDC,dense_only_cdc_5000,/data/yzhu/megatron-lm-moe-exp/logs/moe1b_dense_cdc_5000_seed42_20260321_150457.log,0,eval,validation,periodic_validation,ppl,3000,,,,23.14613
1,dense_only_cdc,Dense-Only CDC,dense_only_cdc_5000,/data/yzhu/megatron-lm-moe-exp/logs/moe1b_dense_cdc_5000_seed42_20260321_150457.log,0,eval,validation,periodic_validation,ppl,3250,,,,22.76553
1,dense_only_cdc,Dense-Only CDC,dense_only_cdc_5000,/data/yzhu/megatron-lm-moe-exp/logs/moe1b_dense_cdc_5000_seed42_20260321_150457.log,0,eval,validation,periodic_validation,ppl,3500,,,,22.3055
1,dense_only_cdc,Dense-Only CDC,dense_only_cdc_5000,/data/yzhu/megatron-lm-moe-exp/logs/moe1b_dense_cdc_5000_seed42_20260321_150457.log,0,eval,validation,periodic_validation,ppl,3750,,,,21.82916
1,dense_only_cdc,Dense-Only CDC,dense_only_cdc_5000,/data/yzhu/megatron-lm-moe-exp/logs/moe1b_dense_cdc_5000_seed42_20260321_150457.log,0,eval,validation,periodic_validation,ppl,4000,,,,21.38013
1,dense_only_cdc,Dense-Only CDC,dense_only_cdc_5000,/data/yzhu/megatron-lm-moe-exp/logs/moe1b_dense_cdc_5000_seed42_20260321_150457.log,0,eval,validation,periodic_validation,ppl,4250,,,,21.10771
1,dense_only_cdc,Dense-Only CDC,dense_only_cdc_5000,/data/yzhu/megatron-lm-moe-exp/logs/moe1b_dense_cdc_5000_seed42_20260321_150457.log,0,eval,validation,periodic_validation,ppl,4500,,,,21.09125
1,dense_only_cdc,Dense-Only CDC,dense_only_cdc_5000,/data/yzhu/megatron-lm-moe-exp/logs/moe1b_dense_cdc_5000_seed42_20260321_150457.log,0,eval,validation,periodic_validation,ppl,4750,,,,21.1263
1,dense_only_cdc,Dense-Only CDC,dense_only_cdc_5000,/data/yzhu/megatron-lm-moe-exp/logs/moe1b_dense_cdc_5000_seed42_20260321_150457.log,0,eval,validation,final_validation_set,ppl,5000,,,,20.99304
1,dense_only_cdc,Dense-Only CDC,dense_only_cdc_5000,/data/yzhu/megatron-lm-moe-exp/logs/moe1b_dense_cdc_5000_seed42_20260321_150457.log,0,eval,validation,periodic_validation,ppl,5000,,,,21.11332
1,dense_only_cdc,Dense-Only CDC,dense_only_cdc_5000,/data/yzhu/megatron-lm-moe-exp/logs/moe1b_dense_cdc_5000_seed42_20260321_150457.log,0,train,train,,loss,10,5000,10240,6074.1,9.503644
1,dense_only_cdc,Dense-Only CDC,dense_only_cdc_5000,/data/yzhu/megatron-lm-moe-exp/logs/moe1b_dense_cdc_5000_seed42_20260321_150457.log,0,train,train,,loss,20,5000,20480,5712.2,8.052665
1,dense_only_cdc,Dense-Only CDC,dense_only_cdc_5000,/data/yzhu/megatron-lm-moe-exp/logs/moe1b_dense_cdc_5000_seed42_20260321_150457.log,0,train,train,,loss,30,5000,30720,6273.8,7.382661
1,dense_only_cdc,Dense-Only CDC,dense_only_cdc_5000,/data/yzhu/megatron-lm-moe-exp/logs/moe1b_dense_cdc_5000_seed42_20260321_150457.log,0,train,train,,loss,40,5000,40960,7059.6,7.071017
1,dense_only_cdc,Dense-Only CDC,dense_only_cdc_5000,/data/yzhu/megatron-lm-moe-exp/logs/moe1b_dense_cdc_5000_seed42_20260321_150457.log,0,train,train,,loss,50,5000,51200,6342.9,6.728091
1,dense_only_cdc,Dense-Only CDC,dense_only_cdc_5000,/data/yzhu/megatron-lm-moe-exp/logs/moe1b_dense_cdc_5000_seed42_20260321_150457.log,0,train,train,,loss,60,5000,61440,5725.5,6.445441
1,dense_only_cdc,Dense-Only CDC,dense_only_cdc_5000,/data/yzhu/megatron-lm-moe-exp/logs/moe1b_dense_cdc_5000_seed42_20260321_150457.log,0,train,train,,loss,70,5000,71680,5731.3,6.235641
1,dense_only_cdc,Dense-Only CDC,dense_only_cdc_5000,/data/yzhu/megatron-lm-moe-exp/logs/moe1b_dense_cdc_5000_seed42_20260321_150457.log,0,train,train,,loss,80,5000,81920,5748.2,6.095999
1,dense_only_cdc,Dense-Only CDC,dense_only_cdc_5000,/data/yzhu/megatron-lm-moe-exp/logs/moe1b_dense_cdc_5000_seed42_20260321_150457.log,0,train,train,,loss,90,5000,92160,5690.7,5.941078
1,dense_only_cdc,Dense-Only CDC,dense_only_cdc_5000,/data/yzhu/megatron-lm-moe-exp/logs/moe1b_dense_cdc_5000_seed42_20260321_150457.log,0,train,train,,loss,100,5000,102400,5730.9,5.815435
1,dense_only_cdc,Dense-Only CDC,dense_only_cdc_5000,/data/yzhu/megatron-lm-moe-exp/logs/moe1b_dense_cdc_5000_seed42_20260321_150457.log,0,train,train,,loss,110,5000,112640,5738.2,5.685858
1,dense_only_cdc,Dense-Only CDC,dense_only_cdc_5000,/data/yzhu/megatron-lm-moe-exp/logs/moe1b_dense_cdc_5000_seed42_20260321_150457.log,0,train,train,,loss,120,5000,122880,5749.5,5.546091
1,dense_only_cdc,Dense-Only CDC,dense_only_cdc_5000,/data/yzhu/megatron-lm-moe-exp/logs/moe1b_dense_cdc_5000_seed42_20260321_150457.log,0,train,train,,loss,130,5000,133120,5714.8,5.492875
1,dense_only_cdc,Dense-Only CDC,dense_only_cdc_5000,/data/yzhu/megatron-lm-moe-exp/logs/moe1b_dense_cdc_5000_seed42_20260321_150457.log,0,train,train,,loss,140,5000,143360,5714.0,5.361722
1,dense_only_cdc,Dense-Only CDC,dense_only_cdc_5000,/data/yzhu/megatron-lm-moe-exp/logs/moe1b_dense_cdc_5000_seed42_20260321_150457.log,0,train,train,,loss,150,5000,153600,5724.9,5.259785
1,dense_only_cdc,Dense-Only CDC,dense_only_cdc_5000,/data/yzhu/megatron-lm-moe-exp/logs/moe1b_dense_cdc_5000_seed42_20260321_150457.log,0,train,train,,loss,160,5000,163840,5712.9,5.176517
1,dense_only_cdc,Dense-Only CDC,dense_only_cdc_5000,/data/yzhu/megatron-lm-moe-exp/logs/moe1b_dense_cdc_5000_seed42_20260321_150457.log,0,train,train,,loss,170,5000,174080,5727.2,5.088837
1,dense_only_cdc,Dense-Only CDC,dense_only_cdc_5000,/data/yzhu/megatron-lm-moe-exp/logs/moe1b_dense_cdc_5000_seed42_20260321_150457.log,0,train,train,,loss,180,5000,184320,5727.0,5.000553
1,dense_only_cdc,Dense-Only CDC,dense_only_cdc_5000,/data/yzhu/megatron-lm-moe-exp/logs/moe1b_dense_cdc_5000_seed42_20260321_150457.log,0,train,train,,loss,190,5000,194560,5685.9,4.950455
1,dense_only_cdc,Dense-Only CDC,dense_only_cdc_5000,/data/yzhu/megatron-lm-moe-exp/logs/moe1b_dense_cdc_5000_seed42_20260321_150457.log,0,train,train,,loss,200,5000,204800,5716.8,4.876269
1,dense_only_cdc,Dense-Only CDC,dense_only_cdc_5000,/data/yzhu/megatron-lm-moe-exp/logs/moe1b_dense_cdc_5000_seed42_20260321_150457.log,0,train,train,,loss,210,5000,215040,5750.0,4.820448
1,dense_only_cdc,Dense-Only CDC,dense_only_cdc_5000,/data/yzhu/megatron-lm-moe-exp/logs/moe1b_dense_cdc_5000_seed42_20260321_150457.log,0,train,train,,loss,220,5000,225280,5752.3,4.770474
1,dense_only_cdc,Dense-Only CDC,dense_only_cdc_5000,/data/yzhu/megatron-lm-moe-exp/logs/moe1b_dense_cdc_5000_seed42_20260321_150457.log,0,train,train,,loss,230,5000,235520,5735.1,4.716164
1,dense_only_cdc,Dense-Only CDC,dense_only_cdc_5000,/data/yzhu/megatron-lm-moe-exp/logs/moe1b_dense_cdc_5000_seed42_20260321_150457.log,0,train,train,,loss,240,5000,245760,5732.4,4.65164
1,dense_only_cdc,Dense-Only CDC,dense_only_cdc_5000,/data/yzhu/megatron-lm-moe-exp/logs/moe1b_dense_cdc_5000_seed42_20260321_150457.log,0,train,train,,loss,250,5000,256000,5724.6,4.606131
1,dense_only_cdc,Dense-Only CDC,dense_only_cdc_5000,/data/yzhu/megatron-lm-moe-exp/logs/moe1b_dense_cdc_5000_seed42_20260321_150457.log,0,train,train,,loss,260,5000,266240,5721.7,4.579921
1,dense_only_cdc,Dense-Only CDC,dense_only_cdc_5000,/data/yzhu/megatron-lm-moe-exp/logs/moe1b_dense_cdc_5000_seed42_20260321_150457.log,0,train,train,,loss,270,5000,276480,5732.5,4.543661
1,dense_only_cdc,Dense-Only CDC,dense_only_cdc_5000,/data/yzhu/megatron-lm-moe-exp/logs/moe1b_dense_cdc_5000_seed42_20260321_150457.log,0,train,train,,loss,280,5000,286720,5866.3,4.499699
1,dense_only_cdc,Dense-Only CDC,dense_only_cdc_5000,/data/yzhu/megatron-lm-moe-exp/logs/moe1b_dense_cdc_5000_seed42_20260321_150457.log,0,train,train,,loss,290,5000,296960,7352.5,4.477819
1,dense_only_cdc,Dense-Only CDC,dense_only_cdc_5000,/data/yzhu/megatron-lm-moe-exp/logs/moe1b_dense_cdc_5000_seed42_20260321_150457.log,0,train,train,,loss,300,5000,307200,7342.7,4.426325
1,dense_only_cdc,Dense-Only CDC,dense_only_cdc_5000,/data/yzhu/megatron-lm-moe-exp/logs/moe1b_dense_cdc_5000_seed42_20260321_150457.log,0,train,train,,loss,310,5000,317440,7354.0,4.364904
1,dense_only_cdc,Dense-Only CDC,dense_only_cdc_5000,/data/yzhu/megatron-lm-moe-exp/logs/moe1b_dense_cdc_5000_seed42_20260321_150457.log,0,train,train,,loss,320,5000,327680,7315.3,4.343935
1,dense_only_cdc,Dense-Only CDC,dense_only_cdc_5000,/data/yzhu/megatron-lm-moe-exp/logs/moe1b_dense_cdc_5000_seed42_20260321_150457.log,0,train,train,,loss,330,5000,337920,7158.0,4.30005
1,dense_only_cdc,Dense-Only CDC,dense_only_cdc_5000,/data/yzhu/megatron-lm-moe-exp/logs/moe1b_dense_cdc_5000_seed42_20260321_150457.log,0,train,train,,loss,340,5000,348160,5697.7,4.260443
1,dense_only_cdc,Dense-Only CDC,dense_only_cdc_5000,/data/yzhu/megatron-lm-moe-exp/logs/moe1b_dense_cdc_5000_seed42_20260321_150457.log,0,train,train,,loss,350,5000,358400,5715.4,4.226892
1,dense_only_cdc,Dense-Only CDC,dense_only_cdc_5000,/data/yzhu/megatron-lm-moe-exp/logs/moe1b_dense_cdc_5000_seed42_20260321_150457.log,0,train,train,,loss,360,5000,368640,5718.3,4.185602
1,dense_only_cdc,Dense-Only CDC,dense_only_cdc_5000,/data/yzhu/megatron-lm-moe-exp/logs/moe1b_dense_cdc_5000_seed42_20260321_150457.log,0,train,train,,loss,370,5000,378880,5737.1,4.166423
1,dense_only_cdc,Dense-Only CDC,dense_only_cdc_5000,/data/yzhu/megatron-lm-moe-exp/logs/moe1b_dense_cdc_5000_seed42_20260321_150457.log,0,train,train,,loss,380,5000,389120,5725.5,4.151445
1,dense_only_cdc,Dense-Only CDC,dense_only_cdc_5000,/data/yzhu/megatron-lm-moe-exp/logs/moe1b_dense_cdc_5000_seed42_20260321_150457.log,0,train,train,,loss,390,5000,399360,5702.5,4.113879
1,dense_only_cdc,Dense-Only CDC,dense_only_cdc_5000,/data/yzhu/megatron-lm-moe-exp/logs/moe1b_dense_cdc_5000_seed42_20260321_150457.log,0,train,train,,loss,400,5000,409600,5717.9,4.098895
1,dense_only_cdc,Dense-Only CDC,dense_only_cdc_5000,/data/yzhu/megatron-lm-moe-exp/logs/moe1b_dense_cdc_5000_seed42_20260321_150457.log,0,train,train,,loss,410,5000,419840,5758.9,4.069875
1,dense_only_cdc,Dense-Only CDC,dense_only_cdc_5000,/data/yzhu/megatron-lm-moe-exp/logs/moe1b_dense_cdc_5000_seed42_20260321_150457.log,0,train,train,,loss,420,5000,430080,5740.3,4.051209
1,dense_only_cdc,Dense-Only CDC,dense_only_cdc_5000,/data/yzhu/megatron-lm-moe-exp/logs/moe1b_dense_cdc_5000_seed42_20260321_150457.log,0,train,train,,loss,430,5000,440320,5726.9,4.036435
1,dense_only_cdc,Dense-Only CDC,dense_only_cdc_5000,/data/yzhu/megatron-lm-moe-exp/logs/moe1b_dense_cdc_5000_seed42_20260321_150457.log,0,train,train,,loss,440,5000,450560,5712.8,4.011738
1,dense_only_cdc,Dense-Only CDC,dense_only_cdc_5000,/data/yzhu/megatron-lm-moe-exp/logs/moe1b_dense_cdc_5000_seed42_20260321_150457.log,0,train,train,,loss,450,5000,460800,5713.4,4.012466
1,dense_only_cdc,Dense-Only CDC,dense_only_cdc_5000,/data/yzhu/megatron-lm-moe-exp/logs/moe1b_dense_cdc_5000_seed42_20260321_150457.log,0,train,train,,loss,460,5000,471040,5722.4,3.965471
1,dense_only_cdc,Dense-Only CDC,dense_only_cdc_5000,/data/yzhu/megatron-lm-moe-exp/logs/moe1b_dense_cdc_5000_seed42_20260321_150457.log,0,train,train,,loss,470,5000,481280,5723.6,3.948033
1,dense_only_cdc,Dense-Only CDC,dense_only_cdc_5000,/data/yzhu/megatron-lm-moe-exp/logs/moe1b_dense_cdc_5000_seed42_20260321_150457.log,0,train,train,,loss,480,5000,491520,5724.2,3.956602
1,dense_only_cdc,Dense-Only CDC,dense_only_cdc_5000,/data/yzhu/megatron-lm-moe-exp/logs/moe1b_dense_cdc_5000_seed42_20260321_150457.log,0,train,train,,loss,490,5000,501760,5685.8,3.92957
1,dense_only_cdc,Dense-Only CDC,dense_only_cdc_5000,/data/yzhu/megatron-lm-moe-exp/logs/moe1b_dense_cdc_5000_seed42_20260321_150457.log,0,train,train,,loss,500,5000,512000,5707.6,3.922733
1,dense_only_cdc,Dense-Only CDC,dense_only_cdc_5000,/data/yzhu/megatron-lm-moe-exp/logs/moe1b_dense_cdc_5000_seed42_20260321_150457.log,0,train,train,,loss,510,5000,522240,5729.1,3.90118
1,dense_only_cdc,Dense-Only CDC,dense_only_cdc_5000,/data/yzhu/megatron-lm-moe-exp/logs/moe1b_dense_cdc_5000_seed42_20260321_150457.log,0,train,train,,loss,520,5000,532480,5751.1,3.881884
1,dense_only_cdc,Dense-Only CDC,dense_only_cdc_5000,/data/yzhu/megatron-lm-moe-exp/logs/moe1b_dense_cdc_5000_seed42_20260321_150457.log,0,train,train,,loss,530,5000,542720,5717.1,3.863933
1,dense_only_cdc,Dense-Only CDC,dense_only_cdc_5000,/data/yzhu/megatron-lm-moe-exp/logs/moe1b_dense_cdc_5000_seed42_20260321_150457.log,0,train,train,,loss,540,5000,552960,5731.6,3.861809
1,dense_only_cdc,Dense-Only CDC,dense_only_cdc_5000,/data/yzhu/megatron-lm-moe-exp/logs/moe1b_dense_cdc_5000_seed42_20260321_150457.log,0,train,train,,loss,550,5000,563200,5718.6,3.852163
1,dense_only_cdc,Dense-Only CDC,dense_only_cdc_5000,/data/yzhu/megatron-lm-moe-exp/logs/moe1b_dense_cdc_5000_seed42_20260321_150457.log,0,train,train,,loss,560,5000,573440,5717.9,3.843353
1,dense_only_cdc,Dense-Only CDC,dense_only_cdc_5000,/data/yzhu/megatron-lm-moe-exp/logs/moe1b_dense_cdc_5000_seed42_20260321_150457.log,0,train,train,,loss,570,5000,583680,5720.4,3.8257
1,dense_only_cdc,Dense-Only CDC,dense_only_cdc_5000,/data/yzhu/megatron-lm-moe-exp/logs/moe1b_dense_cdc_5000_seed42_20260321_150457.log,0,train,train,,loss,580,5000,593920,5737.5,3.824485
1,dense_only_cdc,Dense-Only CDC,dense_only_cdc_5000,/data/yzhu/megatron-lm-moe-exp/logs/moe1b_dense_cdc_5000_seed42_20260321_150457.log,0,train,train,,loss,590,5000,604160,5683.2,3.811567
1,dense_only_cdc,Dense-Only CDC,dense_only_cdc_5000,/data/yzhu/megatron-lm-moe-exp/logs/moe1b_dense_cdc_5000_seed42_20260321_150457.log,0,train,train,,loss,600,5000,614400,5727.6,3.798621
1,dense_only_cdc,Dense-Only CDC,dense_only_cdc_5000,/data/yzhu/megatron-lm-moe-exp/logs/moe1b_dense_cdc_5000_seed42_20260321_150457.log,0,train,train,,loss,610,5000,624640,5744.8,3.798746
1,dense_only_cdc,Dense-Only CDC,dense_only_cdc_5000,/data/yzhu/megatron-lm-moe-exp/logs/moe1b_dense_cdc_5000_seed42_20260321_150457.log,0,train,train,,loss,620,5000,634880,5746.7,3.767022
1,dense_only_cdc,Dense-Only CDC,dense_only_cdc_5000,/data/yzhu/megatron-lm-moe-exp/logs/moe1b_dense_cdc_5000_seed42_20260321_150457.log,0,train,train,,loss,630,5000,645120,5733.4,3.781294
1,dense_only_cdc,Dense-Only CDC,dense_only_cdc_5000,/data/yzhu/megatron-lm-moe-exp/logs/moe1b_dense_cdc_5000_seed42_20260321_150457.log,0,train,train,,loss,640,5000,655360,5723.7,3.763744
1,dense_only_cdc,Dense-Only CDC,dense_only_cdc_5000,/data/yzhu/megatron-lm-moe-exp/logs/moe1b_dense_cdc_5000_seed42_20260321_150457.log,0,train,train,,loss,650,5000,665600,5736.7,3.762149
1,dense_only_cdc,Dense-Only CDC,dense_only_cdc_5000,/data/yzhu/megatron-lm-moe-exp/logs/moe1b_dense_cdc_5000_seed42_20260321_150457.log,0,train,train,,loss,660,5000,675840,5726.9,3.753482
1,dense_only_cdc,Dense-Only CDC,dense_only_cdc_5000,/data/yzhu/megatron-lm-moe-exp/logs/moe1b_dense_cdc_5000_seed42_20260321_150457.log,0,train,train,,loss,670,5000,686080,5738.2,3.74385
1,dense_only_cdc,Dense-Only CDC,dense_only_cdc_5000,/data/yzhu/megatron-lm-moe-exp/logs/moe1b_dense_cdc_5000_seed42_20260321_150457.log,0,train,train,,loss,680,5000,696320,5733.1,3.712964
1,dense_only_cdc,Dense-Only CDC,dense_only_cdc_5000,/data/yzhu/megatron-lm-moe-exp/logs/moe1b_dense_cdc_5000_seed42_20260321_150457.log,0,train,train,,loss,690,5000,706560,5688.1,3.713285
1,dense_only_cdc,Dense-Only CDC,dense_only_cdc_5000,/data/yzhu/megatron-lm-moe-exp/logs/moe1b_dense_cdc_5000_seed42_20260321_150457.log,0,train,train,,loss,700,5000,716800,5725.8,3.720317
1,dense_only_cdc,Dense-Only CDC,dense_only_cdc_5000,/data/yzhu/megatron-lm-moe-exp/logs/moe1b_dense_cdc_5000_seed42_20260321_150457.log,0,train,train,,loss,710,5000,727040,5745.9,3.728185
1,dense_only_cdc,Dense-Only CDC,dense_only_cdc_5000,/data/yzhu/megatron-lm-moe-exp/logs/moe1b_dense_cdc_5000_seed42_20260321_150457.log,0,train,train,,loss,720,5000,737280,5754.6,3.668587
1,dense_only_cdc,Dense-Only CDC,dense_only_cdc_5000,/data/yzhu/megatron-lm-moe-exp/logs/moe1b_dense_cdc_5000_seed42_20260321_150457.log,0,train,train,,loss,730,5000,747520,5726.3,3.703538
1,dense_only_cdc,Dense-Only CDC,dense_only_cdc_5000,/data/yzhu/megatron-lm-moe-exp/logs/moe1b_dense_cdc_5000_seed42_20260321_150457.log,0,train,train,,loss,740,5000,757760,5739.1,3.680006
1,dense_only_cdc,Dense-Only CDC,dense_only_cdc_5000,/data/yzhu/megatron-lm-moe-exp/logs/moe1b_dense_cdc_5000_seed42_20260321_150457.log,0,train,train,,loss,750,5000,768000,5721.9,3.673432
1,dense_only_cdc,Dense-Only CDC,dense_only_cdc_5000,/data/yzhu/megatron-lm-moe-exp/logs/moe1b_dense_cdc_5000_seed42_20260321_150457.log,0,train,train,,loss,760,5000,778240,5731.6,3.678645
1,dense_only_cdc,Dense-Only CDC,dense_only_cdc_5000,/data/yzhu/megatron-lm-moe-exp/logs/moe1b_dense_cdc_5000_seed42_20260321_150457.log,0,train,train,,loss,770,5000,788480,5735.2,3.678191
1,dense_only_cdc,Dense-Only CDC,dense_only_cdc_5000,/data/yzhu/megatron-lm-moe-exp/logs/moe1b_dense_cdc_5000_seed42_20260321_150457.log,0,train,train,,loss,780,5000,798720,5723.8,3.668724
1,dense_only_cdc,Dense-Only CDC,dense_only_cdc_5000,/data/yzhu/megatron-lm-moe-exp/logs/moe1b_dense_cdc_5000_seed42_20260321_150457.log,0,train,train,,loss,790,5000,808960,5684.4,3.644574
1,dense_only_cdc,Dense-Only CDC,dense_only_cdc_5000,/data/yzhu/megatron-lm-moe-exp/logs/moe1b_dense_cdc_5000_seed42_20260321_150457.log,0,train,train,,loss,800,5000,819200,5725.2,3.649568
1,dense_only_cdc,Dense-Only CDC,dense_only_cdc_5000,/data/yzhu/megatron-lm-moe-exp/logs/moe1b_dense_cdc_5000_seed42_20260321_150457.log,0,train,train,,loss,810,5000,829440,5737.3,3.640623
1,dense_only_cdc,Dense-Only CDC,dense_only_cdc_5000,/data/yzhu/megatron-lm-moe-exp/logs/moe1b_dense_cdc_5000_seed42_20260321_150457.log,0,train,train,,loss,820,5000,839680,5742.7,3.645324
1,dense_only_cdc,Dense-Only CDC,dense_only_cdc_5000,/data/yzhu/megatron-lm-moe-exp/logs/moe1b_dense_cdc_5000_seed42_20260321_150457.log,0,train,train,,loss,830,5000,849920,5736.9,3.644072
1,dense_only_cdc,Dense-Only CDC,dense_only_cdc_5000,/data/yzhu/megatron-lm-moe-exp/logs/moe1b_dense_cdc_5000_seed42_20260321_150457.log,0,train,train,,loss,840,5000,860160,5727.0,3.624812
1,dense_only_cdc,Dense-Only CDC,dense_only_cdc_5000,/data/yzhu/megatron-lm-moe-exp/logs/moe1b_dense_cdc_5000_seed42_20260321_150457.log,0,train,train,,loss,850,5000,870400,5741.3,3.599235
1,dense_only_cdc,Dense-Only CDC,dense_only_cdc_5000,/data/yzhu/megatron-lm-moe-exp/logs/moe1b_dense_cdc_5000_seed42_20260321_150457.log,0,train,train,,loss,860,5000,880640,5728.1,3.611423
1,dense_only_cdc,Dense-Only CDC,dense_only_cdc_5000,/data/yzhu/megatron-lm-moe-exp/logs/moe1b_dense_cdc_5000_seed42_20260321_150457.log,0,train,train,,loss,870,5000,890880,5734.8,3.617095
1,dense_only_cdc,Dense-Only CDC,dense_only_cdc_5000,/data/yzhu/megatron-lm-moe-exp/logs/moe1b_dense_cdc_5000_seed42_20260321_150457.log,0,train,train,,loss,880,5000,901120,5738.0,3.612032
1,dense_only_cdc,Dense-Only CDC,dense_only_cdc_5000,/data/yzhu/megatron-lm-moe-exp/logs/moe1b_dense_cdc_5000_seed42_20260321_150457.log,0,train,train,,loss,890,5000,911360,5683.7,3.606656
1,dense_only_cdc,Dense-Only CDC,dense_only_cdc_5000,/data/yzhu/megatron-lm-moe-exp/logs/moe1b_dense_cdc_5000_seed42_20260321_150457.log,0,train,train,,loss,900,5000,921600,5717.8,3.602502
1,dense_only_cdc,Dense-Only CDC,dense_only_cdc_5000,/data/yzhu/megatron-lm-moe-exp/logs/moe1b_dense_cdc_5000_seed42_20260321_150457.log,0,train,train,,loss,910,5000,931840,5755.9,3.606773
1,dense_only_cdc,Dense-Only CDC,dense_only_cdc_5000,/data/yzhu/megatron-lm-moe-exp/logs/moe1b_dense_cdc_5000_seed42_20260321_150457.log,0,train,train,,loss,920,5000,942080,5751.1,3.583985
1,dense_only_cdc,Dense-Only CDC,dense_only_cdc_5000,/data/yzhu/megatron-lm-moe-exp/logs/moe1b_dense_cdc_5000_seed42_20260321_150457.log,0,train,train,,loss,930,5000,952320,5733.2,3.598076
1,dense_only_cdc,Dense-Only CDC,dense_only_cdc_5000,/data/yzhu/megatron-lm-moe-exp/logs/moe1b_dense_cdc_5000_seed42_20260321_150457.log,0,train,train,,loss,940,5000,962560,5719.4,3.574976
1,dense_only_cdc,Dense-Only CDC,dense_only_cdc_5000,/data/yzhu/megatron-lm-moe-exp/logs/moe1b_dense_cdc_5000_seed42_20260321_150457.log,0,train,train,,loss,950,5000,972800,5728.8,3.575294
1,dense_only_cdc,Dense-Only CDC,dense_only_cdc_5000,/data/yzhu/megatron-lm-moe-exp/logs/moe1b_dense_cdc_5000_seed42_20260321_150457.log,0,train,train,,loss,960,5000,983040,5723.8,3.555768
1,dense_only_cdc,Dense-Only CDC,dense_only_cdc_5000,/data/yzhu/megatron-lm-moe-exp/logs/moe1b_dense_cdc_5000_seed42_20260321_150457.log,0,train,train,,loss,970,5000,993280,5719.6,3.558213
1,dense_only_cdc,Dense-Only CDC,dense_only_cdc_5000,/data/yzhu/megatron-lm-moe-exp/logs/moe1b_dense_cdc_5000_seed42_20260321_150457.log,0,train,train,,loss,980,5000,1003520,5729.4,3.571186
1,dense_only_cdc,Dense-Only CDC,dense_only_cdc_5000,/data/yzhu/megatron-lm-moe-exp/logs/moe1b_dense_cdc_5000_seed42_20260321_150457.log,0,train,train,,loss,990,5000,1013760,5679.0,3.559903
1,dense_only_cdc,Dense-Only CDC,dense_only_cdc_5000,/data/yzhu/megatron-lm-moe-exp/logs/moe1b_dense_cdc_5000_seed42_20260321_150457.log,0,train,train,,loss,1000,5000,1024000,5718.9,3.562594
1,dense_only_cdc,Dense-Only CDC,dense_only_cdc_5000,/data/yzhu/megatron-lm-moe-exp/logs/moe1b_dense_cdc_5000_seed42_20260321_150457.log,0,train,train,,loss,1010,5000,1034240,12683.8,3.537312
1,dense_only_cdc,Dense-Only CDC,dense_only_cdc_5000,/data/yzhu/megatron-lm-moe-exp/logs/moe1b_dense_cdc_5000_seed42_20260321_150457.log,0,train,train,,loss,1020,5000,1044480,14498.4,3.543127
1,dense_only_cdc,Dense-Only CDC,dense_only_cdc_5000,/data/yzhu/megatron-lm-moe-exp/logs/moe1b_dense_cdc_5000_seed42_20260321_150457.log,0,train,train,,loss,1030,5000,1054720,15011.7,3.538583
1,dense_only_cdc,Dense-Only CDC,dense_only_cdc_5000,/data/yzhu/megatron-lm-moe-exp/logs/moe1b_dense_cdc_5000_seed42_20260321_150457.log,0,train,train,,loss,1040,5000,1064960,5688.8,3.528785
1,dense_only_cdc,Dense-Only CDC,dense_only_cdc_5000,/data/yzhu/megatron-lm-moe-exp/logs/moe1b_dense_cdc_5000_seed42_20260321_150457.log,0,train,train,,loss,1050,5000,1075200,5724.5,3.53309
1,dense_only_cdc,Dense-Only CDC,dense_only_cdc_5000,/data/yzhu/megatron-lm-moe-exp/logs/moe1b_dense_cdc_5000_seed42_20260321_150457.log,0,train,train,,loss,1060,5000,1085440,5731.5,3.508927
1,dense_only_cdc,Dense-Only CDC,dense_only_cdc_5000,/data/yzhu/megatron-lm-moe-exp/logs/moe1b_dense_cdc_5000_seed42_20260321_150457.log,0,train,train,,loss,1070,5000,1095680,5728.8,3.502364
1,dense_only_cdc,Dense-Only CDC,dense_only_cdc_5000,/data/yzhu/megatron-lm-moe-exp/logs/moe1b_dense_cdc_5000_seed42_20260321_150457.log,0,train,train,,loss,1080,5000,1105920,5740.2,3.525
1,dense_only_cdc,Dense-Only CDC,dense_only_cdc_5000,/data/yzhu/megatron-lm-moe-exp/logs/moe1b_dense_cdc_5000_seed42_20260321_150457.log,0,train,train,,loss,1090,5000,1116160,5696.3,3.515937
1,dense_only_cdc,Dense-Only CDC,dense_only_cdc_5000,/data/yzhu/megatron-lm-moe-exp/logs/moe1b_dense_cdc_5000_seed42_20260321_150457.log,0,train,train,,loss,1100,5000,1126400,5708.2,3.505539
1,dense_only_cdc,Dense-Only CDC,dense_only_cdc_5000,/data/yzhu/megatron-lm-moe-exp/logs/moe1b_dense_cdc_5000_seed42_20260321_150457.log,0,train,train,,loss,1110,5000,1136640,5745.8,3.506371
1,dense_only_cdc,Dense-Only CDC,dense_only_cdc_5000,/data/yzhu/megatron-lm-moe-exp/logs/moe1b_dense_cdc_5000_seed42_20260321_150457.log,0,train,train,,loss,1120,5000,1146880,5746.6,3.518494
1,dense_only_cdc,Dense-Only CDC,dense_only_cdc_5000,/data/yzhu/megatron-lm-moe-exp/logs/moe1b_dense_cdc_5000_seed42_20260321_150457.log,0,train,train,,loss,1130,5000,1157120,5738.5,3.499854
1,dense_only_cdc,Dense-Only CDC,dense_only_cdc_5000,/data/yzhu/megatron-lm-moe-exp/logs/moe1b_dense_cdc_5000_seed42_20260321_150457.log,0,train,train,,loss,1140,5000,1167360,5731.1,3.481538
1,dense_only_cdc,Dense-Only CDC,dense_only_cdc_5000,/data/yzhu/megatron-lm-moe-exp/logs/moe1b_dense_cdc_5000_seed42_20260321_150457.log,0,train,train,,loss,1150,5000,1177600,5743.8,3.495281
1,dense_only_cdc,Dense-Only CDC,dense_only_cdc_5000,/data/yzhu/megatron-lm-moe-exp/logs/moe1b_dense_cdc_5000_seed42_20260321_150457.log,0,train,train,,loss,1160,5000,1187840,5726.8,3.488281
1,dense_only_cdc,Dense-Only CDC,dense_only_cdc_5000,/data/yzhu/megatron-lm-moe-exp/logs/moe1b_dense_cdc_5000_seed42_20260321_150457.log,0,train,train,,loss,1170,5000,1198080,5730.7,3.480519
1,dense_only_cdc,Dense-Only CDC,dense_only_cdc_5000,/data/yzhu/megatron-lm-moe-exp/logs/moe1b_dense_cdc_5000_seed42_20260321_150457.log,0,train,train,,loss,1180,5000,1208320,5740.3,3.467579
1,dense_only_cdc,Dense-Only CDC,dense_only_cdc_5000,/data/yzhu/megatron-lm-moe-exp/logs/moe1b_dense_cdc_5000_seed42_20260321_150457.log,0,train,train,,loss,1190,5000,1218560,5694.3,3.465263
1,dense_only_cdc,Dense-Only CDC,dense_only_cdc_5000,/data/yzhu/megatron-lm-moe-exp/logs/moe1b_dense_cdc_5000_seed42_20260321_150457.log,0,train,train,,loss,1200,5000,1228800,5733.3,3.470699
1,dense_only_cdc,Dense-Only CDC,dense_only_cdc_5000,/data/yzhu/megatron-lm-moe-exp/logs/moe1b_dense_cdc_5000_seed42_20260321_150457.log,0,train,train,,loss,1210,5000,1239040,5742.7,3.460477
1,dense_only_cdc,Dense-Only CDC,dense_only_cdc_5000,/data/yzhu/megatron-lm-moe-exp/logs/moe1b_dense_cdc_5000_seed42_20260321_150457.log,0,train,train,,loss,1220,5000,1249280,5740.6,3.467072
1,dense_only_cdc,Dense-Only CDC,dense_only_cdc_5000,/data/yzhu/megatron-lm-moe-exp/logs/moe1b_dense_cdc_5000_seed42_20260321_150457.log,0,train,train,,loss,1230,5000,1259520,5739.8,3.462572
1,dense_only_cdc,Dense-Only CDC,dense_only_cdc_5000,/data/yzhu/megatron-lm-moe-exp/logs/moe1b_dense_cdc_5000_seed42_20260321_150457.log,0,train,train,,loss,1240,5000,1269760,5726.4,3.452852
1,dense_only_cdc,Dense-Only CDC,dense_only_cdc_5000,/data/yzhu/megatron-lm-moe-exp/logs/moe1b_dense_cdc_5000_seed42_20260321_150457.log,0,train,train,,loss,1250,5000,1280000,5738.1,3.45652
1,dense_only_cdc,Dense-Only CDC,dense_only_cdc_5000,/data/yzhu/megatron-lm-moe-exp/logs/moe1b_dense_cdc_5000_seed42_20260321_150457.log,0,train,train,,loss,1260,5000,1290240,5718.9,3.468402
1,dense_only_cdc,Dense-Only CDC,dense_only_cdc_5000,/data/yzhu/megatron-lm-moe-exp/logs/moe1b_dense_cdc_5000_seed42_20260321_150457.log,0,train,train,,loss,1270,5000,1300480,5716.6,3.446291
1,dense_only_cdc,Dense-Only CDC,dense_only_cdc_5000,/data/yzhu/megatron-lm-moe-exp/logs/moe1b_dense_cdc_5000_seed42_20260321_150457.log,0,train,train,,loss,1280,5000,1310720,5729.2,3.433685
1,dense_only_cdc,Dense-Only CDC,dense_only_cdc_5000,/data/yzhu/megatron-lm-moe-exp/logs/moe1b_dense_cdc_5000_seed42_20260321_150457.log,0,train,train,,loss,1290,5000,1320960,5686.4,3.450372
1,dense_only_cdc,Dense-Only CDC,dense_only_cdc_5000,/data/yzhu/megatron-lm-moe-exp/logs/moe1b_dense_cdc_5000_seed42_20260321_150457.log,0,train,train,,loss,1300,5000,1331200,5716.5,3.444677
1,dense_only_cdc,Dense-Only CDC,dense_only_cdc_5000,/data/yzhu/megatron-lm-moe-exp/logs/moe1b_dense_cdc_5000_seed42_20260321_150457.log,0,train,train,,loss,1310,5000,1341440,5749.5,3.442853
1,dense_only_cdc,Dense-Only CDC,dense_only_cdc_5000,/data/yzhu/megatron-lm-moe-exp/logs/moe1b_dense_cdc_5000_seed42_20260321_150457.log,0,train,train,,loss,1320,5000,1351680,5735.2,3.452667
1,dense_only_cdc,Dense-Only CDC,dense_only_cdc_5000,/data/yzhu/megatron-lm-moe-exp/logs/moe1b_dense_cdc_5000_seed42_20260321_150457.log,0,train,train,,loss,1330,5000,1361920,5737.3,3.444329
1,dense_only_cdc,Dense-Only CDC,dense_only_cdc_5000,/data/yzhu/megatron-lm-moe-exp/logs/moe1b_dense_cdc_5000_seed42_20260321_150457.log,0,train,train,,loss,1340,5000,1372160,5741.6,3.429173
1,dense_only_cdc,Dense-Only CDC,dense_only_cdc_5000,/data/yzhu/megatron-lm-moe-exp/logs/moe1b_dense_cdc_5000_seed42_20260321_150457.log,0,train,train,,loss,1350,5000,1382400,5717.7,3.422271
1,dense_only_cdc,Dense-Only CDC,dense_only_cdc_5000,/data/yzhu/megatron-lm-moe-exp/logs/moe1b_dense_cdc_5000_seed42_20260321_150457.log,0,train,train,,loss,1360,5000,1392640,5729.1,3.429764
1,dense_only_cdc,Dense-Only CDC,dense_only_cdc_5000,/data/yzhu/megatron-lm-moe-exp/logs/moe1b_dense_cdc_5000_seed42_20260321_150457.log,0,train,train,,loss,1370,5000,1402880,5728.7,3.400928
1,dense_only_cdc,Dense-Only CDC,dense_only_cdc_5000,/data/yzhu/megatron-lm-moe-exp/logs/moe1b_dense_cdc_5000_seed42_20260321_150457.log,0,train,train,,loss,1380,5000,1413120,5722.6,3.413389
1,dense_only_cdc,Dense-Only CDC,dense_only_cdc_5000,/data/yzhu/megatron-lm-moe-exp/logs/moe1b_dense_cdc_5000_seed42_20260321_150457.log,0,train,train,,loss,1390,5000,1423360,5677.2,3.404111
1,dense_only_cdc,Dense-Only CDC,dense_only_cdc_5000,/data/yzhu/megatron-lm-moe-exp/logs/moe1b_dense_cdc_5000_seed42_20260321_150457.log,0,train,train,,loss,1400,5000,1433600,5715.6,3.412333
1,dense_only_cdc,Dense-Only CDC,dense_only_cdc_5000,/data/yzhu/megatron-lm-moe-exp/logs/moe1b_dense_cdc_5000_seed42_20260321_150457.log,0,train,train,,loss,1410,5000,1443840,5741.7,3.414708
1,dense_only_cdc,Dense-Only CDC,dense_only_cdc_5000,/data/yzhu/megatron-lm-moe-exp/logs/moe1b_dense_cdc_5000_seed42_20260321_150457.log,0,train,train,,loss,1420,5000,1454080,5757.6,3.396041
1,dense_only_cdc,Dense-Only CDC,dense_only_cdc_5000,/data/yzhu/megatron-lm-moe-exp/logs/moe1b_dense_cdc_5000_seed42_20260321_150457.log,0,train,train,,loss,1430,5000,1464320,5723.8,3.413468
1,dense_only_cdc,Dense-Only CDC,dense_only_cdc_5000,/data/yzhu/megatron-lm-moe-exp/logs/moe1b_dense_cdc_5000_seed42_20260321_150457.log,0,train,train,,loss,1440,5000,1474560,5721.5,3.398613
1,dense_only_cdc,Dense-Only CDC,dense_only_cdc_5000,/data/yzhu/megatron-lm-moe-exp/logs/moe1b_dense_cdc_5000_seed42_20260321_150457.log,0,train,train,,loss,1450,5000,1484800,5718.5,3.380099
1,dense_only_cdc,Dense-Only CDC,dense_only_cdc_5000,/data/yzhu/megatron-lm-moe-exp/logs/moe1b_dense_cdc_5000_seed42_20260321_150457.log,0,train,train,,loss,1460,5000,1495040,5733.2,3.403313
1,dense_only_cdc,Dense-Only CDC,dense_only_cdc_5000,/data/yzhu/megatron-lm-moe-exp/logs/moe1b_dense_cdc_5000_seed42_20260321_150457.log,0,train,train,,loss,1470,5000,1505280,5717.5,3.382137
1,dense_only_cdc,Dense-Only CDC,dense_only_cdc_5000,/data/yzhu/megatron-lm-moe-exp/logs/moe1b_dense_cdc_5000_seed42_20260321_150457.log,0,train,train,,loss,1480,5000,1515520,5734.6,3.372398
1,dense_only_cdc,Dense-Only CDC,dense_only_cdc_5000,/data/yzhu/megatron-lm-moe-exp/logs/moe1b_dense_cdc_5000_seed42_20260321_150457.log,0,train,train,,loss,1490,5000,1525760,5691.3,3.392096
1,dense_only_cdc,Dense-Only CDC,dense_only_cdc_5000,/data/yzhu/megatron-lm-moe-exp/logs/moe1b_dense_cdc_5000_seed42_20260321_150457.log,0,train,train,,loss,1500,5000,1536000,5720.4,3.389919
1,dense_only_cdc,Dense-Only CDC,dense_only_cdc_5000,/data/yzhu/megatron-lm-moe-exp/logs/moe1b_dense_cdc_5000_seed42_20260321_150457.log,0,train,train,,loss,1510,5000,1546240,5741.8,3.387513
1,dense_only_cdc,Dense-Only CDC,dense_only_cdc_5000,/data/yzhu/megatron-lm-moe-exp/logs/moe1b_dense_cdc_5000_seed42_20260321_150457.log,0,train,train,,loss,1520,5000,1556480,5754.0,3.382004
1,dense_only_cdc,Dense-Only CDC,dense_only_cdc_5000,/data/yzhu/megatron-lm-moe-exp/logs/moe1b_dense_cdc_5000_seed42_20260321_150457.log,0,train,train,,loss,1530,5000,1566720,5731.0,3.399453
1,dense_only_cdc,Dense-Only CDC,dense_only_cdc_5000,/data/yzhu/megatron-lm-moe-exp/logs/moe1b_dense_cdc_5000_seed42_20260321_150457.log,0,train,train,,loss,1540,5000,1576960,5742.6,3.394387
1,dense_only_cdc,Dense-Only CDC,dense_only_cdc_5000,/data/yzhu/megatron-lm-moe-exp/logs/moe1b_dense_cdc_5000_seed42_20260321_150457.log,0,train,train,,loss,1550,5000,1587200,5717.3,3.381094
1,dense_only_cdc,Dense-Only CDC,dense_only_cdc_5000,/data/yzhu/megatron-lm-moe-exp/logs/moe1b_dense_cdc_5000_seed42_20260321_150457.log,0,train,train,,loss,1560,5000,1597440,5729.9,3.370926
1,dense_only_cdc,Dense-Only CDC,dense_only_cdc_5000,/data/yzhu/megatron-lm-moe-exp/logs/moe1b_dense_cdc_5000_seed42_20260321_150457.log,0,train,train,,loss,1570,5000,1607680,5716.4,3.376985
1,dense_only_cdc,Dense-Only CDC,dense_only_cdc_5000,/data/yzhu/megatron-lm-moe-exp/logs/moe1b_dense_cdc_5000_seed42_20260321_150457.log,0,train,train,,loss,1580,5000,1617920,5716.4,3.366571
1,dense_only_cdc,Dense-Only CDC,dense_only_cdc_5000,/data/yzhu/megatron-lm-moe-exp/logs/moe1b_dense_cdc_5000_seed42_20260321_150457.log,0,train,train,,loss,1590,5000,1628160,5692.1,3.374507
1,dense_only_cdc,Dense-Only CDC,dense_only_cdc_5000,/data/yzhu/megatron-lm-moe-exp/logs/moe1b_dense_cdc_5000_seed42_20260321_150457.log,0,train,train,,loss,1600,5000,1638400,5706.7,3.369799
1,dense_only_cdc,Dense-Only CDC,dense_only_cdc_5000,/data/yzhu/megatron-lm-moe-exp/logs/moe1b_dense_cdc_5000_seed42_20260321_150457.log,0,train,train,,loss,1610,5000,1648640,5746.5,3.360874
1,dense_only_cdc,Dense-Only CDC,dense_only_cdc_5000,/data/yzhu/megatron-lm-moe-exp/logs/moe1b_dense_cdc_5000_seed42_20260321_150457.log,0,train,train,,loss,1620,5000,1658880,5770.1,3.350557
1,dense_only_cdc,Dense-Only CDC,dense_only_cdc_5000,/data/yzhu/megatron-lm-moe-exp/logs/moe1b_dense_cdc_5000_seed42_20260321_150457.log,0,train,train,,loss,1630,5000,1669120,5722.8,3.356056
1,dense_only_cdc,Dense-Only CDC,dense_only_cdc_5000,/data/yzhu/megatron-lm-moe-exp/logs/moe1b_dense_cdc_5000_seed42_20260321_150457.log,0,train,train,,loss,1640,5000,1679360,5718.2,3.36898
1,dense_only_cdc,Dense-Only CDC,dense_only_cdc_5000,/data/yzhu/megatron-lm-moe-exp/logs/moe1b_dense_cdc_5000_seed42_20260321_150457.log,0,train,train,,loss,1650,5000,1689600,5710.4,3.352389
1,dense_only_cdc,Dense-Only CDC,dense_only_cdc_5000,/data/yzhu/megatron-lm-moe-exp/logs/moe1b_dense_cdc_5000_seed42_20260321_150457.log,0,train,train,,loss,1660,5000,1699840,5727.0,3.359267
1,dense_only_cdc,Dense-Only CDC,dense_only_cdc_5000,/data/yzhu/megatron-lm-moe-exp/logs/moe1b_dense_cdc_5000_seed42_20260321_150457.log,0,train,train,,loss,1670,5000,1710080,5722.3,3.339909
1,dense_only_cdc,Dense-Only CDC,dense_only_cdc_5000,/data/yzhu/megatron-lm-moe-exp/logs/moe1b_dense_cdc_5000_seed42_20260321_150457.log,0,train,train,,loss,1680,5000,1720320,5728.8,3.33873
1,dense_only_cdc,Dense-Only CDC,dense_only_cdc_5000,/data/yzhu/megatron-lm-moe-exp/logs/moe1b_dense_cdc_5000_seed42_20260321_150457.log,0,train,train,,loss,1690,5000,1730560,5685.6,3.33
1,dense_only_cdc,Dense-Only CDC,dense_only_cdc_5000,/data/yzhu/megatron-lm-moe-exp/logs/moe1b_dense_cdc_5000_seed42_20260321_150457.log,0,train,train,,loss,1700,5000,1740800,5713.8,3.342994
1,dense_only_cdc,Dense-Only CDC,dense_only_cdc_5000,/data/yzhu/megatron-lm-moe-exp/logs/moe1b_dense_cdc_5000_seed42_20260321_150457.log,0,train,train,,loss,1710,5000,1751040,5754.6,3.332315
1,dense_only_cdc,Dense-Only CDC,dense_only_cdc_5000,/data/yzhu/megatron-lm-moe-exp/logs/moe1b_dense_cdc_5000_seed42_20260321_150457.log,0,train,train,,loss,1720,5000,1761280,5755.1,3.321263
1,dense_only_cdc,Dense-Only CDC,dense_only_cdc_5000,/data/yzhu/megatron-lm-moe-exp/logs/moe1b_dense_cdc_5000_seed42_20260321_150457.log,0,train,train,,loss,1730,5000,1771520,5741.1,3.325824
1,dense_only_cdc,Dense-Only CDC,dense_only_cdc_5000,/data/yzhu/megatron-lm-moe-exp/logs/moe1b_dense_cdc_5000_seed42_20260321_150457.log,0,train,train,,loss,1740,5000,1781760,5718.9,3.33643
1,dense_only_cdc,Dense-Only CDC,dense_only_cdc_5000,/data/yzhu/megatron-lm-moe-exp/logs/moe1b_dense_cdc_5000_seed42_20260321_150457.log,0,train,train,,loss,1750,5000,1792000,5720.9,3.314197
1,dense_only_cdc,Dense-Only CDC,dense_only_cdc_5000,/data/yzhu/megatron-lm-moe-exp/logs/moe1b_dense_cdc_5000_seed42_20260321_150457.log,0,train,train,,loss,1760,5000,1802240,5736.1,3.330861
1,dense_only_cdc,Dense-Only CDC,dense_only_cdc_5000,/data/yzhu/megatron-lm-moe-exp/logs/moe1b_dense_cdc_5000_seed42_20260321_150457.log,0,train,train,,loss,1770,5000,1812480,5717.3,3.323289
1,dense_only_cdc,Dense-Only CDC,dense_only_cdc_5000,/data/yzhu/megatron-lm-moe-exp/logs/moe1b_dense_cdc_5000_seed42_20260321_150457.log,0,train,train,,loss,1780,5000,1822720,5750.2,3.332183
1,dense_only_cdc,Dense-Only CDC,dense_only_cdc_5000,/data/yzhu/megatron-lm-moe-exp/logs/moe1b_dense_cdc_5000_seed42_20260321_150457.log,0,train,train,,loss,1790,5000,1832960,5696.3,3.326394
1,dense_only_cdc,Dense-Only CDC,dense_only_cdc_5000,/data/yzhu/megatron-lm-moe-exp/logs/moe1b_dense_cdc_5000_seed42_20260321_150457.log,0,train,train,,loss,1800,5000,1843200,5737.0,3.316752
1,dense_only_cdc,Dense-Only CDC,dense_only_cdc_5000,/data/yzhu/megatron-lm-moe-exp/logs/moe1b_dense_cdc_5000_seed42_20260321_150457.log,0,train,train,,loss,1810,5000,1853440,5757.7,3.320601
1,dense_only_cdc,Dense-Only CDC,dense_only_cdc_5000,/data/yzhu/megatron-lm-moe-exp/logs/moe1b_dense_cdc_5000_seed42_20260321_150457.log,0,train,train,,loss,1820,5000,1863680,5756.8,3.295484
1,dense_only_cdc,Dense-Only CDC,dense_only_cdc_5000,/data/yzhu/megatron-lm-moe-exp/logs/moe1b_dense_cdc_5000_seed42_20260321_150457.log,0,train,train,,loss,1830,5000,1873920,5735.4,3.308161
1,dense_only_cdc,Dense-Only CDC,dense_only_cdc_5000,/data/yzhu/megatron-lm-moe-exp/logs/moe1b_dense_cdc_5000_seed42_20260321_150457.log,0,train,train,,loss,1840,5000,1884160,5717.5,3.306479
1,dense_only_cdc,Dense-Only CDC,dense_only_cdc_5000,/data/yzhu/megatron-lm-moe-exp/logs/moe1b_dense_cdc_5000_seed42_20260321_150457.log,0,train,train,,loss,1850,5000,1894400,5726.2,3.304268
1,dense_only_cdc,Dense-Only CDC,dense_only_cdc_5000,/data/yzhu/megatron-lm-moe-exp/logs/moe1b_dense_cdc_5000_seed42_20260321_150457.log,0,train,train,,loss,1860,5000,1904640,5731.2,3.303039
1,dense_only_cdc,Dense-Only CDC,dense_only_cdc_5000,/data/yzhu/megatron-lm-moe-exp/logs/moe1b_dense_cdc_5000_seed42_20260321_150457.log,0,train,train,,loss,1870,5000,1914880,5726.9,3.303945
1,dense_only_cdc,Dense-Only CDC,dense_only_cdc_5000,/data/yzhu/megatron-lm-moe-exp/logs/moe1b_dense_cdc_5000_seed42_20260321_150457.log,0,train,train,,loss,1880,5000,1925120,5733.8,3.296331
1,dense_only_cdc,Dense-Only CDC,dense_only_cdc_5000,/data/yzhu/megatron-lm-moe-exp/logs/moe1b_dense_cdc_5000_seed42_20260321_150457.log,0,train,train,,loss,1890,5000,1935360,5682.9,3.284424
1,dense_only_cdc,Dense-Only CDC,dense_only_cdc_5000,/data/yzhu/megatron-lm-moe-exp/logs/moe1b_dense_cdc_5000_seed42_20260321_150457.log,0,train,train,,loss,1900,5000,1945600,5718.3,3.301322
1,dense_only_cdc,Dense-Only CDC,dense_only_cdc_5000,/data/yzhu/megatron-lm-moe-exp/logs/moe1b_dense_cdc_5000_seed42_20260321_150457.log,0,train,train,,loss,1910,5000,1955840,5739.5,3.300457
1,dense_only_cdc,Dense-Only CDC,dense_only_cdc_5000,/data/yzhu/megatron-lm-moe-exp/logs/moe1b_dense_cdc_5000_seed42_20260321_150457.log,0,train,train,,loss,1920,5000,1966080,5777.4,3.301736
1,dense_only_cdc,Dense-Only CDC,dense_only_cdc_5000,/data/yzhu/megatron-lm-moe-exp/logs/moe1b_dense_cdc_5000_seed42_20260321_150457.log,0,train,train,,loss,1930,5000,1976320,5731.3,3.285852
1,dense_only_cdc,Dense-Only CDC,dense_only_cdc_5000,/data/yzhu/megatron-lm-moe-exp/logs/moe1b_dense_cdc_5000_seed42_20260321_150457.log,0,train,train,,loss,1940,5000,1986560,5727.3,3.294319
1,dense_only_cdc,Dense-Only CDC,dense_only_cdc_5000,/data/yzhu/megatron-lm-moe-exp/logs/moe1b_dense_cdc_5000_seed42_20260321_150457.log,0,train,train,,loss,1950,5000,1996800,5730.1,3.291429
1,dense_only_cdc,Dense-Only CDC,dense_only_cdc_5000,/data/yzhu/megatron-lm-moe-exp/logs/moe1b_dense_cdc_5000_seed42_20260321_150457.log,0,train,train,,loss,1960,5000,2007040,5738.7,3.288342
1,dense_only_cdc,Dense-Only CDC,dense_only_cdc_5000,/data/yzhu/megatron-lm-moe-exp/logs/moe1b_dense_cdc_5000_seed42_20260321_150457.log,0,train,train,,loss,1970,5000,2017280,5744.0,3.294722
1,dense_only_cdc,Dense-Only CDC,dense_only_cdc_5000,/data/yzhu/megatron-lm-moe-exp/logs/moe1b_dense_cdc_5000_seed42_20260321_150457.log,0,train,train,,loss,1980,5000,2027520,5728.5,3.31077
1,dense_only_cdc,Dense-Only CDC,dense_only_cdc_5000,/data/yzhu/megatron-lm-moe-exp/logs/moe1b_dense_cdc_5000_seed42_20260321_150457.log,0,train,train,,loss,1990,5000,2037760,5689.3,3.279818
1,dense_only_cdc,Dense-Only CDC,dense_only_cdc_5000,/data/yzhu/megatron-lm-moe-exp/logs/moe1b_dense_cdc_5000_seed42_20260321_150457.log,0,train,train,,loss,2000,5000,2048000,5717.5,3.282507
1,dense_only_cdc,Dense-Only CDC,dense_only_cdc_5000,/data/yzhu/megatron-lm-moe-exp/logs/moe1b_dense_cdc_5000_seed42_20260321_150457.log,0,train,train,,loss,2010,5000,2058240,6892.0,3.299607
1,dense_only_cdc,Dense-Only CDC,dense_only_cdc_5000,/data/yzhu/megatron-lm-moe-exp/logs/moe1b_dense_cdc_5000_seed42_20260321_150457.log,0,train,train,,loss,2020,5000,2068480,5759.6,3.284361
1,dense_only_cdc,Dense-Only CDC,dense_only_cdc_5000,/data/yzhu/megatron-lm-moe-exp/logs/moe1b_dense_cdc_5000_seed42_20260321_150457.log,0,train,train,,loss,2030,5000,2078720,5721.4,3.283317
1,dense_only_cdc,Dense-Only CDC,dense_only_cdc_5000,/data/yzhu/megatron-lm-moe-exp/logs/moe1b_dense_cdc_5000_seed42_20260321_150457.log,0,train,train,,loss,2040,5000,2088960,5738.9,3.288929
1,dense_only_cdc,Dense-Only CDC,dense_only_cdc_5000,/data/yzhu/megatron-lm-moe-exp/logs/moe1b_dense_cdc_5000_seed42_20260321_150457.log,0,train,train,,loss,2050,5000,2099200,5719.2,3.262978
1,dense_only_cdc,Dense-Only CDC,dense_only_cdc_5000,/data/yzhu/megatron-lm-moe-exp/logs/moe1b_dense_cdc_5000_seed42_20260321_150457.log,0,train,train,,loss,2060,5000,2109440,5728.3,3.260604
1,dense_only_cdc,Dense-Only CDC,dense_only_cdc_5000,/data/yzhu/megatron-lm-moe-exp/logs/moe1b_dense_cdc_5000_seed42_20260321_150457.log,0,train,train,,loss,2070,5000,2119680,5715.2,3.268871
1,dense_only_cdc,Dense-Only CDC,dense_only_cdc_5000,/data/yzhu/megatron-lm-moe-exp/logs/moe1b_dense_cdc_5000_seed42_20260321_150457.log,0,train,train,,loss,2080,5000,2129920,5727.2,3.259478
1,dense_only_cdc,Dense-Only CDC,dense_only_cdc_5000,/data/yzhu/megatron-lm-moe-exp/logs/moe1b_dense_cdc_5000_seed42_20260321_150457.log,0,train,train,,loss,2090,5000,2140160,5683.7,3.253342
1,dense_only_cdc,Dense-Only CDC,dense_only_cdc_5000,/data/yzhu/megatron-lm-moe-exp/logs/moe1b_dense_cdc_5000_seed42_20260321_150457.log,0,train,train,,loss,2100,5000,2150400,5725.3,3.274347
1,dense_only_cdc,Dense-Only CDC,dense_only_cdc_5000,/data/yzhu/megatron-lm-moe-exp/logs/moe1b_dense_cdc_5000_seed42_20260321_150457.log,0,train,train,,loss,2110,5000,2160640,5751.2,3.264727
1,dense_only_cdc,Dense-Only CDC,dense_only_cdc_5000,/data/yzhu/megatron-lm-moe-exp/logs/moe1b_dense_cdc_5000_seed42_20260321_150457.log,0,train,train,,loss,2120,5000,2170880,5742.9,3.276675
1,dense_only_cdc,Dense-Only CDC,dense_only_cdc_5000,/data/yzhu/megatron-lm-moe-exp/logs/moe1b_dense_cdc_5000_seed42_20260321_150457.log,0,train,train,,loss,2130,5000,2181120,5722.6,3.273222
1,dense_only_cdc,Dense-Only CDC,dense_only_cdc_5000,/data/yzhu/megatron-lm-moe-exp/logs/moe1b_dense_cdc_5000_seed42_20260321_150457.log,0,train,train,,loss,2140,5000,2191360,5710.2,3.276112
1,dense_only_cdc,Dense-Only CDC,dense_only_cdc_5000,/data/yzhu/megatron-lm-moe-exp/logs/moe1b_dense_cdc_5000_seed42_20260321_150457.log,0,train,train,,loss,2150,5000,2201600,5743.9,3.255478
1,dense_only_cdc,Dense-Only CDC,dense_only_cdc_5000,/data/yzhu/megatron-lm-moe-exp/logs/moe1b_dense_cdc_5000_seed42_20260321_150457.log,0,train,train,,loss,2160,5000,2211840,5727.6,3.246101
1,dense_only_cdc,Dense-Only CDC,dense_only_cdc_5000,/data/yzhu/megatron-lm-moe-exp/logs/moe1b_dense_cdc_5000_seed42_20260321_150457.log,0,train,train,,loss,2170,5000,2222080,5744.2,3.266711
1,dense_only_cdc,Dense-Only CDC,dense_only_cdc_5000,/data/yzhu/megatron-lm-moe-exp/logs/moe1b_dense_cdc_5000_seed42_20260321_150457.log,0,train,train,,loss,2180,5000,2232320,5729.1,3.231742
1,dense_only_cdc,Dense-Only CDC,dense_only_cdc_5000,/data/yzhu/megatron-lm-moe-exp/logs/moe1b_dense_cdc_5000_seed42_20260321_150457.log,0,train,train,,loss,2190,5000,2242560,5693.3,3.258996
1,dense_only_cdc,Dense-Only CDC,dense_only_cdc_5000,/data/yzhu/megatron-lm-moe-exp/logs/moe1b_dense_cdc_5000_seed42_20260321_150457.log,0,train,train,,loss,2200,5000,2252800,5736.0,3.243405
1,dense_only_cdc,Dense-Only CDC,dense_only_cdc_5000,/data/yzhu/megatron-lm-moe-exp/logs/moe1b_dense_cdc_5000_seed42_20260321_150457.log,0,train,train,,loss,2210,5000,2263040,5745.8,3.248333
1,dense_only_cdc,Dense-Only CDC,dense_only_cdc_5000,/data/yzhu/megatron-lm-moe-exp/logs/moe1b_dense_cdc_5000_seed42_20260321_150457.log,0,train,train,,loss,2220,5000,2273280,5754.0,3.258676
1,dense_only_cdc,Dense-Only CDC,dense_only_cdc_5000,/data/yzhu/megatron-lm-moe-exp/logs/moe1b_dense_cdc_5000_seed42_20260321_150457.log,0,train,train,,loss,2230,5000,2283520,5717.0,3.251957
1,dense_only_cdc,Dense-Only CDC,dense_only_cdc_5000,/data/yzhu/megatron-lm-moe-exp/logs/moe1b_dense_cdc_5000_seed42_20260321_150457.log,0,train,train,,loss,2240,5000,2293760,5734.8,3.247379
1,dense_only_cdc,Dense-Only CDC,dense_only_cdc_5000,/data/yzhu/megatron-lm-moe-exp/logs/moe1b_dense_cdc_5000_seed42_20260321_150457.log,0,train,train,,loss,2250,5000,2304000,5717.2,3.239937
1,dense_only_cdc,Dense-Only CDC,dense_only_cdc_5000,/data/yzhu/megatron-lm-moe-exp/logs/moe1b_dense_cdc_5000_seed42_20260321_150457.log,0,train,train,,loss,2260,5000,2314240,5727.8,3.228002
1,dense_only_cdc,Dense-Only CDC,dense_only_cdc_5000,/data/yzhu/megatron-lm-moe-exp/logs/moe1b_dense_cdc_5000_seed42_20260321_150457.log,0,train,train,,loss,2270,5000,2324480,5727.5,3.227925
1,dense_only_cdc,Dense-Only CDC,dense_only_cdc_5000,/data/yzhu/megatron-lm-moe-exp/logs/moe1b_dense_cdc_5000_seed42_20260321_150457.log,0,train,train,,loss,2280,5000,2334720,5727.1,3.234977
1,dense_only_cdc,Dense-Only CDC,dense_only_cdc_5000,/data/yzhu/megatron-lm-moe-exp/logs/moe1b_dense_cdc_5000_seed42_20260321_150457.log,0,train,train,,loss,2290,5000,2344960,5690.3,3.253479
1,dense_only_cdc,Dense-Only CDC,dense_only_cdc_5000,/data/yzhu/megatron-lm-moe-exp/logs/moe1b_dense_cdc_5000_seed42_20260321_150457.log,0,train,train,,loss,2300,5000,2355200,5732.2,3.241592
1,dense_only_cdc,Dense-Only CDC,dense_only_cdc_5000,/data/yzhu/megatron-lm-moe-exp/logs/moe1b_dense_cdc_5000_seed42_20260321_150457.log,0,train,train,,loss,2310,5000,2365440,5742.9,3.227869
1,dense_only_cdc,Dense-Only CDC,dense_only_cdc_5000,/data/yzhu/megatron-lm-moe-exp/logs/moe1b_dense_cdc_5000_seed42_20260321_150457.log,0,train,train,,loss,2320,5000,2375680,5756.1,3.240287
1,dense_only_cdc,Dense-Only CDC,dense_only_cdc_5000,/data/yzhu/megatron-lm-moe-exp/logs/moe1b_dense_cdc_5000_seed42_20260321_150457.log,0,train,train,,loss,2330,5000,2385920,5723.0,3.225688
1,dense_only_cdc,Dense-Only CDC,dense_only_cdc_5000,/data/yzhu/megatron-lm-moe-exp/logs/moe1b_dense_cdc_5000_seed42_20260321_150457.log,0,train,train,,loss,2340,5000,2396160,5716.2,3.216317
1,dense_only_cdc,Dense-Only CDC,dense_only_cdc_5000,/data/yzhu/megatron-lm-moe-exp/logs/moe1b_dense_cdc_5000_seed42_20260321_150457.log,0,train,train,,loss,2350,5000,2406400,5731.9,3.209989
1,dense_only_cdc,Dense-Only CDC,dense_only_cdc_5000,/data/yzhu/megatron-lm-moe-exp/logs/moe1b_dense_cdc_5000_seed42_20260321_150457.log,0,train,train,,loss,2360,5000,2416640,5730.1,3.218654
1,dense_only_cdc,Dense-Only CDC,dense_only_cdc_5000,/data/yzhu/megatron-lm-moe-exp/logs/moe1b_dense_cdc_5000_seed42_20260321_150457.log,0,train,train,,loss,2370,5000,2426880,5722.8,3.238993
1,dense_only_cdc,Dense-Only CDC,dense_only_cdc_5000,/data/yzhu/megatron-lm-moe-exp/logs/moe1b_dense_cdc_5000_seed42_20260321_150457.log,0,train,train,,loss,2380,5000,2437120,5737.9,3.209812
1,dense_only_cdc,Dense-Only CDC,dense_only_cdc_5000,/data/yzhu/megatron-lm-moe-exp/logs/moe1b_dense_cdc_5000_seed42_20260321_150457.log,0,train,train,,loss,2390,5000,2447360,5687.8,3.21613
1,dense_only_cdc,Dense-Only CDC,dense_only_cdc_5000,/data/yzhu/megatron-lm-moe-exp/logs/moe1b_dense_cdc_5000_seed42_20260321_150457.log,0,train,train,,loss,2400,5000,2457600,5732.2,3.204929
1,dense_only_cdc,Dense-Only CDC,dense_only_cdc_5000,/data/yzhu/megatron-lm-moe-exp/logs/moe1b_dense_cdc_5000_seed42_20260321_150457.log,0,train,train,,loss,2410,5000,2467840,5749.4,3.221955
1,dense_only_cdc,Dense-Only CDC,dense_only_cdc_5000,/data/yzhu/megatron-lm-moe-exp/logs/moe1b_dense_cdc_5000_seed42_20260321_150457.log,0,train,train,,loss,2420,5000,2478080,5742.4,3.207036
1,dense_only_cdc,Dense-Only CDC,dense_only_cdc_5000,/data/yzhu/megatron-lm-moe-exp/logs/moe1b_dense_cdc_5000_seed42_20260321_150457.log,0,train,train,,loss,2430,5000,2488320,5728.4,3.223779
1,dense_only_cdc,Dense-Only CDC,dense_only_cdc_5000,/data/yzhu/megatron-lm-moe-exp/logs/moe1b_dense_cdc_5000_seed42_20260321_150457.log,0,train,train,,loss,2440,5000,2498560,5714.3,3.21699
1,dense_only_cdc,Dense-Only CDC,dense_only_cdc_5000,/data/yzhu/megatron-lm-moe-exp/logs/moe1b_dense_cdc_5000_seed42_20260321_150457.log,0,train,train,,loss,2450,5000,2508800,5725.9,3.205901
1,dense_only_cdc,Dense-Only CDC,dense_only_cdc_5000,/data/yzhu/megatron-lm-moe-exp/logs/moe1b_dense_cdc_5000_seed42_20260321_150457.log,0,train,train,,loss,2460,5000,2519040,5713.7,3.210592
1,dense_only_cdc,Dense-Only CDC,dense_only_cdc_5000,/data/yzhu/megatron-lm-moe-exp/logs/moe1b_dense_cdc_5000_seed42_20260321_150457.log,0,train,train,,loss,2470,5000,2529280,5725.4,3.199952
1,dense_only_cdc,Dense-Only CDC,dense_only_cdc_5000,/data/yzhu/megatron-lm-moe-exp/logs/moe1b_dense_cdc_5000_seed42_20260321_150457.log,0,train,train,,loss,2480,5000,2539520,5708.1,3.199915
1,dense_only_cdc,Dense-Only CDC,dense_only_cdc_5000,/data/yzhu/megatron-lm-moe-exp/logs/moe1b_dense_cdc_5000_seed42_20260321_150457.log,0,train,train,,loss,2490,5000,2549760,5688.2,3.212399
1,dense_only_cdc,Dense-Only CDC,dense_only_cdc_5000,/data/yzhu/megatron-lm-moe-exp/logs/moe1b_dense_cdc_5000_seed42_20260321_150457.log,0,train,train,,loss,2500,5000,2560000,5714.1,3.214706
1,dense_only_cdc,Dense-Only CDC,dense_only_cdc_5000,/data/yzhu/megatron-lm-moe-exp/logs/moe1b_dense_cdc_5000_seed42_20260321_150457.log,0,train,train,,loss,2510,5000,2570240,5734.2,3.223613
1,dense_only_cdc,Dense-Only CDC,dense_only_cdc_5000,/data/yzhu/megatron-lm-moe-exp/logs/moe1b_dense_cdc_5000_seed42_20260321_150457.log,0,train,train,,loss,2520,5000,2580480,5745.7,3.207134
1,dense_only_cdc,Dense-Only CDC,dense_only_cdc_5000,/data/yzhu/megatron-lm-moe-exp/logs/moe1b_dense_cdc_5000_seed42_20260321_150457.log,0,train,train,,loss,2530,5000,2590720,5711.8,3.198135
1,dense_only_cdc,Dense-Only CDC,dense_only_cdc_5000,/data/yzhu/megatron-lm-moe-exp/logs/moe1b_dense_cdc_5000_seed42_20260321_150457.log,0,train,train,,loss,2540,5000,2600960,5712.9,3.205863
1,dense_only_cdc,Dense-Only CDC,dense_only_cdc_5000,/data/yzhu/megatron-lm-moe-exp/logs/moe1b_dense_cdc_5000_seed42_20260321_150457.log,0,train,train,,loss,2550,5000,2611200,5728.7,3.19784
1,dense_only_cdc,Dense-Only CDC,dense_only_cdc_5000,/data/yzhu/megatron-lm-moe-exp/logs/moe1b_dense_cdc_5000_seed42_20260321_150457.log,0,train,train,,loss,2560,5000,2621440,5731.4,3.184183
1,dense_only_cdc,Dense-Only CDC,dense_only_cdc_5000,/data/yzhu/megatron-lm-moe-exp/logs/moe1b_dense_cdc_5000_seed42_20260321_150457.log,0,train,train,,loss,2570,5000,2631680,5743.1,3.19277
1,dense_only_cdc,Dense-Only CDC,dense_only_cdc_5000,/data/yzhu/megatron-lm-moe-exp/logs/moe1b_dense_cdc_5000_seed42_20260321_150457.log,0,train,train,,loss,2580,5000,2641920,5729.6,3.203044
1,dense_only_cdc,Dense-Only CDC,dense_only_cdc_5000,/data/yzhu/megatron-lm-moe-exp/logs/moe1b_dense_cdc_5000_seed42_20260321_150457.log,0,train,train,,loss,2590,5000,2652160,5692.8,3.187951
1,dense_only_cdc,Dense-Only CDC,dense_only_cdc_5000,/data/yzhu/megatron-lm-moe-exp/logs/moe1b_dense_cdc_5000_seed42_20260321_150457.log,0,train,train,,loss,2600,5000,2662400,5736.0,3.187978
1,dense_only_cdc,Dense-Only CDC,dense_only_cdc_5000,/data/yzhu/megatron-lm-moe-exp/logs/moe1b_dense_cdc_5000_seed42_20260321_150457.log,0,train,train,,loss,2610,5000,2672640,5748.7,3.194926
1,dense_only_cdc,Dense-Only CDC,dense_only_cdc_5000,/data/yzhu/megatron-lm-moe-exp/logs/moe1b_dense_cdc_5000_seed42_20260321_150457.log,0,train,train,,loss,2620,5000,2682880,5756.9,3.192641
1,dense_only_cdc,Dense-Only CDC,dense_only_cdc_5000,/data/yzhu/megatron-lm-moe-exp/logs/moe1b_dense_cdc_5000_seed42_20260321_150457.log,0,train,train,,loss,2630,5000,2693120,5728.2,3.208595
1,dense_only_cdc,Dense-Only CDC,dense_only_cdc_5000,/data/yzhu/megatron-lm-moe-exp/logs/moe1b_dense_cdc_5000_seed42_20260321_150457.log,0,train,train,,loss,2640,5000,2703360,5730.1,3.177245
1,dense_only_cdc,Dense-Only CDC,dense_only_cdc_5000,/data/yzhu/megatron-lm-moe-exp/logs/moe1b_dense_cdc_5000_seed42_20260321_150457.log,0,train,train,,loss,2650,5000,2713600,5732.3,3.175392
1,dense_only_cdc,Dense-Only CDC,dense_only_cdc_5000,/data/yzhu/megatron-lm-moe-exp/logs/moe1b_dense_cdc_5000_seed42_20260321_150457.log,0,train,train,,loss,2660,5000,2723840,5709.0,3.185548
1,dense_only_cdc,Dense-Only CDC,dense_only_cdc_5000,/data/yzhu/megatron-lm-moe-exp/logs/moe1b_dense_cdc_5000_seed42_20260321_150457.log,0,train,train,,loss,2670,5000,2734080,5711.4,3.190979
1,dense_only_cdc,Dense-Only CDC,dense_only_cdc_5000,/data/yzhu/megatron-lm-moe-exp/logs/moe1b_dense_cdc_5000_seed42_20260321_150457.log,0,train,train,,loss,2680,5000,2744320,5727.5,3.184768
1,dense_only_cdc,Dense-Only CDC,dense_only_cdc_5000,/data/yzhu/megatron-lm-moe-exp/logs/moe1b_dense_cdc_5000_seed42_20260321_150457.log,0,train,train,,loss,2690,5000,2754560,5674.6,3.186287
1,dense_only_cdc,Dense-Only CDC,dense_only_cdc_5000,/data/yzhu/megatron-lm-moe-exp/logs/moe1b_dense_cdc_5000_seed42_20260321_150457.log,0,train,train,,loss,2700,5000,2764800,5718.8,3.194015
1,dense_only_cdc,Dense-Only CDC,dense_only_cdc_5000,/data/yzhu/megatron-lm-moe-exp/logs/moe1b_dense_cdc_5000_seed42_20260321_150457.log,0,train,train,,loss,2710,5000,2775040,5738.3,3.183704
1,dense_only_cdc,Dense-Only CDC,dense_only_cdc_5000,/data/yzhu/megatron-lm-moe-exp/logs/moe1b_dense_cdc_5000_seed42_20260321_150457.log,0,train,train,,loss,2720,5000,2785280,5751.6,3.173269
1,dense_only_cdc,Dense-Only CDC,dense_only_cdc_5000,/data/yzhu/megatron-lm-moe-exp/logs/moe1b_dense_cdc_5000_seed42_20260321_150457.log,0,train,train,,loss,2730,5000,2795520,5740.1,3.182961
1,dense_only_cdc,Dense-Only CDC,dense_only_cdc_5000,/data/yzhu/megatron-lm-moe-exp/logs/moe1b_dense_cdc_5000_seed42_20260321_150457.log,0,train,train,,loss,2740,5000,2805760,5712.2,3.164914
1,dense_only_cdc,Dense-Only CDC,dense_only_cdc_5000,/data/yzhu/megatron-lm-moe-exp/logs/moe1b_dense_cdc_5000_seed42_20260321_150457.log,0,train,train,,loss,2750,5000,2816000,5724.5,3.164503
1,dense_only_cdc,Dense-Only CDC,dense_only_cdc_5000,/data/yzhu/megatron-lm-moe-exp/logs/moe1b_dense_cdc_5000_seed42_20260321_150457.log,0,train,train,,loss,2760,5000,2826240,5716.6,3.173961
1,dense_only_cdc,Dense-Only CDC,dense_only_cdc_5000,/data/yzhu/megatron-lm-moe-exp/logs/moe1b_dense_cdc_5000_seed42_20260321_150457.log,0,train,train,,loss,2770,5000,2836480,5721.9,3.166432
1,dense_only_cdc,Dense-Only CDC,dense_only_cdc_5000,/data/yzhu/megatron-lm-moe-exp/logs/moe1b_dense_cdc_5000_seed42_20260321_150457.log,0,train,train,,loss,2780,5000,2846720,5727.2,3.177543
1,dense_only_cdc,Dense-Only CDC,dense_only_cdc_5000,/data/yzhu/megatron-lm-moe-exp/logs/moe1b_dense_cdc_5000_seed42_20260321_150457.log,0,train,train,,loss,2790,5000,2856960,5674.6,3.182148
1,dense_only_cdc,Dense-Only CDC,dense_only_cdc_5000,/data/yzhu/megatron-lm-moe-exp/logs/moe1b_dense_cdc_5000_seed42_20260321_150457.log,0,train,train,,loss,2800,5000,2867200,5709.8,3.188509
1,dense_only_cdc,Dense-Only CDC,dense_only_cdc_5000,/data/yzhu/megatron-lm-moe-exp/logs/moe1b_dense_cdc_5000_seed42_20260321_150457.log,0,train,train,,loss,2810,5000,2877440,5748.4,3.170519
1,dense_only_cdc,Dense-Only CDC,dense_only_cdc_5000,/data/yzhu/megatron-lm-moe-exp/logs/moe1b_dense_cdc_5000_seed42_20260321_150457.log,0,train,train,,loss,2820,5000,2887680,5748.2,3.157953
1,dense_only_cdc,Dense-Only CDC,dense_only_cdc_5000,/data/yzhu/megatron-lm-moe-exp/logs/moe1b_dense_cdc_5000_seed42_20260321_150457.log,0,train,train,,loss,2830,5000,2897920,5742.2,3.158643
1,dense_only_cdc,Dense-Only CDC,dense_only_cdc_5000,/data/yzhu/megatron-lm-moe-exp/logs/moe1b_dense_cdc_5000_seed42_20260321_150457.log,0,train,train,,loss,2840,5000,2908160,5727.2,3.168072
1,dense_only_cdc,Dense-Only CDC,dense_only_cdc_5000,/data/yzhu/megatron-lm-moe-exp/logs/moe1b_dense_cdc_5000_seed42_20260321_150457.log,0,train,train,,loss,2850,5000,2918400,5741.7,3.14266
1,dense_only_cdc,Dense-Only CDC,dense_only_cdc_5000,/data/yzhu/megatron-lm-moe-exp/logs/moe1b_dense_cdc_5000_seed42_20260321_150457.log,0,train,train,,loss,2860,5000,2928640,5723.6,3.159199
1,dense_only_cdc,Dense-Only CDC,dense_only_cdc_5000,/data/yzhu/megatron-lm-moe-exp/logs/moe1b_dense_cdc_5000_seed42_20260321_150457.log,0,train,train,,loss,2870,5000,2938880,5712.8,3.159992
1,dense_only_cdc,Dense-Only CDC,dense_only_cdc_5000,/data/yzhu/megatron-lm-moe-exp/logs/moe1b_dense_cdc_5000_seed42_20260321_150457.log,0,train,train,,loss,2880,5000,2949120,5726.8,3.149119
1,dense_only_cdc,Dense-Only CDC,dense_only_cdc_5000,/data/yzhu/megatron-lm-moe-exp/logs/moe1b_dense_cdc_5000_seed42_20260321_150457.log,0,train,train,,loss,2890,5000,2959360,5680.4,3.156123
1,dense_only_cdc,Dense-Only CDC,dense_only_cdc_5000,/data/yzhu/megatron-lm-moe-exp/logs/moe1b_dense_cdc_5000_seed42_20260321_150457.log,0,train,train,,loss,2900,5000,2969600,5715.6,3.152977
1,dense_only_cdc,Dense-Only CDC,dense_only_cdc_5000,/data/yzhu/megatron-lm-moe-exp/logs/moe1b_dense_cdc_5000_seed42_20260321_150457.log,0,train,train,,loss,2910,5000,2979840,5737.9,3.145416
1,dense_only_cdc,Dense-Only CDC,dense_only_cdc_5000,/data/yzhu/megatron-lm-moe-exp/logs/moe1b_dense_cdc_5000_seed42_20260321_150457.log,0,train,train,,loss,2920,5000,2990080,5766.7,3.151113
1,dense_only_cdc,Dense-Only CDC,dense_only_cdc_5000,/data/yzhu/megatron-lm-moe-exp/logs/moe1b_dense_cdc_5000_seed42_20260321_150457.log,0,train,train,,loss,2930,5000,3000320,5727.5,3.156587
1,dense_only_cdc,Dense-Only CDC,dense_only_cdc_5000,/data/yzhu/megatron-lm-moe-exp/logs/moe1b_dense_cdc_5000_seed42_20260321_150457.log,0,train,train,,loss,2940,5000,3010560,5710.9,3.162647
1,dense_only_cdc,Dense-Only CDC,dense_only_cdc_5000,/data/yzhu/megatron-lm-moe-exp/logs/moe1b_dense_cdc_5000_seed42_20260321_150457.log,0,train,train,,loss,2950,5000,3020800,5722.7,3.158532
1,dense_only_cdc,Dense-Only CDC,dense_only_cdc_5000,/data/yzhu/megatron-lm-moe-exp/logs/moe1b_dense_cdc_5000_seed42_20260321_150457.log,0,train,train,,loss,2960,5000,3031040,5710.0,3.137969
1,dense_only_cdc,Dense-Only CDC,dense_only_cdc_5000,/data/yzhu/megatron-lm-moe-exp/logs/moe1b_dense_cdc_5000_seed42_20260321_150457.log,0,train,train,,loss,2970,5000,3041280,5723.6,3.144493
1,dense_only_cdc,Dense-Only CDC,dense_only_cdc_5000,/data/yzhu/megatron-lm-moe-exp/logs/moe1b_dense_cdc_5000_seed42_20260321_150457.log,0,train,train,,loss,2980,5000,3051520,5720.0,3.146019
1,dense_only_cdc,Dense-Only CDC,dense_only_cdc_5000,/data/yzhu/megatron-lm-moe-exp/logs/moe1b_dense_cdc_5000_seed42_20260321_150457.log,0,train,train,,loss,2990,5000,3061760,5674.2,3.157478
1,dense_only_cdc,Dense-Only CDC,dense_only_cdc_5000,/data/yzhu/megatron-lm-moe-exp/logs/moe1b_dense_cdc_5000_seed42_20260321_150457.log,0,train,train,,loss,3000,5000,3072000,5718.4,3.135013
1,dense_only_cdc,Dense-Only CDC,dense_only_cdc_5000,/data/yzhu/megatron-lm-moe-exp/logs/moe1b_dense_cdc_5000_seed42_20260321_150457.log,0,train,train,,loss,3010,5000,3082240,5727.4,3.140751
1,dense_only_cdc,Dense-Only CDC,dense_only_cdc_5000,/data/yzhu/megatron-lm-moe-exp/logs/moe1b_dense_cdc_5000_seed42_20260321_150457.log,0,train,train,,loss,3020,5000,3092480,5746.4,3.132354
1,dense_only_cdc,Dense-Only CDC,dense_only_cdc_5000,/data/yzhu/megatron-lm-moe-exp/logs/moe1b_dense_cdc_5000_seed42_20260321_150457.log,0,train,train,,loss,3030,5000,3102720,5734.0,3.152463
1,dense_only_cdc,Dense-Only CDC,dense_only_cdc_5000,/data/yzhu/megatron-lm-moe-exp/logs/moe1b_dense_cdc_5000_seed42_20260321_150457.log,0,train,train,,loss,3040,5000,3112960,5717.2,3.121384
1,dense_only_cdc,Dense-Only CDC,dense_only_cdc_5000,/data/yzhu/megatron-lm-moe-exp/logs/moe1b_dense_cdc_5000_seed42_20260321_150457.log,0,train,train,,loss,3050,5000,3123200,5731.8,3.128492
1,dense_only_cdc,Dense-Only CDC,dense_only_cdc_5000,/data/yzhu/megatron-lm-moe-exp/logs/moe1b_dense_cdc_5000_seed42_20260321_150457.log,0,train,train,,loss,3060,5000,3133440,5729.1,3.143935
1,dense_only_cdc,Dense-Only CDC,dense_only_cdc_5000,/data/yzhu/megatron-lm-moe-exp/logs/moe1b_dense_cdc_5000_seed42_20260321_150457.log,0,train,train,,loss,3070,5000,3143680,5722.1,3.146613
1,dense_only_cdc,Dense-Only CDC,dense_only_cdc_5000,/data/yzhu/megatron-lm-moe-exp/logs/moe1b_dense_cdc_5000_seed42_20260321_150457.log,0,train,train,,loss,3080,5000,3153920,5731.2,3.130675
1,dense_only_cdc,Dense-Only CDC,dense_only_cdc_5000,/data/yzhu/megatron-lm-moe-exp/logs/moe1b_dense_cdc_5000_seed42_20260321_150457.log,0,train,train,,loss,3090,5000,3164160,5694.1,3.135781
1,dense_only_cdc,Dense-Only CDC,dense_only_cdc_5000,/data/yzhu/megatron-lm-moe-exp/logs/moe1b_dense_cdc_5000_seed42_20260321_150457.log,0,train,train,,loss,3100,5000,3174400,5716.8,3.127653
1,dense_only_cdc,Dense-Only CDC,dense_only_cdc_5000,/data/yzhu/megatron-lm-moe-exp/logs/moe1b_dense_cdc_5000_seed42_20260321_150457.log,0,train,train,,loss,3110,5000,3184640,5752.6,3.130812
1,dense_only_cdc,Dense-Only CDC,dense_only_cdc_5000,/data/yzhu/megatron-lm-moe-exp/logs/moe1b_dense_cdc_5000_seed42_20260321_150457.log,0,train,train,,loss,3120,5000,3194880,5730.8,3.135944
1,dense_only_cdc,Dense-Only CDC,dense_only_cdc_5000,/data/yzhu/megatron-lm-moe-exp/logs/moe1b_dense_cdc_5000_seed42_20260321_150457.log,0,train,train,,loss,3130,5000,3205120,5709.5,3.145084
1,dense_only_cdc,Dense-Only CDC,dense_only_cdc_5000,/data/yzhu/megatron-lm-moe-exp/logs/moe1b_dense_cdc_5000_seed42_20260321_150457.log,0,train,train,,loss,3140,5000,3215360,5739.1,3.124358
1,dense_only_cdc,Dense-Only CDC,dense_only_cdc_5000,/data/yzhu/megatron-lm-moe-exp/logs/moe1b_dense_cdc_5000_seed42_20260321_150457.log,0,train,train,,loss,3150,5000,3225600,5726.0,3.147994
1,dense_only_cdc,Dense-Only CDC,dense_only_cdc_5000,/data/yzhu/megatron-lm-moe-exp/logs/moe1b_dense_cdc_5000_seed42_20260321_150457.log,0,train,train,,loss,3160,5000,3235840,5739.0,3.127784
1,dense_only_cdc,Dense-Only CDC,dense_only_cdc_5000,/data/yzhu/megatron-lm-moe-exp/logs/moe1b_dense_cdc_5000_seed42_20260321_150457.log,0,train,train,,loss,3170,5000,3246080,5723.2,3.141687
1,dense_only_cdc,Dense-Only CDC,dense_only_cdc_5000,/data/yzhu/megatron-lm-moe-exp/logs/moe1b_dense_cdc_5000_seed42_20260321_150457.log,0,train,train,,loss,3180,5000,3256320,5722.4,3.126603
1,dense_only_cdc,Dense-Only CDC,dense_only_cdc_5000,/data/yzhu/megatron-lm-moe-exp/logs/moe1b_dense_cdc_5000_seed42_20260321_150457.log,0,train,train,,loss,3190,5000,3266560,5698.8,3.11173
1,dense_only_cdc,Dense-Only CDC,dense_only_cdc_5000,/data/yzhu/megatron-lm-moe-exp/logs/moe1b_dense_cdc_5000_seed42_20260321_150457.log,0,train,train,,loss,3200,5000,3276800,5713.8,3.123415
1,dense_only_cdc,Dense-Only CDC,dense_only_cdc_5000,/data/yzhu/megatron-lm-moe-exp/logs/moe1b_dense_cdc_5000_seed42_20260321_150457.log,0,train,train,,loss,3210,5000,3287040,5754.4,3.121538
1,dense_only_cdc,Dense-Only CDC,dense_only_cdc_5000,/data/yzhu/megatron-lm-moe-exp/logs/moe1b_dense_cdc_5000_seed42_20260321_150457.log,0,train,train,,loss,3220,5000,3297280,5740.8,3.120289
1,dense_only_cdc,Dense-Only CDC,dense_only_cdc_5000,/data/yzhu/megatron-lm-moe-exp/logs/moe1b_dense_cdc_5000_seed42_20260321_150457.log,0,train,train,,loss,3230,5000,3307520,5734.5,3.117952
1,dense_only_cdc,Dense-Only CDC,dense_only_cdc_5000,/data/yzhu/megatron-lm-moe-exp/logs/moe1b_dense_cdc_5000_seed42_20260321_150457.log,0,train,train,,loss,3240,5000,3317760,5725.0,3.135385
1,dense_only_cdc,Dense-Only CDC,dense_only_cdc_5000,/data/yzhu/megatron-lm-moe-exp/logs/moe1b_dense_cdc_5000_seed42_20260321_150457.log,0,train,train,,loss,3250,5000,3328000,5737.4,3.123272
1,dense_only_cdc,Dense-Only CDC,dense_only_cdc_5000,/data/yzhu/megatron-lm-moe-exp/logs/moe1b_dense_cdc_5000_seed42_20260321_150457.log,0,train,train,,loss,3260,5000,3338240,5725.4,3.111957
1,dense_only_cdc,Dense-Only CDC,dense_only_cdc_5000,/data/yzhu/megatron-lm-moe-exp/logs/moe1b_dense_cdc_5000_seed42_20260321_150457.log,0,train,train,,loss,3270,5000,3348480,5708.9,3.13153
1,dense_only_cdc,Dense-Only CDC,dense_only_cdc_5000,/data/yzhu/megatron-lm-moe-exp/logs/moe1b_dense_cdc_5000_seed42_20260321_150457.log,0,train,train,,loss,3280,5000,3358720,5722.0,3.127006
1,dense_only_cdc,Dense-Only CDC,dense_only_cdc_5000,/data/yzhu/megatron-lm-moe-exp/logs/moe1b_dense_cdc_5000_seed42_20260321_150457.log,0,train,train,,loss,3290,5000,3368960,5671.2,3.114971
1,dense_only_cdc,Dense-Only CDC,dense_only_cdc_5000,/data/yzhu/megatron-lm-moe-exp/logs/moe1b_dense_cdc_5000_seed42_20260321_150457.log,0,train,train,,loss,3300,5000,3379200,5715.5,3.103067
1,dense_only_cdc,Dense-Only CDC,dense_only_cdc_5000,/data/yzhu/megatron-lm-moe-exp/logs/moe1b_dense_cdc_5000_seed42_20260321_150457.log,0,train,train,,loss,3310,5000,3389440,5740.8,3.120691
1,dense_only_cdc,Dense-Only CDC,dense_only_cdc_5000,/data/yzhu/megatron-lm-moe-exp/logs/moe1b_dense_cdc_5000_seed42_20260321_150457.log,0,train,train,,loss,3320,5000,3399680,5741.6,3.115876
1,dense_only_cdc,Dense-Only CDC,dense_only_cdc_5000,/data/yzhu/megatron-lm-moe-exp/logs/moe1b_dense_cdc_5000_seed42_20260321_150457.log,0,train,train,,loss,3330,5000,3409920,5726.2,3.12996
1,dense_only_cdc,Dense-Only CDC,dense_only_cdc_5000,/data/yzhu/megatron-lm-moe-exp/logs/moe1b_dense_cdc_5000_seed42_20260321_150457.log,0,train,train,,loss,3340,5000,3420160,5738.9,3.118511
1,dense_only_cdc,Dense-Only CDC,dense_only_cdc_5000,/data/yzhu/megatron-lm-moe-exp/logs/moe1b_dense_cdc_5000_seed42_20260321_150457.log,0,train,train,,loss,3350,5000,3430400,5726.1,3.119392
1,dense_only_cdc,Dense-Only CDC,dense_only_cdc_5000,/data/yzhu/megatron-lm-moe-exp/logs/moe1b_dense_cdc_5000_seed42_20260321_150457.log,0,train,train,,loss,3360,5000,3440640,5727.3,3.10063
1,dense_only_cdc,Dense-Only CDC,dense_only_cdc_5000,/data/yzhu/megatron-lm-moe-exp/logs/moe1b_dense_cdc_5000_seed42_20260321_150457.log,0,train,train,,loss,3370,5000,3450880,5739.0,3.114417
1,dense_only_cdc,Dense-Only CDC,dense_only_cdc_5000,/data/yzhu/megatron-lm-moe-exp/logs/moe1b_dense_cdc_5000_seed42_20260321_150457.log,0,train,train,,loss,3380,5000,3461120,5725.5,3.103197
1,dense_only_cdc,Dense-Only CDC,dense_only_cdc_5000,/data/yzhu/megatron-lm-moe-exp/logs/moe1b_dense_cdc_5000_seed42_20260321_150457.log,0,train,train,,loss,3390,5000,3471360,5705.0,3.112455
1,dense_only_cdc,Dense-Only CDC,dense_only_cdc_5000,/data/yzhu/megatron-lm-moe-exp/logs/moe1b_dense_cdc_5000_seed42_20260321_150457.log,0,train,train,,loss,3400,5000,3481600,5711.6,3.09954
1,dense_only_cdc,Dense-Only CDC,dense_only_cdc_5000,/data/yzhu/megatron-lm-moe-exp/logs/moe1b_dense_cdc_5000_seed42_20260321_150457.log,0,train,train,,loss,3410,5000,3491840,5743.4,3.115887
1,dense_only_cdc,Dense-Only CDC,dense_only_cdc_5000,/data/yzhu/megatron-lm-moe-exp/logs/moe1b_dense_cdc_5000_seed42_20260321_150457.log,0,train,train,,loss,3420,5000,3502080,5737.6,3.10434
1,dense_only_cdc,Dense-Only CDC,dense_only_cdc_5000,/data/yzhu/megatron-lm-moe-exp/logs/moe1b_dense_cdc_5000_seed42_20260321_150457.log,0,train,train,,loss,3430,5000,3512320,5722.7,3.104287
1,dense_only_cdc,Dense-Only CDC,dense_only_cdc_5000,/data/yzhu/megatron-lm-moe-exp/logs/moe1b_dense_cdc_5000_seed42_20260321_150457.log,0,train,train,,loss,3440,5000,3522560,5709.8,3.088718
1,dense_only_cdc,Dense-Only CDC,dense_only_cdc_5000,/data/yzhu/megatron-lm-moe-exp/logs/moe1b_dense_cdc_5000_seed42_20260321_150457.log,0,train,train,,loss,3450,5000,3532800,5720.6,3.117921
1,dense_only_cdc,Dense-Only CDC,dense_only_cdc_5000,/data/yzhu/megatron-lm-moe-exp/logs/moe1b_dense_cdc_5000_seed42_20260321_150457.log,0,train,train,,loss,3460,5000,3543040,5723.5,3.106109
1,dense_only_cdc,Dense-Only CDC,dense_only_cdc_5000,/data/yzhu/megatron-lm-moe-exp/logs/moe1b_dense_cdc_5000_seed42_20260321_150457.log,0,train,train,,loss,3470,5000,3553280,5721.6,3.102803
1,dense_only_cdc,Dense-Only CDC,dense_only_cdc_5000,/data/yzhu/megatron-lm-moe-exp/logs/moe1b_dense_cdc_5000_seed42_20260321_150457.log,0,train,train,,loss,3480,5000,3563520,5724.1,3.119194
1,dense_only_cdc,Dense-Only CDC,dense_only_cdc_5000,/data/yzhu/megatron-lm-moe-exp/logs/moe1b_dense_cdc_5000_seed42_20260321_150457.log,0,train,train,,loss,3490,5000,3573760,5683.0,3.097461
1,dense_only_cdc,Dense-Only CDC,dense_only_cdc_5000,/data/yzhu/megatron-lm-moe-exp/logs/moe1b_dense_cdc_5000_seed42_20260321_150457.log,0,train,train,,loss,3500,5000,3584000,5714.4,3.110154
1,dense_only_cdc,Dense-Only CDC,dense_only_cdc_5000,/data/yzhu/megatron-lm-moe-exp/logs/moe1b_dense_cdc_5000_seed42_20260321_150457.log,0,train,train,,loss,3510,5000,3594240,5736.0,3.101141
1,dense_only_cdc,Dense-Only CDC,dense_only_cdc_5000,/data/yzhu/megatron-lm-moe-exp/logs/moe1b_dense_cdc_5000_seed42_20260321_150457.log,0,train,train,,loss,3520,5000,3604480,5745.9,3.089367
1,dense_only_cdc,Dense-Only CDC,dense_only_cdc_5000,/data/yzhu/megatron-lm-moe-exp/logs/moe1b_dense_cdc_5000_seed42_20260321_150457.log,0,train,train,,loss,3530,5000,3614720,5711.0,3.082448
1,dense_only_cdc,Dense-Only CDC,dense_only_cdc_5000,/data/yzhu/megatron-lm-moe-exp/logs/moe1b_dense_cdc_5000_seed42_20260321_150457.log,0,train,train,,loss,3540,5000,3624960,5713.2,3.107114
1,dense_only_cdc,Dense-Only CDC,dense_only_cdc_5000,/data/yzhu/megatron-lm-moe-exp/logs/moe1b_dense_cdc_5000_seed42_20260321_150457.log,0,train,train,,loss,3550,5000,3635200,5727.9,3.096542
1,dense_only_cdc,Dense-Only CDC,dense_only_cdc_5000,/data/yzhu/megatron-lm-moe-exp/logs/moe1b_dense_cdc_5000_seed42_20260321_150457.log,0,train,train,,loss,3560,5000,3645440,5713.7,3.081063
1,dense_only_cdc,Dense-Only CDC,dense_only_cdc_5000,/data/yzhu/megatron-lm-moe-exp/logs/moe1b_dense_cdc_5000_seed42_20260321_150457.log,0,train,train,,loss,3570,5000,3655680,5725.4,3.093696
1,dense_only_cdc,Dense-Only CDC,dense_only_cdc_5000,/data/yzhu/megatron-lm-moe-exp/logs/moe1b_dense_cdc_5000_seed42_20260321_150457.log,0,train,train,,loss,3580,5000,3665920,5713.2,3.098182
1,dense_only_cdc,Dense-Only CDC,dense_only_cdc_5000,/data/yzhu/megatron-lm-moe-exp/logs/moe1b_dense_cdc_5000_seed42_20260321_150457.log,0,train,train,,loss,3590,5000,3676160,5688.6,3.079964
1,dense_only_cdc,Dense-Only CDC,dense_only_cdc_5000,/data/yzhu/megatron-lm-moe-exp/logs/moe1b_dense_cdc_5000_seed42_20260321_150457.log,0,train,train,,loss,3600,5000,3686400,5705.4,3.090734
1,dense_only_cdc,Dense-Only CDC,dense_only_cdc_5000,/data/yzhu/megatron-lm-moe-exp/logs/moe1b_dense_cdc_5000_seed42_20260321_150457.log,0,train,train,,loss,3610,5000,3696640,5744.1,3.092159
1,dense_only_cdc,Dense-Only CDC,dense_only_cdc_5000,/data/yzhu/megatron-lm-moe-exp/logs/moe1b_dense_cdc_5000_seed42_20260321_150457.log,0,train,train,,loss,3620,5000,3706880,5742.9,3.085929
1,dense_only_cdc,Dense-Only CDC,dense_only_cdc_5000,/data/yzhu/megatron-lm-moe-exp/logs/moe1b_dense_cdc_5000_seed42_20260321_150457.log,0,train,train,,loss,3630,5000,3717120,5710.2,3.099313
1,dense_only_cdc,Dense-Only CDC,dense_only_cdc_5000,/data/yzhu/megatron-lm-moe-exp/logs/moe1b_dense_cdc_5000_seed42_20260321_150457.log,0,train,train,,loss,3640,5000,3727360,5713.3,3.081199
1,dense_only_cdc,Dense-Only CDC,dense_only_cdc_5000,/data/yzhu/megatron-lm-moe-exp/logs/moe1b_dense_cdc_5000_seed42_20260321_150457.log,0,train,train,,loss,3650,5000,3737600,5727.0,3.074226
1,dense_only_cdc,Dense-Only CDC,dense_only_cdc_5000,/data/yzhu/megatron-lm-moe-exp/logs/moe1b_dense_cdc_5000_seed42_20260321_150457.log,0,train,train,,loss,3660,5000,3747840,5714.1,3.080045
1,dense_only_cdc,Dense-Only CDC,dense_only_cdc_5000,/data/yzhu/megatron-lm-moe-exp/logs/moe1b_dense_cdc_5000_seed42_20260321_150457.log,0,train,train,,loss,3670,5000,3758080,5713.2,3.08497
1,dense_only_cdc,Dense-Only CDC,dense_only_cdc_5000,/data/yzhu/megatron-lm-moe-exp/logs/moe1b_dense_cdc_5000_seed42_20260321_150457.log,0,train,train,,loss,3680,5000,3768320,5730.0,3.088674
1,dense_only_cdc,Dense-Only CDC,dense_only_cdc_5000,/data/yzhu/megatron-lm-moe-exp/logs/moe1b_dense_cdc_5000_seed42_20260321_150457.log,0,train,train,,loss,3690,5000,3778560,5679.1,3.077504
1,dense_only_cdc,Dense-Only CDC,dense_only_cdc_5000,/data/yzhu/megatron-lm-moe-exp/logs/moe1b_dense_cdc_5000_seed42_20260321_150457.log,0,train,train,,loss,3700,5000,3788800,5722.7,3.071548
1,dense_only_cdc,Dense-Only CDC,dense_only_cdc_5000,/data/yzhu/megatron-lm-moe-exp/logs/moe1b_dense_cdc_5000_seed42_20260321_150457.log,0,train,train,,loss,3710,5000,3799040,5744.0,3.081429
1,dense_only_cdc,Dense-Only CDC,dense_only_cdc_5000,/data/yzhu/megatron-lm-moe-exp/logs/moe1b_dense_cdc_5000_seed42_20260321_150457.log,0,train,train,,loss,3720,5000,3809280,5744.9,3.086103
1,dense_only_cdc,Dense-Only CDC,dense_only_cdc_5000,/data/yzhu/megatron-lm-moe-exp/logs/moe1b_dense_cdc_5000_seed42_20260321_150457.log,0,train,train,,loss,3730,5000,3819520,5722.1,3.084984
1,dense_only_cdc,Dense-Only CDC,dense_only_cdc_5000,/data/yzhu/megatron-lm-moe-exp/logs/moe1b_dense_cdc_5000_seed42_20260321_150457.log,0,train,train,,loss,3740,5000,3829760,5713.4,3.067959
1,dense_only_cdc,Dense-Only CDC,dense_only_cdc_5000,/data/yzhu/megatron-lm-moe-exp/logs/moe1b_dense_cdc_5000_seed42_20260321_150457.log,0,train,train,,loss,3750,5000,3840000,5726.3,3.079031
1,dense_only_cdc,Dense-Only CDC,dense_only_cdc_5000,/data/yzhu/megatron-lm-moe-exp/logs/moe1b_dense_cdc_5000_seed42_20260321_150457.log,0,train,train,,loss,3760,5000,3850240,5718.9,3.067291
1,dense_only_cdc,Dense-Only CDC,dense_only_cdc_5000,/data/yzhu/megatron-lm-moe-exp/logs/moe1b_dense_cdc_5000_seed42_20260321_150457.log,0,train,train,,loss,3770,5000,3860480,5726.3,3.069452
1,dense_only_cdc,Dense-Only CDC,dense_only_cdc_5000,/data/yzhu/megatron-lm-moe-exp/logs/moe1b_dense_cdc_5000_seed42_20260321_150457.log,0,train,train,,loss,3780,5000,3870720,5717.9,3.074678
1,dense_only_cdc,Dense-Only CDC,dense_only_cdc_5000,/data/yzhu/megatron-lm-moe-exp/logs/moe1b_dense_cdc_5000_seed42_20260321_150457.log,0,train,train,,loss,3790,5000,3880960,5679.9,3.080323
1,dense_only_cdc,Dense-Only CDC,dense_only_cdc_5000,/data/yzhu/megatron-lm-moe-exp/logs/moe1b_dense_cdc_5000_seed42_20260321_150457.log,0,train,train,,loss,3800,5000,3891200,5722.6,3.071856
1,dense_only_cdc,Dense-Only CDC,dense_only_cdc_5000,/data/yzhu/megatron-lm-moe-exp/logs/moe1b_dense_cdc_5000_seed42_20260321_150457.log,0,train,train,,loss,3810,5000,3901440,5741.3,3.081072
1,dense_only_cdc,Dense-Only CDC,dense_only_cdc_5000,/data/yzhu/megatron-lm-moe-exp/logs/moe1b_dense_cdc_5000_seed42_20260321_150457.log,0,train,train,,loss,3820,5000,3911680,5745.3,3.085075
1,dense_only_cdc,Dense-Only CDC,dense_only_cdc_5000,/data/yzhu/megatron-lm-moe-exp/logs/moe1b_dense_cdc_5000_seed42_20260321_150457.log,0,train,train,,loss,3830,5000,3921920,5718.5,3.075188
1,dense_only_cdc,Dense-Only CDC,dense_only_cdc_5000,/data/yzhu/megatron-lm-moe-exp/logs/moe1b_dense_cdc_5000_seed42_20260321_150457.log,0,train,train,,loss,3840,5000,3932160,5712.3,3.078867
1,dense_only_cdc,Dense-Only CDC,dense_only_cdc_5000,/data/yzhu/megatron-lm-moe-exp/logs/moe1b_dense_cdc_5000_seed42_20260321_150457.log,0,train,train,,loss,3850,5000,3942400,5725.9,3.080527
1,dense_only_cdc,Dense-Only CDC,dense_only_cdc_5000,/data/yzhu/megatron-lm-moe-exp/logs/moe1b_dense_cdc_5000_seed42_20260321_150457.log,0,train,train,,loss,3860,5000,3952640,5713.0,3.064583
1,dense_only_cdc,Dense-Only CDC,dense_only_cdc_5000,/data/yzhu/megatron-lm-moe-exp/logs/moe1b_dense_cdc_5000_seed42_20260321_150457.log,0,train,train,,loss,3870,5000,3962880,5725.1,3.079472
1,dense_only_cdc,Dense-Only CDC,dense_only_cdc_5000,/data/yzhu/megatron-lm-moe-exp/logs/moe1b_dense_cdc_5000_seed42_20260321_150457.log,0,train,train,,loss,3880,5000,3973120,5711.0,3.066788
1,dense_only_cdc,Dense-Only CDC,dense_only_cdc_5000,/data/yzhu/megatron-lm-moe-exp/logs/moe1b_dense_cdc_5000_seed42_20260321_150457.log,0,train,train,,loss,3890,5000,3983360,5682.1,3.067622
1,dense_only_cdc,Dense-Only CDC,dense_only_cdc_5000,/data/yzhu/megatron-lm-moe-exp/logs/moe1b_dense_cdc_5000_seed42_20260321_150457.log,0,train,train,,loss,3900,5000,3993600,5702.9,3.071942
1,dense_only_cdc,Dense-Only CDC,dense_only_cdc_5000,/data/yzhu/megatron-lm-moe-exp/logs/moe1b_dense_cdc_5000_seed42_20260321_150457.log,0,train,train,,loss,3910,5000,4003840,5750.6,3.074283
1,dense_only_cdc,Dense-Only CDC,dense_only_cdc_5000,/data/yzhu/megatron-lm-moe-exp/logs/moe1b_dense_cdc_5000_seed42_20260321_150457.log,0,train,train,,loss,3920,5000,4014080,5740.8,3.064676
1,dense_only_cdc,Dense-Only CDC,dense_only_cdc_5000,/data/yzhu/megatron-lm-moe-exp/logs/moe1b_dense_cdc_5000_seed42_20260321_150457.log,0,train,train,,loss,3930,5000,4024320,5723.0,3.091023
1,dense_only_cdc,Dense-Only CDC,dense_only_cdc_5000,/data/yzhu/megatron-lm-moe-exp/logs/moe1b_dense_cdc_5000_seed42_20260321_150457.log,0,train,train,,loss,3940,5000,4034560,5721.7,3.083609
1,dense_only_cdc,Dense-Only CDC,dense_only_cdc_5000,/data/yzhu/megatron-lm-moe-exp/logs/moe1b_dense_cdc_5000_seed42_20260321_150457.log,0,train,train,,loss,3950,5000,4044800,5711.8,3.075248
1,dense_only_cdc,Dense-Only CDC,dense_only_cdc_5000,/data/yzhu/megatron-lm-moe-exp/logs/moe1b_dense_cdc_5000_seed42_20260321_150457.log,0,train,train,,loss,3960,5000,4055040,5725.5,3.060043
1,dense_only_cdc,Dense-Only CDC,dense_only_cdc_5000,/data/yzhu/megatron-lm-moe-exp/logs/moe1b_dense_cdc_5000_seed42_20260321_150457.log,0,train,train,,loss,3970,5000,4065280,5713.9,3.051317
1,dense_only_cdc,Dense-Only CDC,dense_only_cdc_5000,/data/yzhu/megatron-lm-moe-exp/logs/moe1b_dense_cdc_5000_seed42_20260321_150457.log,0,train,train,,loss,3980,5000,4075520,5735.8,3.063778
1,dense_only_cdc,Dense-Only CDC,dense_only_cdc_5000,/data/yzhu/megatron-lm-moe-exp/logs/moe1b_dense_cdc_5000_seed42_20260321_150457.log,0,train,train,,loss,3990,5000,4085760,5699.8,3.066794
1,dense_only_cdc,Dense-Only CDC,dense_only_cdc_5000,/data/yzhu/megatron-lm-moe-exp/logs/moe1b_dense_cdc_5000_seed42_20260321_150457.log,0,train,train,,loss,4000,5000,4096000,5731.7,3.067721
1,dense_only_cdc,Dense-Only CDC,dense_only_cdc_5000,/data/yzhu/megatron-lm-moe-exp/logs/moe1b_dense_cdc_5000_seed42_20260321_150457.log,0,train,train,,loss,4010,5000,4106240,5730.6,3.061299
1,dense_only_cdc,Dense-Only CDC,dense_only_cdc_5000,/data/yzhu/megatron-lm-moe-exp/logs/moe1b_dense_cdc_5000_seed42_20260321_150457.log,0,train,train,,loss,4020,5000,4116480,5737.3,3.067615
1,dense_only_cdc,Dense-Only CDC,dense_only_cdc_5000,/data/yzhu/megatron-lm-moe-exp/logs/moe1b_dense_cdc_5000_seed42_20260321_150457.log,0,train,train,,loss,4030,5000,4126720,5736.1,3.041455
1,dense_only_cdc,Dense-Only CDC,dense_only_cdc_5000,/data/yzhu/megatron-lm-moe-exp/logs/moe1b_dense_cdc_5000_seed42_20260321_150457.log,0,train,train,,loss,4040,5000,4136960,5721.0,3.06241
1,dense_only_cdc,Dense-Only CDC,dense_only_cdc_5000,/data/yzhu/megatron-lm-moe-exp/logs/moe1b_dense_cdc_5000_seed42_20260321_150457.log,0,train,train,,loss,4050,5000,4147200,5731.6,3.07871
1,dense_only_cdc,Dense-Only CDC,dense_only_cdc_5000,/data/yzhu/megatron-lm-moe-exp/logs/moe1b_dense_cdc_5000_seed42_20260321_150457.log,0,train,train,,loss,4060,5000,4157440,5734.9,3.076604
1,dense_only_cdc,Dense-Only CDC,dense_only_cdc_5000,/data/yzhu/megatron-lm-moe-exp/logs/moe1b_dense_cdc_5000_seed42_20260321_150457.log,0,train,train,,loss,4070,5000,4167680,5721.3,3.044846
1,dense_only_cdc,Dense-Only CDC,dense_only_cdc_5000,/data/yzhu/megatron-lm-moe-exp/logs/moe1b_dense_cdc_5000_seed42_20260321_150457.log,0,train,train,,loss,4080,5000,4177920,5736.6,3.088788
1,dense_only_cdc,Dense-Only CDC,dense_only_cdc_5000,/data/yzhu/megatron-lm-moe-exp/logs/moe1b_dense_cdc_5000_seed42_20260321_150457.log,0,train,train,,loss,4090,5000,4188160,5684.9,3.057294
1,dense_only_cdc,Dense-Only CDC,dense_only_cdc_5000,/data/yzhu/megatron-lm-moe-exp/logs/moe1b_dense_cdc_5000_seed42_20260321_150457.log,0,train,train,,loss,4100,5000,4198400,5712.0,3.055222
1,dense_only_cdc,Dense-Only CDC,dense_only_cdc_5000,/data/yzhu/megatron-lm-moe-exp/logs/moe1b_dense_cdc_5000_seed42_20260321_150457.log,0,train,train,,loss,4110,5000,4208640,5757.0,3.054463
1,dense_only_cdc,Dense-Only CDC,dense_only_cdc_5000,/data/yzhu/megatron-lm-moe-exp/logs/moe1b_dense_cdc_5000_seed42_20260321_150457.log,0,train,train,,loss,4120,5000,4218880,5753.9,3.072581
1,dense_only_cdc,Dense-Only CDC,dense_only_cdc_5000,/data/yzhu/megatron-lm-moe-exp/logs/moe1b_dense_cdc_5000_seed42_20260321_150457.log,0,train,train,,loss,4130,5000,4229120,5737.9,3.063949
1,dense_only_cdc,Dense-Only CDC,dense_only_cdc_5000,/data/yzhu/megatron-lm-moe-exp/logs/moe1b_dense_cdc_5000_seed42_20260321_150457.log,0,train,train,,loss,4140,5000,4239360,5721.8,3.060803
1,dense_only_cdc,Dense-Only CDC,dense_only_cdc_5000,/data/yzhu/megatron-lm-moe-exp/logs/moe1b_dense_cdc_5000_seed42_20260321_150457.log,0,train,train,,loss,4150,5000,4249600,5735.8,3.057565
1,dense_only_cdc,Dense-Only CDC,dense_only_cdc_5000,/data/yzhu/megatron-lm-moe-exp/logs/moe1b_dense_cdc_5000_seed42_20260321_150457.log,0,train,train,,loss,4160,5000,4259840,5723.2,3.046896
1,dense_only_cdc,Dense-Only CDC,dense_only_cdc_5000,/data/yzhu/megatron-lm-moe-exp/logs/moe1b_dense_cdc_5000_seed42_20260321_150457.log,0,train,train,,loss,4170,5000,4270080,5735.3,3.048877
1,dense_only_cdc,Dense-Only CDC,dense_only_cdc_5000,/data/yzhu/megatron-lm-moe-exp/logs/moe1b_dense_cdc_5000_seed42_20260321_150457.log,0,train,train,,loss,4180,5000,4280320,5727.3,3.060433
1,dense_only_cdc,Dense-Only CDC,dense_only_cdc_5000,/data/yzhu/megatron-lm-moe-exp/logs/moe1b_dense_cdc_5000_seed42_20260321_150457.log,0,train,train,,loss,4190,5000,4290560,5688.3,3.054659
1,dense_only_cdc,Dense-Only CDC,dense_only_cdc_5000,/data/yzhu/megatron-lm-moe-exp/logs/moe1b_dense_cdc_5000_seed42_20260321_150457.log,0,train,train,,loss,4200,5000,4300800,5713.0,3.065026
1,dense_only_cdc,Dense-Only CDC,dense_only_cdc_5000,/data/yzhu/megatron-lm-moe-exp/logs/moe1b_dense_cdc_5000_seed42_20260321_150457.log,0,train,train,,loss,4210,5000,4311040,5729.0,3.052487
1,dense_only_cdc,Dense-Only CDC,dense_only_cdc_5000,/data/yzhu/megatron-lm-moe-exp/logs/moe1b_dense_cdc_5000_seed42_20260321_150457.log,0,train,train,,loss,4220,5000,4321280,5738.6,3.069835
1,dense_only_cdc,Dense-Only CDC,dense_only_cdc_5000,/data/yzhu/megatron-lm-moe-exp/logs/moe1b_dense_cdc_5000_seed42_20260321_150457.log,0,train,train,,loss,4230,5000,4331520,5738.2,3.061271
1,dense_only_cdc,Dense-Only CDC,dense_only_cdc_5000,/data/yzhu/megatron-lm-moe-exp/logs/moe1b_dense_cdc_5000_seed42_20260321_150457.log,0,train,train,,loss,4240,5000,4341760,5711.2,3.048331
1,dense_only_cdc,Dense-Only CDC,dense_only_cdc_5000,/data/yzhu/megatron-lm-moe-exp/logs/moe1b_dense_cdc_5000_seed42_20260321_150457.log,0,train,train,,loss,4250,5000,4352000,5714.1,3.072034
1,dense_only_cdc,Dense-Only CDC,dense_only_cdc_5000,/data/yzhu/megatron-lm-moe-exp/logs/moe1b_dense_cdc_5000_seed42_20260321_150457.log,0,train,train,,loss,4260,5000,4362240,5724.0,3.042903
1,dense_only_cdc,Dense-Only CDC,dense_only_cdc_5000,/data/yzhu/megatron-lm-moe-exp/logs/moe1b_dense_cdc_5000_seed42_20260321_150457.log,0,train,train,,loss,4270,5000,4372480,5719.0,3.062668
1,dense_only_cdc,Dense-Only CDC,dense_only_cdc_5000,/data/yzhu/megatron-lm-moe-exp/logs/moe1b_dense_cdc_5000_seed42_20260321_150457.log,0,train,train,,loss,4280,5000,4382720,5728.2,3.056689
1,dense_only_cdc,Dense-Only CDC,dense_only_cdc_5000,/data/yzhu/megatron-lm-moe-exp/logs/moe1b_dense_cdc_5000_seed42_20260321_150457.log,0,train,train,,loss,4290,5000,4392960,5704.2,3.050845
1,dense_only_cdc,Dense-Only CDC,dense_only_cdc_5000,/data/yzhu/megatron-lm-moe-exp/logs/moe1b_dense_cdc_5000_seed42_20260321_150457.log,0,train,train,,loss,4300,5000,4403200,5724.9,3.065707
1,dense_only_cdc,Dense-Only CDC,dense_only_cdc_5000,/data/yzhu/megatron-lm-moe-exp/logs/moe1b_dense_cdc_5000_seed42_20260321_150457.log,0,train,train,,loss,4310,5000,4413440,5740.7,3.047954
1,dense_only_cdc,Dense-Only CDC,dense_only_cdc_5000,/data/yzhu/megatron-lm-moe-exp/logs/moe1b_dense_cdc_5000_seed42_20260321_150457.log,0,train,train,,loss,4320,5000,4423680,5750.5,3.065997
1,dense_only_cdc,Dense-Only CDC,dense_only_cdc_5000,/data/yzhu/megatron-lm-moe-exp/logs/moe1b_dense_cdc_5000_seed42_20260321_150457.log,0,train,train,,loss,4330,5000,4433920,5714.0,3.045104
1,dense_only_cdc,Dense-Only CDC,dense_only_cdc_5000,/data/yzhu/megatron-lm-moe-exp/logs/moe1b_dense_cdc_5000_seed42_20260321_150457.log,0,train,train,,loss,4340,5000,4444160,5732.5,3.041183
1,dense_only_cdc,Dense-Only CDC,dense_only_cdc_5000,/data/yzhu/megatron-lm-moe-exp/logs/moe1b_dense_cdc_5000_seed42_20260321_150457.log,0,train,train,,loss,4350,5000,4454400,5724.4,3.051854
1,dense_only_cdc,Dense-Only CDC,dense_only_cdc_5000,/data/yzhu/megatron-lm-moe-exp/logs/moe1b_dense_cdc_5000_seed42_20260321_150457.log,0,train,train,,loss,4360,5000,4464640,5733.3,3.055066
1,dense_only_cdc,Dense-Only CDC,dense_only_cdc_5000,/data/yzhu/megatron-lm-moe-exp/logs/moe1b_dense_cdc_5000_seed42_20260321_150457.log,0,train,train,,loss,4370,5000,4474880,5739.6,3.047669
1,dense_only_cdc,Dense-Only CDC,dense_only_cdc_5000,/data/yzhu/megatron-lm-moe-exp/logs/moe1b_dense_cdc_5000_seed42_20260321_150457.log,0,train,train,,loss,4380,5000,4485120,5725.4,3.055812
1,dense_only_cdc,Dense-Only CDC,dense_only_cdc_5000,/data/yzhu/megatron-lm-moe-exp/logs/moe1b_dense_cdc_5000_seed42_20260321_150457.log,0,train,train,,loss,4390,5000,4495360,5693.6,3.044984
1,dense_only_cdc,Dense-Only CDC,dense_only_cdc_5000,/data/yzhu/megatron-lm-moe-exp/logs/moe1b_dense_cdc_5000_seed42_20260321_150457.log,0,train,train,,loss,4400,5000,4505600,5705.7,3.066802
1,dense_only_cdc,Dense-Only CDC,dense_only_cdc_5000,/data/yzhu/megatron-lm-moe-exp/logs/moe1b_dense_cdc_5000_seed42_20260321_150457.log,0,train,train,,loss,4410,5000,4515840,5746.1,3.037903
1,dense_only_cdc,Dense-Only CDC,dense_only_cdc_5000,/data/yzhu/megatron-lm-moe-exp/logs/moe1b_dense_cdc_5000_seed42_20260321_150457.log,0,train,train,,loss,4420,5000,4526080,5730.8,3.066614
1,dense_only_cdc,Dense-Only CDC,dense_only_cdc_5000,/data/yzhu/megatron-lm-moe-exp/logs/moe1b_dense_cdc_5000_seed42_20260321_150457.log,0,train,train,,loss,4430,5000,4536320,5719.6,3.062652
1,dense_only_cdc,Dense-Only CDC,dense_only_cdc_5000,/data/yzhu/megatron-lm-moe-exp/logs/moe1b_dense_cdc_5000_seed42_20260321_150457.log,0,train,train,,loss,4440,5000,4546560,5730.5,3.056681
1,dense_only_cdc,Dense-Only CDC,dense_only_cdc_5000,/data/yzhu/megatron-lm-moe-exp/logs/moe1b_dense_cdc_5000_seed42_20260321_150457.log,0,train,train,,loss,4450,5000,4556800,5729.6,3.062759
1,dense_only_cdc,Dense-Only CDC,dense_only_cdc_5000,/data/yzhu/megatron-lm-moe-exp/logs/moe1b_dense_cdc_5000_seed42_20260321_150457.log,0,train,train,,loss,4460,5000,4567040,5736.4,3.042709
1,dense_only_cdc,Dense-Only CDC,dense_only_cdc_5000,/data/yzhu/megatron-lm-moe-exp/logs/moe1b_dense_cdc_5000_seed42_20260321_150457.log,0,train,train,,loss,4470,5000,4577280,5721.7,3.03922
1,dense_only_cdc,Dense-Only CDC,dense_only_cdc_5000,/data/yzhu/megatron-lm-moe-exp/logs/moe1b_dense_cdc_5000_seed42_20260321_150457.log,0,train,train,,loss,4480,5000,4587520,5736.5,3.050918
1,dense_only_cdc,Dense-Only CDC,dense_only_cdc_5000,/data/yzhu/megatron-lm-moe-exp/logs/moe1b_dense_cdc_5000_seed42_20260321_150457.log,0,train,train,,loss,4490,5000,4597760,5682.9,3.044796
1,dense_only_cdc,Dense-Only CDC,dense_only_cdc_5000,/data/yzhu/megatron-lm-moe-exp/logs/moe1b_dense_cdc_5000_seed42_20260321_150457.log,0,train,train,,loss,4500,5000,4608000,5726.3,3.057335
1,dense_only_cdc,Dense-Only CDC,dense_only_cdc_5000,/data/yzhu/megatron-lm-moe-exp/logs/moe1b_dense_cdc_5000_seed42_20260321_150457.log,0,train,train,,loss,4510,5000,4618240,5746.3,3.045552
1,dense_only_cdc,Dense-Only CDC,dense_only_cdc_5000,/data/yzhu/megatron-lm-moe-exp/logs/moe1b_dense_cdc_5000_seed42_20260321_150457.log,0,train,train,,loss,4520,5000,4628480,5742.7,3.04824
1,dense_only_cdc,Dense-Only CDC,dense_only_cdc_5000,/data/yzhu/megatron-lm-moe-exp/logs/moe1b_dense_cdc_5000_seed42_20260321_150457.log,0,train,train,,loss,4530,5000,4638720,5734.1,3.046367
1,dense_only_cdc,Dense-Only CDC,dense_only_cdc_5000,/data/yzhu/megatron-lm-moe-exp/logs/moe1b_dense_cdc_5000_seed42_20260321_150457.log,0,train,train,,loss,4540,5000,4648960,5716.1,3.03943
1,dense_only_cdc,Dense-Only CDC,dense_only_cdc_5000,/data/yzhu/megatron-lm-moe-exp/logs/moe1b_dense_cdc_5000_seed42_20260321_150457.log,0,train,train,,loss,4550,5000,4659200,5725.0,3.062278
1,dense_only_cdc,Dense-Only CDC,dense_only_cdc_5000,/data/yzhu/megatron-lm-moe-exp/logs/moe1b_dense_cdc_5000_seed42_20260321_150457.log,0,train,train,,loss,4560,5000,4669440,5720.9,3.065591
1,dense_only_cdc,Dense-Only CDC,dense_only_cdc_5000,/data/yzhu/megatron-lm-moe-exp/logs/moe1b_dense_cdc_5000_seed42_20260321_150457.log,0,train,train,,loss,4570,5000,4679680,5723.6,3.074657
1,dense_only_cdc,Dense-Only CDC,dense_only_cdc_5000,/data/yzhu/megatron-lm-moe-exp/logs/moe1b_dense_cdc_5000_seed42_20260321_150457.log,0,train,train,,loss,4580,5000,4689920,5723.5,3.042024
1,dense_only_cdc,Dense-Only CDC,dense_only_cdc_5000,/data/yzhu/megatron-lm-moe-exp/logs/moe1b_dense_cdc_5000_seed42_20260321_150457.log,0,train,train,,loss,4590,5000,4700160,5700.6,3.058611
1,dense_only_cdc,Dense-Only CDC,dense_only_cdc_5000,/data/yzhu/megatron-lm-moe-exp/logs/moe1b_dense_cdc_5000_seed42_20260321_150457.log,0,train,train,,loss,4600,5000,4710400,5711.5,3.02094
1,dense_only_cdc,Dense-Only CDC,dense_only_cdc_5000,/data/yzhu/megatron-lm-moe-exp/logs/moe1b_dense_cdc_5000_seed42_20260321_150457.log,0,train,train,,loss,4610,5000,4720640,5728.6,3.038733
1,dense_only_cdc,Dense-Only CDC,dense_only_cdc_5000,/data/yzhu/megatron-lm-moe-exp/logs/moe1b_dense_cdc_5000_seed42_20260321_150457.log,0,train,train,,loss,4620,5000,4730880,5741.0,3.054325
1,dense_only_cdc,Dense-Only CDC,dense_only_cdc_5000,/data/yzhu/megatron-lm-moe-exp/logs/moe1b_dense_cdc_5000_seed42_20260321_150457.log,0,train,train,,loss,4630,5000,4741120,5724.6,3.050525
1,dense_only_cdc,Dense-Only CDC,dense_only_cdc_5000,/data/yzhu/megatron-lm-moe-exp/logs/moe1b_dense_cdc_5000_seed42_20260321_150457.log,0,train,train,,loss,4640,5000,4751360,5739.5,3.041363
1,dense_only_cdc,Dense-Only CDC,dense_only_cdc_5000,/data/yzhu/megatron-lm-moe-exp/logs/moe1b_dense_cdc_5000_seed42_20260321_150457.log,0,train,train,,loss,4650,5000,4761600,5723.9,3.052926
1,dense_only_cdc,Dense-Only CDC,dense_only_cdc_5000,/data/yzhu/megatron-lm-moe-exp/logs/moe1b_dense_cdc_5000_seed42_20260321_150457.log,0,train,train,,loss,4660,5000,4771840,5738.6,3.056064
1,dense_only_cdc,Dense-Only CDC,dense_only_cdc_5000,/data/yzhu/megatron-lm-moe-exp/logs/moe1b_dense_cdc_5000_seed42_20260321_150457.log,0,train,train,,loss,4670,5000,4782080,5725.0,3.041568
1,dense_only_cdc,Dense-Only CDC,dense_only_cdc_5000,/data/yzhu/megatron-lm-moe-exp/logs/moe1b_dense_cdc_5000_seed42_20260321_150457.log,0,train,train,,loss,4680,5000,4792320,5739.8,3.048631
1,dense_only_cdc,Dense-Only CDC,dense_only_cdc_5000,/data/yzhu/megatron-lm-moe-exp/logs/moe1b_dense_cdc_5000_seed42_20260321_150457.log,0,train,train,,loss,4690,5000,4802560,5684.0,3.059892
1,dense_only_cdc,Dense-Only CDC,dense_only_cdc_5000,/data/yzhu/megatron-lm-moe-exp/logs/moe1b_dense_cdc_5000_seed42_20260321_150457.log,0,train,train,,loss,4700,5000,4812800,5708.5,3.048151
1,dense_only_cdc,Dense-Only CDC,dense_only_cdc_5000,/data/yzhu/megatron-lm-moe-exp/logs/moe1b_dense_cdc_5000_seed42_20260321_150457.log,0,train,train,,loss,4710,5000,4823040,5752.3,3.039885
1,dense_only_cdc,Dense-Only CDC,dense_only_cdc_5000,/data/yzhu/megatron-lm-moe-exp/logs/moe1b_dense_cdc_5000_seed42_20260321_150457.log,0,train,train,,loss,4720,5000,4833280,5741.0,3.051482
1,dense_only_cdc,Dense-Only CDC,dense_only_cdc_5000,/data/yzhu/megatron-lm-moe-exp/logs/moe1b_dense_cdc_5000_seed42_20260321_150457.log,0,train,train,,loss,4730,5000,4843520,5735.1,3.04199
1,dense_only_cdc,Dense-Only CDC,dense_only_cdc_5000,/data/yzhu/megatron-lm-moe-exp/logs/moe1b_dense_cdc_5000_seed42_20260321_150457.log,0,train,train,,loss,4740,5000,4853760,5725.8,3.05575
1,dense_only_cdc,Dense-Only CDC,dense_only_cdc_5000,/data/yzhu/megatron-lm-moe-exp/logs/moe1b_dense_cdc_5000_seed42_20260321_150457.log,0,train,train,,loss,4750,5000,4864000,5724.0,3.043604
1,dense_only_cdc,Dense-Only CDC,dense_only_cdc_5000,/data/yzhu/megatron-lm-moe-exp/logs/moe1b_dense_cdc_5000_seed42_20260321_150457.log,0,train,train,,loss,4760,5000,4874240,5722.2,3.050085
1,dense_only_cdc,Dense-Only CDC,dense_only_cdc_5000,/data/yzhu/megatron-lm-moe-exp/logs/moe1b_dense_cdc_5000_seed42_20260321_150457.log,0,train,train,,loss,4770,5000,4884480,5722.8,3.0404
1,dense_only_cdc,Dense-Only CDC,dense_only_cdc_5000,/data/yzhu/megatron-lm-moe-exp/logs/moe1b_dense_cdc_5000_seed42_20260321_150457.log,0,train,train,,loss,4780,5000,4894720,5709.6,3.050437
1,dense_only_cdc,Dense-Only CDC,dense_only_cdc_5000,/data/yzhu/megatron-lm-moe-exp/logs/moe1b_dense_cdc_5000_seed42_20260321_150457.log,0,train,train,,loss,4790,5000,4904960,5684.5,3.044371
1,dense_only_cdc,Dense-Only CDC,dense_only_cdc_5000,/data/yzhu/megatron-lm-moe-exp/logs/moe1b_dense_cdc_5000_seed42_20260321_150457.log,0,train,train,,loss,4800,5000,4915200,5715.2,3.045419
1,dense_only_cdc,Dense-Only CDC,dense_only_cdc_5000,/data/yzhu/megatron-lm-moe-exp/logs/moe1b_dense_cdc_5000_seed42_20260321_150457.log,0,train,train,,loss,4810,5000,4925440,5739.2,3.051198
1,dense_only_cdc,Dense-Only CDC,dense_only_cdc_5000,/data/yzhu/megatron-lm-moe-exp/logs/moe1b_dense_cdc_5000_seed42_20260321_150457.log,0,train,train,,loss,4820,5000,4935680,5751.9,3.060292
1,dense_only_cdc,Dense-Only CDC,dense_only_cdc_5000,/data/yzhu/megatron-lm-moe-exp/logs/moe1b_dense_cdc_5000_seed42_20260321_150457.log,0,train,train,,loss,4830,5000,4945920,5727.8,3.035283
1,dense_only_cdc,Dense-Only CDC,dense_only_cdc_5000,/data/yzhu/megatron-lm-moe-exp/logs/moe1b_dense_cdc_5000_seed42_20260321_150457.log,0,train,train,,loss,4840,5000,4956160,5733.6,3.04909
1,dense_only_cdc,Dense-Only CDC,dense_only_cdc_5000,/data/yzhu/megatron-lm-moe-exp/logs/moe1b_dense_cdc_5000_seed42_20260321_150457.log,0,train,train,,loss,4850,5000,4966400,5729.4,3.055315
1,dense_only_cdc,Dense-Only CDC,dense_only_cdc_5000,/data/yzhu/megatron-lm-moe-exp/logs/moe1b_dense_cdc_5000_seed42_20260321_150457.log,0,train,train,,loss,4860,5000,4976640,5733.9,3.056536
1,dense_only_cdc,Dense-Only CDC,dense_only_cdc_5000,/data/yzhu/megatron-lm-moe-exp/logs/moe1b_dense_cdc_5000_seed42_20260321_150457.log,0,train,train,,loss,4870,5000,4986880,5722.6,3.045614
1,dense_only_cdc,Dense-Only CDC,dense_only_cdc_5000,/data/yzhu/megatron-lm-moe-exp/logs/moe1b_dense_cdc_5000_seed42_20260321_150457.log,0,train,train,,loss,4880,5000,4997120,5718.9,3.038751
1,dense_only_cdc,Dense-Only CDC,dense_only_cdc_5000,/data/yzhu/megatron-lm-moe-exp/logs/moe1b_dense_cdc_5000_seed42_20260321_150457.log,0,train,train,,loss,4890,5000,5007360,5687.7,3.056821
1,dense_only_cdc,Dense-Only CDC,dense_only_cdc_5000,/data/yzhu/megatron-lm-moe-exp/logs/moe1b_dense_cdc_5000_seed42_20260321_150457.log,0,train,train,,loss,4900,5000,5017600,5717.4,3.056339
1,dense_only_cdc,Dense-Only CDC,dense_only_cdc_5000,/data/yzhu/megatron-lm-moe-exp/logs/moe1b_dense_cdc_5000_seed42_20260321_150457.log,0,train,train,,loss,4910,5000,5027840,5730.5,3.043479
1,dense_only_cdc,Dense-Only CDC,dense_only_cdc_5000,/data/yzhu/megatron-lm-moe-exp/logs/moe1b_dense_cdc_5000_seed42_20260321_150457.log,0,train,train,,loss,4920,5000,5038080,5742.8,3.049825
1,dense_only_cdc,Dense-Only CDC,dense_only_cdc_5000,/data/yzhu/megatron-lm-moe-exp/logs/moe1b_dense_cdc_5000_seed42_20260321_150457.log,0,train,train,,loss,4930,5000,5048320,5723.3,3.054429
1,dense_only_cdc,Dense-Only CDC,dense_only_cdc_5000,/data/yzhu/megatron-lm-moe-exp/logs/moe1b_dense_cdc_5000_seed42_20260321_150457.log,0,train,train,,loss,4940,5000,5058560,5719.1,3.049109
1,dense_only_cdc,Dense-Only CDC,dense_only_cdc_5000,/data/yzhu/megatron-lm-moe-exp/logs/moe1b_dense_cdc_5000_seed42_20260321_150457.log,0,train,train,,loss,4950,5000,5068800,5738.9,3.0579
1,dense_only_cdc,Dense-Only CDC,dense_only_cdc_5000,/data/yzhu/megatron-lm-moe-exp/logs/moe1b_dense_cdc_5000_seed42_20260321_150457.log,0,train,train,,loss,4960,5000,5079040,5726.1,3.031928
1,dense_only_cdc,Dense-Only CDC,dense_only_cdc_5000,/data/yzhu/megatron-lm-moe-exp/logs/moe1b_dense_cdc_5000_seed42_20260321_150457.log,0,train,train,,loss,4970,5000,5089280,5729.1,3.043379
1,dense_only_cdc,Dense-Only CDC,dense_only_cdc_5000,/data/yzhu/megatron-lm-moe-exp/logs/moe1b_dense_cdc_5000_seed42_20260321_150457.log,0,train,train,,loss,4980,5000,5099520,5717.7,3.057546
1,dense_only_cdc,Dense-Only CDC,dense_only_cdc_5000,/data/yzhu/megatron-lm-moe-exp/logs/moe1b_dense_cdc_5000_seed42_20260321_150457.log,0,train,train,,loss,4990,5000,5109760,5696.5,3.051767
1,dense_only_cdc,Dense-Only CDC,dense_only_cdc_5000,/data/yzhu/megatron-lm-moe-exp/logs/moe1b_dense_cdc_5000_seed42_20260321_150457.log,0,train,train,,loss,5000,5000,5120000,5709.8,3.049293
2,hybrid_expert_cdc,Dense+Expert Hybrid,hybrid_expert_cdc_5000_resume2000,/data/yzhu/megatron-lm-moe-exp/logs/moe1b_hybrid_expert_cdc_5000_seed42_resume2000_20260322_142505.log,1,eval,test,final_test_set,loss,5000,,,,3.063875
2,hybrid_expert_cdc,Dense+Expert Hybrid,hybrid_expert_cdc_5000_resume2000,/data/yzhu/megatron-lm-moe-exp/logs/moe1b_hybrid_expert_cdc_5000_seed42_resume2000_20260322_142505.log,1,eval,test,final_test_set,ppl,5000,,,,21.41037
2,hybrid_expert_cdc,Dense+Expert Hybrid,hybrid_expert_cdc_5000_resume2000,/data/yzhu/megatron-lm-moe-exp/logs/moe1b_hybrid_expert_cdc_5000_seed42_20260321_235803.log,0,eval,validation,periodic_validation,loss,250,,,,4.623601
2,hybrid_expert_cdc,Dense+Expert Hybrid,hybrid_expert_cdc_5000_resume2000,/data/yzhu/megatron-lm-moe-exp/logs/moe1b_hybrid_expert_cdc_5000_seed42_20260321_235803.log,0,eval,validation,periodic_validation,loss,500,,,,3.909735
2,hybrid_expert_cdc,Dense+Expert Hybrid,hybrid_expert_cdc_5000_resume2000,/data/yzhu/megatron-lm-moe-exp/logs/moe1b_hybrid_expert_cdc_5000_seed42_20260321_235803.log,0,eval,validation,periodic_validation,loss,750,,,,3.678793
2,hybrid_expert_cdc,Dense+Expert Hybrid,hybrid_expert_cdc_5000_resume2000,/data/yzhu/megatron-lm-moe-exp/logs/moe1b_hybrid_expert_cdc_5000_seed42_20260321_235803.log,0,eval,validation,periodic_validation,loss,1000,,,,3.556083
2,hybrid_expert_cdc,Dense+Expert Hybrid,hybrid_expert_cdc_5000_resume2000,/data/yzhu/megatron-lm-moe-exp/logs/moe1b_hybrid_expert_cdc_5000_seed42_20260321_235803.log,0,eval,validation,periodic_validation,loss,1250,,,,3.463988
2,hybrid_expert_cdc,Dense+Expert Hybrid,hybrid_expert_cdc_5000_resume2000,/data/yzhu/megatron-lm-moe-exp/logs/moe1b_hybrid_expert_cdc_5000_seed42_20260321_235803.log,0,eval,validation,periodic_validation,loss,1500,,,,3.39903
2,hybrid_expert_cdc,Dense+Expert Hybrid,hybrid_expert_cdc_5000_resume2000,/data/yzhu/megatron-lm-moe-exp/logs/moe1b_hybrid_expert_cdc_5000_seed42_20260321_235803.log,0,eval,validation,periodic_validation,loss,1750,,,,3.340009
2,hybrid_expert_cdc,Dense+Expert Hybrid,hybrid_expert_cdc_5000_resume2000,/data/yzhu/megatron-lm-moe-exp/logs/moe1b_hybrid_expert_cdc_5000_seed42_20260321_235803.log,0,eval,validation,periodic_validation,loss,2000,,,,3.289661
2,hybrid_expert_cdc,Dense+Expert Hybrid,hybrid_expert_cdc_5000_resume2000,/data/yzhu/megatron-lm-moe-exp/logs/moe1b_hybrid_expert_cdc_5000_seed42_resume2000_20260322_142505.log,1,eval,validation,periodic_validation,loss,2250,,,,3.25581
2,hybrid_expert_cdc,Dense+Expert Hybrid,hybrid_expert_cdc_5000_resume2000,/data/yzhu/megatron-lm-moe-exp/logs/moe1b_hybrid_expert_cdc_5000_seed42_resume2000_20260322_142505.log,1,eval,validation,periodic_validation,loss,2500,,,,3.224191
2,hybrid_expert_cdc,Dense+Expert Hybrid,hybrid_expert_cdc_5000_resume2000,/data/yzhu/megatron-lm-moe-exp/logs/moe1b_hybrid_expert_cdc_5000_seed42_resume2000_20260322_142505.log,1,eval,validation,periodic_validation,loss,2750,,,,3.180438
2,hybrid_expert_cdc,Dense+Expert Hybrid,hybrid_expert_cdc_5000_resume2000,/data/yzhu/megatron-lm-moe-exp/logs/moe1b_hybrid_expert_cdc_5000_seed42_resume2000_20260322_142505.log,1,eval,validation,periodic_validation,loss,3000,,,,3.153851
2,hybrid_expert_cdc,Dense+Expert Hybrid,hybrid_expert_cdc_5000_resume2000,/data/yzhu/megatron-lm-moe-exp/logs/moe1b_hybrid_expert_cdc_5000_seed42_resume2000_20260322_142505.log,1,eval,validation,periodic_validation,loss,3250,,,,3.128882
2,hybrid_expert_cdc,Dense+Expert Hybrid,hybrid_expert_cdc_5000_resume2000,/data/yzhu/megatron-lm-moe-exp/logs/moe1b_hybrid_expert_cdc_5000_seed42_resume2000_20260322_142505.log,1,eval,validation,periodic_validation,loss,3500,,,,3.105503
2,hybrid_expert_cdc,Dense+Expert Hybrid,hybrid_expert_cdc_5000_resume2000,/data/yzhu/megatron-lm-moe-exp/logs/moe1b_hybrid_expert_cdc_5000_seed42_resume2000_20260322_142505.log,1,eval,validation,periodic_validation,loss,3750,,,,3.088882
2,hybrid_expert_cdc,Dense+Expert Hybrid,hybrid_expert_cdc_5000_resume2000,/data/yzhu/megatron-lm-moe-exp/logs/moe1b_hybrid_expert_cdc_5000_seed42_resume2000_20260322_142505.log,1,eval,validation,periodic_validation,loss,4000,,,,3.080794
2,hybrid_expert_cdc,Dense+Expert Hybrid,hybrid_expert_cdc_5000_resume2000,/data/yzhu/megatron-lm-moe-exp/logs/moe1b_hybrid_expert_cdc_5000_seed42_resume2000_20260322_142505.log,1,eval,validation,periodic_validation,loss,4250,,,,3.065349
2,hybrid_expert_cdc,Dense+Expert Hybrid,hybrid_expert_cdc_5000_resume2000,/data/yzhu/megatron-lm-moe-exp/logs/moe1b_hybrid_expert_cdc_5000_seed42_resume2000_20260322_142505.log,1,eval,validation,periodic_validation,loss,4500,,,,3.061596
2,hybrid_expert_cdc,Dense+Expert Hybrid,hybrid_expert_cdc_5000_resume2000,/data/yzhu/megatron-lm-moe-exp/logs/moe1b_hybrid_expert_cdc_5000_seed42_resume2000_20260322_142505.log,1,eval,validation,periodic_validation,loss,4750,,,,3.066203
2,hybrid_expert_cdc,Dense+Expert Hybrid,hybrid_expert_cdc_5000_resume2000,/data/yzhu/megatron-lm-moe-exp/logs/moe1b_hybrid_expert_cdc_5000_seed42_resume2000_20260322_142505.log,1,eval,validation,final_validation_set,loss,5000,,,,3.067326
2,hybrid_expert_cdc,Dense+Expert Hybrid,hybrid_expert_cdc_5000_resume2000,/data/yzhu/megatron-lm-moe-exp/logs/moe1b_hybrid_expert_cdc_5000_seed42_resume2000_20260322_142505.log,1,eval,validation,periodic_validation,loss,5000,,,,3.064172
2,hybrid_expert_cdc,Dense+Expert Hybrid,hybrid_expert_cdc_5000_resume2000,/data/yzhu/megatron-lm-moe-exp/logs/moe1b_hybrid_expert_cdc_5000_seed42_20260321_235803.log,0,eval,validation,periodic_validation,ppl,250,,,,101.8602
2,hybrid_expert_cdc,Dense+Expert Hybrid,hybrid_expert_cdc_5000_resume2000,/data/yzhu/megatron-lm-moe-exp/logs/moe1b_hybrid_expert_cdc_5000_seed42_20260321_235803.log,0,eval,validation,periodic_validation,ppl,500,,,,49.88572
2,hybrid_expert_cdc,Dense+Expert Hybrid,hybrid_expert_cdc_5000_resume2000,/data/yzhu/megatron-lm-moe-exp/logs/moe1b_hybrid_expert_cdc_5000_seed42_20260321_235803.log,0,eval,validation,periodic_validation,ppl,750,,,,39.59857
2,hybrid_expert_cdc,Dense+Expert Hybrid,hybrid_expert_cdc_5000_resume2000,/data/yzhu/megatron-lm-moe-exp/logs/moe1b_hybrid_expert_cdc_5000_seed42_20260321_235803.log,0,eval,validation,periodic_validation,ppl,1000,,,,35.02572
2,hybrid_expert_cdc,Dense+Expert Hybrid,hybrid_expert_cdc_5000_resume2000,/data/yzhu/megatron-lm-moe-exp/logs/moe1b_hybrid_expert_cdc_5000_seed42_20260321_235803.log,0,eval,validation,periodic_validation,ppl,1250,,,,31.94412
2,hybrid_expert_cdc,Dense+Expert Hybrid,hybrid_expert_cdc_5000_resume2000,/data/yzhu/megatron-lm-moe-exp/logs/moe1b_hybrid_expert_cdc_5000_seed42_20260321_235803.log,0,eval,validation,periodic_validation,ppl,1500,,,,29.93506
2,hybrid_expert_cdc,Dense+Expert Hybrid,hybrid_expert_cdc_5000_resume2000,/data/yzhu/megatron-lm-moe-exp/logs/moe1b_hybrid_expert_cdc_5000_seed42_20260321_235803.log,0,eval,validation,periodic_validation,ppl,1750,,,,28.21937
2,hybrid_expert_cdc,Dense+Expert Hybrid,hybrid_expert_cdc_5000_resume2000,/data/yzhu/megatron-lm-moe-exp/logs/moe1b_hybrid_expert_cdc_5000_seed42_20260321_235803.log,0,eval,validation,periodic_validation,ppl,2000,,,,26.83376
2,hybrid_expert_cdc,Dense+Expert Hybrid,hybrid_expert_cdc_5000_resume2000,/data/yzhu/megatron-lm-moe-exp/logs/moe1b_hybrid_expert_cdc_5000_seed42_resume2000_20260322_142505.log,1,eval,validation,periodic_validation,ppl,2250,,,,25.94062
2,hybrid_expert_cdc,Dense+Expert Hybrid,hybrid_expert_cdc_5000_resume2000,/data/yzhu/megatron-lm-moe-exp/logs/moe1b_hybrid_expert_cdc_5000_seed42_resume2000_20260322_142505.log,1,eval,validation,periodic_validation,ppl,2500,,,,25.13323
2,hybrid_expert_cdc,Dense+Expert Hybrid,hybrid_expert_cdc_5000_resume2000,/data/yzhu/megatron-lm-moe-exp/logs/moe1b_hybrid_expert_cdc_5000_seed42_resume2000_20260322_142505.log,1,eval,validation,periodic_validation,ppl,2750,,,,24.05729
2,hybrid_expert_cdc,Dense+Expert Hybrid,hybrid_expert_cdc_5000_resume2000,/data/yzhu/megatron-lm-moe-exp/logs/moe1b_hybrid_expert_cdc_5000_seed42_resume2000_20260322_142505.log,1,eval,validation,periodic_validation,ppl,3000,,,,23.42611
2,hybrid_expert_cdc,Dense+Expert Hybrid,hybrid_expert_cdc_5000_resume2000,/data/yzhu/megatron-lm-moe-exp/logs/moe1b_hybrid_expert_cdc_5000_seed42_resume2000_20260322_142505.log,1,eval,validation,periodic_validation,ppl,3250,,,,22.84843
2,hybrid_expert_cdc,Dense+Expert Hybrid,hybrid_expert_cdc_5000_resume2000,/data/yzhu/megatron-lm-moe-exp/logs/moe1b_hybrid_expert_cdc_5000_seed42_resume2000_20260322_142505.log,1,eval,validation,periodic_validation,ppl,3500,,,,22.32043
2,hybrid_expert_cdc,Dense+Expert Hybrid,hybrid_expert_cdc_5000_resume2000,/data/yzhu/megatron-lm-moe-exp/logs/moe1b_hybrid_expert_cdc_5000_seed42_resume2000_20260322_142505.log,1,eval,validation,periodic_validation,ppl,3750,,,,21.95252
2,hybrid_expert_cdc,Dense+Expert Hybrid,hybrid_expert_cdc_5000_resume2000,/data/yzhu/megatron-lm-moe-exp/logs/moe1b_hybrid_expert_cdc_5000_seed42_resume2000_20260322_142505.log,1,eval,validation,periodic_validation,ppl,4000,,,,21.77568
2,hybrid_expert_cdc,Dense+Expert Hybrid,hybrid_expert_cdc_5000_resume2000,/data/yzhu/megatron-lm-moe-exp/logs/moe1b_hybrid_expert_cdc_5000_seed42_resume2000_20260322_142505.log,1,eval,validation,periodic_validation,ppl,4250,,,,21.44194
2,hybrid_expert_cdc,Dense+Expert Hybrid,hybrid_expert_cdc_5000_resume2000,/data/yzhu/megatron-lm-moe-exp/logs/moe1b_hybrid_expert_cdc_5000_seed42_resume2000_20260322_142505.log,1,eval,validation,periodic_validation,ppl,4500,,,,21.36162
2,hybrid_expert_cdc,Dense+Expert Hybrid,hybrid_expert_cdc_5000_resume2000,/data/yzhu/megatron-lm-moe-exp/logs/moe1b_hybrid_expert_cdc_5000_seed42_resume2000_20260322_142505.log,1,eval,validation,periodic_validation,ppl,4750,,,,21.46027
2,hybrid_expert_cdc,Dense+Expert Hybrid,hybrid_expert_cdc_5000_resume2000,/data/yzhu/megatron-lm-moe-exp/logs/moe1b_hybrid_expert_cdc_5000_seed42_resume2000_20260322_142505.log,1,eval,validation,final_validation_set,ppl,5000,,,,21.48438
2,hybrid_expert_cdc,Dense+Expert Hybrid,hybrid_expert_cdc_5000_resume2000,/data/yzhu/megatron-lm-moe-exp/logs/moe1b_hybrid_expert_cdc_5000_seed42_resume2000_20260322_142505.log,1,eval,validation,periodic_validation,ppl,5000,,,,21.41672
2,hybrid_expert_cdc,Dense+Expert Hybrid,hybrid_expert_cdc_5000_resume2000,/data/yzhu/megatron-lm-moe-exp/logs/moe1b_hybrid_expert_cdc_5000_seed42_20260321_235803.log,0,train,train,,loss,10,5000,10240,6106.8,9.507338
2,hybrid_expert_cdc,Dense+Expert Hybrid,hybrid_expert_cdc_5000_resume2000,/data/yzhu/megatron-lm-moe-exp/logs/moe1b_hybrid_expert_cdc_5000_seed42_20260321_235803.log,0,train,train,,loss,20,5000,20480,5732.0,8.046942
2,hybrid_expert_cdc,Dense+Expert Hybrid,hybrid_expert_cdc_5000_resume2000,/data/yzhu/megatron-lm-moe-exp/logs/moe1b_hybrid_expert_cdc_5000_seed42_20260321_235803.log,0,train,train,,loss,30,5000,30720,5727.2,7.393948
2,hybrid_expert_cdc,Dense+Expert Hybrid,hybrid_expert_cdc_5000_resume2000,/data/yzhu/megatron-lm-moe-exp/logs/moe1b_hybrid_expert_cdc_5000_seed42_20260321_235803.log,0,train,train,,loss,40,5000,40960,5716.8,7.122765
2,hybrid_expert_cdc,Dense+Expert Hybrid,hybrid_expert_cdc_5000_resume2000,/data/yzhu/megatron-lm-moe-exp/logs/moe1b_hybrid_expert_cdc_5000_seed42_20260321_235803.log,0,train,train,,loss,50,5000,51200,5772.4,6.82272
2,hybrid_expert_cdc,Dense+Expert Hybrid,hybrid_expert_cdc_5000_resume2000,/data/yzhu/megatron-lm-moe-exp/logs/moe1b_hybrid_expert_cdc_5000_seed42_20260321_235803.log,0,train,train,,loss,60,5000,61440,5740.6,6.511168
2,hybrid_expert_cdc,Dense+Expert Hybrid,hybrid_expert_cdc_5000_resume2000,/data/yzhu/megatron-lm-moe-exp/logs/moe1b_hybrid_expert_cdc_5000_seed42_20260321_235803.log,0,train,train,,loss,70,5000,71680,5761.7,6.287471
2,hybrid_expert_cdc,Dense+Expert Hybrid,hybrid_expert_cdc_5000_resume2000,/data/yzhu/megatron-lm-moe-exp/logs/moe1b_hybrid_expert_cdc_5000_seed42_20260321_235803.log,0,train,train,,loss,80,5000,81920,5754.4,6.148898
2,hybrid_expert_cdc,Dense+Expert Hybrid,hybrid_expert_cdc_5000_resume2000,/data/yzhu/megatron-lm-moe-exp/logs/moe1b_hybrid_expert_cdc_5000_seed42_20260321_235803.log,0,train,train,,loss,90,5000,92160,5730.2,5.994514
2,hybrid_expert_cdc,Dense+Expert Hybrid,hybrid_expert_cdc_5000_resume2000,/data/yzhu/megatron-lm-moe-exp/logs/moe1b_hybrid_expert_cdc_5000_seed42_20260321_235803.log,0,train,train,,loss,100,5000,102400,5729.4,5.892109
2,hybrid_expert_cdc,Dense+Expert Hybrid,hybrid_expert_cdc_5000_resume2000,/data/yzhu/megatron-lm-moe-exp/logs/moe1b_hybrid_expert_cdc_5000_seed42_20260321_235803.log,0,train,train,,loss,110,5000,112640,5800.1,5.763117
2,hybrid_expert_cdc,Dense+Expert Hybrid,hybrid_expert_cdc_5000_resume2000,/data/yzhu/megatron-lm-moe-exp/logs/moe1b_hybrid_expert_cdc_5000_seed42_20260321_235803.log,0,train,train,,loss,120,5000,122880,5772.3,5.637894
2,hybrid_expert_cdc,Dense+Expert Hybrid,hybrid_expert_cdc_5000_resume2000,/data/yzhu/megatron-lm-moe-exp/logs/moe1b_hybrid_expert_cdc_5000_seed42_20260321_235803.log,0,train,train,,loss,130,5000,133120,5770.7,5.518037
2,hybrid_expert_cdc,Dense+Expert Hybrid,hybrid_expert_cdc_5000_resume2000,/data/yzhu/megatron-lm-moe-exp/logs/moe1b_hybrid_expert_cdc_5000_seed42_20260321_235803.log,0,train,train,,loss,140,5000,143360,5746.8,5.416812
2,hybrid_expert_cdc,Dense+Expert Hybrid,hybrid_expert_cdc_5000_resume2000,/data/yzhu/megatron-lm-moe-exp/logs/moe1b_hybrid_expert_cdc_5000_seed42_20260321_235803.log,0,train,train,,loss,150,5000,153600,5791.0,5.316156
2,hybrid_expert_cdc,Dense+Expert Hybrid,hybrid_expert_cdc_5000_resume2000,/data/yzhu/megatron-lm-moe-exp/logs/moe1b_hybrid_expert_cdc_5000_seed42_20260321_235803.log,0,train,train,,loss,160,5000,163840,5747.1,5.209679
2,hybrid_expert_cdc,Dense+Expert Hybrid,hybrid_expert_cdc_5000_resume2000,/data/yzhu/megatron-lm-moe-exp/logs/moe1b_hybrid_expert_cdc_5000_seed42_20260321_235803.log,0,train,train,,loss,170,5000,174080,5770.1,5.125481
2,hybrid_expert_cdc,Dense+Expert Hybrid,hybrid_expert_cdc_5000_resume2000,/data/yzhu/megatron-lm-moe-exp/logs/moe1b_hybrid_expert_cdc_5000_seed42_20260321_235803.log,0,train,train,,loss,180,5000,184320,5761.7,5.030482
2,hybrid_expert_cdc,Dense+Expert Hybrid,hybrid_expert_cdc_5000_resume2000,/data/yzhu/megatron-lm-moe-exp/logs/moe1b_hybrid_expert_cdc_5000_seed42_20260321_235803.log,0,train,train,,loss,190,5000,194560,5730.1,5.003747
2,hybrid_expert_cdc,Dense+Expert Hybrid,hybrid_expert_cdc_5000_resume2000,/data/yzhu/megatron-lm-moe-exp/logs/moe1b_hybrid_expert_cdc_5000_seed42_20260321_235803.log,0,train,train,,loss,200,5000,204800,5730.6,4.899743
2,hybrid_expert_cdc,Dense+Expert Hybrid,hybrid_expert_cdc_5000_resume2000,/data/yzhu/megatron-lm-moe-exp/logs/moe1b_hybrid_expert_cdc_5000_seed42_20260321_235803.log,0,train,train,,loss,210,5000,215040,5791.8,4.854165
2,hybrid_expert_cdc,Dense+Expert Hybrid,hybrid_expert_cdc_5000_resume2000,/data/yzhu/megatron-lm-moe-exp/logs/moe1b_hybrid_expert_cdc_5000_seed42_20260321_235803.log,0,train,train,,loss,220,5000,225280,5777.5,4.793517
2,hybrid_expert_cdc,Dense+Expert Hybrid,hybrid_expert_cdc_5000_resume2000,/data/yzhu/megatron-lm-moe-exp/logs/moe1b_hybrid_expert_cdc_5000_seed42_20260321_235803.log,0,train,train,,loss,230,5000,235520,5754.8,4.737031
2,hybrid_expert_cdc,Dense+Expert Hybrid,hybrid_expert_cdc_5000_resume2000,/data/yzhu/megatron-lm-moe-exp/logs/moe1b_hybrid_expert_cdc_5000_seed42_20260321_235803.log,0,train,train,,loss,240,5000,245760,5742.2,4.674642
2,hybrid_expert_cdc,Dense+Expert Hybrid,hybrid_expert_cdc_5000_resume2000,/data/yzhu/megatron-lm-moe-exp/logs/moe1b_hybrid_expert_cdc_5000_seed42_20260321_235803.log,0,train,train,,loss,250,5000,256000,5762.1,4.618621
2,hybrid_expert_cdc,Dense+Expert Hybrid,hybrid_expert_cdc_5000_resume2000,/data/yzhu/megatron-lm-moe-exp/logs/moe1b_hybrid_expert_cdc_5000_seed42_20260321_235803.log,0,train,train,,loss,260,5000,266240,5725.0,4.612333
2,hybrid_expert_cdc,Dense+Expert Hybrid,hybrid_expert_cdc_5000_resume2000,/data/yzhu/megatron-lm-moe-exp/logs/moe1b_hybrid_expert_cdc_5000_seed42_20260321_235803.log,0,train,train,,loss,270,5000,276480,5778.9,4.550447
2,hybrid_expert_cdc,Dense+Expert Hybrid,hybrid_expert_cdc_5000_resume2000,/data/yzhu/megatron-lm-moe-exp/logs/moe1b_hybrid_expert_cdc_5000_seed42_20260321_235803.log,0,train,train,,loss,280,5000,286720,5732.9,4.504301
2,hybrid_expert_cdc,Dense+Expert Hybrid,hybrid_expert_cdc_5000_resume2000,/data/yzhu/megatron-lm-moe-exp/logs/moe1b_hybrid_expert_cdc_5000_seed42_20260321_235803.log,0,train,train,,loss,290,5000,296960,5719.0,4.480339
2,hybrid_expert_cdc,Dense+Expert Hybrid,hybrid_expert_cdc_5000_resume2000,/data/yzhu/megatron-lm-moe-exp/logs/moe1b_hybrid_expert_cdc_5000_seed42_20260321_235803.log,0,train,train,,loss,300,5000,307200,5730.2,4.431387
2,hybrid_expert_cdc,Dense+Expert Hybrid,hybrid_expert_cdc_5000_resume2000,/data/yzhu/megatron-lm-moe-exp/logs/moe1b_hybrid_expert_cdc_5000_seed42_20260321_235803.log,0,train,train,,loss,310,5000,317440,5762.1,4.36907
2,hybrid_expert_cdc,Dense+Expert Hybrid,hybrid_expert_cdc_5000_resume2000,/data/yzhu/megatron-lm-moe-exp/logs/moe1b_hybrid_expert_cdc_5000_seed42_20260321_235803.log,0,train,train,,loss,320,5000,327680,5749.7,4.338973
2,hybrid_expert_cdc,Dense+Expert Hybrid,hybrid_expert_cdc_5000_resume2000,/data/yzhu/megatron-lm-moe-exp/logs/moe1b_hybrid_expert_cdc_5000_seed42_20260321_235803.log,0,train,train,,loss,330,5000,337920,5757.4,4.29459
2,hybrid_expert_cdc,Dense+Expert Hybrid,hybrid_expert_cdc_5000_resume2000,/data/yzhu/megatron-lm-moe-exp/logs/moe1b_hybrid_expert_cdc_5000_seed42_20260321_235803.log,0,train,train,,loss,340,5000,348160,5719.8,4.259365
2,hybrid_expert_cdc,Dense+Expert Hybrid,hybrid_expert_cdc_5000_resume2000,/data/yzhu/megatron-lm-moe-exp/logs/moe1b_hybrid_expert_cdc_5000_seed42_20260321_235803.log,0,train,train,,loss,350,5000,358400,5753.5,4.22111
2,hybrid_expert_cdc,Dense+Expert Hybrid,hybrid_expert_cdc_5000_resume2000,/data/yzhu/megatron-lm-moe-exp/logs/moe1b_hybrid_expert_cdc_5000_seed42_20260321_235803.log,0,train,train,,loss,360,5000,368640,5736.6,4.178892
2,hybrid_expert_cdc,Dense+Expert Hybrid,hybrid_expert_cdc_5000_resume2000,/data/yzhu/megatron-lm-moe-exp/logs/moe1b_hybrid_expert_cdc_5000_seed42_20260321_235803.log,0,train,train,,loss,370,5000,378880,5756.4,4.159231
2,hybrid_expert_cdc,Dense+Expert Hybrid,hybrid_expert_cdc_5000_resume2000,/data/yzhu/megatron-lm-moe-exp/logs/moe1b_hybrid_expert_cdc_5000_seed42_20260321_235803.log,0,train,train,,loss,380,5000,389120,5734.4,4.147886
2,hybrid_expert_cdc,Dense+Expert Hybrid,hybrid_expert_cdc_5000_resume2000,/data/yzhu/megatron-lm-moe-exp/logs/moe1b_hybrid_expert_cdc_5000_seed42_20260321_235803.log,0,train,train,,loss,390,5000,399360,5712.5,4.106361
2,hybrid_expert_cdc,Dense+Expert Hybrid,hybrid_expert_cdc_5000_resume2000,/data/yzhu/megatron-lm-moe-exp/logs/moe1b_hybrid_expert_cdc_5000_seed42_20260321_235803.log,0,train,train,,loss,400,5000,409600,5714.2,4.089678
2,hybrid_expert_cdc,Dense+Expert Hybrid,hybrid_expert_cdc_5000_resume2000,/data/yzhu/megatron-lm-moe-exp/logs/moe1b_hybrid_expert_cdc_5000_seed42_20260321_235803.log,0,train,train,,loss,410,5000,419840,5766.4,4.06413
2,hybrid_expert_cdc,Dense+Expert Hybrid,hybrid_expert_cdc_5000_resume2000,/data/yzhu/megatron-lm-moe-exp/logs/moe1b_hybrid_expert_cdc_5000_seed42_20260321_235803.log,0,train,train,,loss,420,5000,430080,5758.5,4.051913
2,hybrid_expert_cdc,Dense+Expert Hybrid,hybrid_expert_cdc_5000_resume2000,/data/yzhu/megatron-lm-moe-exp/logs/moe1b_hybrid_expert_cdc_5000_seed42_20260321_235803.log,0,train,train,,loss,430,5000,440320,5744.5,4.03505
2,hybrid_expert_cdc,Dense+Expert Hybrid,hybrid_expert_cdc_5000_resume2000,/data/yzhu/megatron-lm-moe-exp/logs/moe1b_hybrid_expert_cdc_5000_seed42_20260321_235803.log,0,train,train,,loss,440,5000,450560,5735.2,4.010238
2,hybrid_expert_cdc,Dense+Expert Hybrid,hybrid_expert_cdc_5000_resume2000,/data/yzhu/megatron-lm-moe-exp/logs/moe1b_hybrid_expert_cdc_5000_seed42_20260321_235803.log,0,train,train,,loss,450,5000,460800,5748.5,4.011669
2,hybrid_expert_cdc,Dense+Expert Hybrid,hybrid_expert_cdc_5000_resume2000,/data/yzhu/megatron-lm-moe-exp/logs/moe1b_hybrid_expert_cdc_5000_seed42_20260321_235803.log,0,train,train,,loss,460,5000,471040,5725.7,3.986794
2,hybrid_expert_cdc,Dense+Expert Hybrid,hybrid_expert_cdc_5000_resume2000,/data/yzhu/megatron-lm-moe-exp/logs/moe1b_hybrid_expert_cdc_5000_seed42_20260321_235803.log,0,train,train,,loss,470,5000,481280,5767.5,3.959462
2,hybrid_expert_cdc,Dense+Expert Hybrid,hybrid_expert_cdc_5000_resume2000,/data/yzhu/megatron-lm-moe-exp/logs/moe1b_hybrid_expert_cdc_5000_seed42_20260321_235803.log,0,train,train,,loss,480,5000,491520,5723.3,3.959003
2,hybrid_expert_cdc,Dense+Expert Hybrid,hybrid_expert_cdc_5000_resume2000,/data/yzhu/megatron-lm-moe-exp/logs/moe1b_hybrid_expert_cdc_5000_seed42_20260321_235803.log,0,train,train,,loss,490,5000,501760,5728.4,3.927094
2,hybrid_expert_cdc,Dense+Expert Hybrid,hybrid_expert_cdc_5000_resume2000,/data/yzhu/megatron-lm-moe-exp/logs/moe1b_hybrid_expert_cdc_5000_seed42_20260321_235803.log,0,train,train,,loss,500,5000,512000,5721.0,3.919756
2,hybrid_expert_cdc,Dense+Expert Hybrid,hybrid_expert_cdc_5000_resume2000,/data/yzhu/megatron-lm-moe-exp/logs/moe1b_hybrid_expert_cdc_5000_seed42_20260321_235803.log,0,train,train,,loss,510,5000,522240,5768.8,3.902112
2,hybrid_expert_cdc,Dense+Expert Hybrid,hybrid_expert_cdc_5000_resume2000,/data/yzhu/megatron-lm-moe-exp/logs/moe1b_hybrid_expert_cdc_5000_seed42_20260321_235803.log,0,train,train,,loss,520,5000,532480,5751.1,3.885529
2,hybrid_expert_cdc,Dense+Expert Hybrid,hybrid_expert_cdc_5000_resume2000,/data/yzhu/megatron-lm-moe-exp/logs/moe1b_hybrid_expert_cdc_5000_seed42_20260321_235803.log,0,train,train,,loss,530,5000,542720,5749.4,3.868424
2,hybrid_expert_cdc,Dense+Expert Hybrid,hybrid_expert_cdc_5000_resume2000,/data/yzhu/megatron-lm-moe-exp/logs/moe1b_hybrid_expert_cdc_5000_seed42_20260321_235803.log,0,train,train,,loss,540,5000,552960,5740.4,3.865082
2,hybrid_expert_cdc,Dense+Expert Hybrid,hybrid_expert_cdc_5000_resume2000,/data/yzhu/megatron-lm-moe-exp/logs/moe1b_hybrid_expert_cdc_5000_seed42_20260321_235803.log,0,train,train,,loss,550,5000,563200,5744.3,3.852319
2,hybrid_expert_cdc,Dense+Expert Hybrid,hybrid_expert_cdc_5000_resume2000,/data/yzhu/megatron-lm-moe-exp/logs/moe1b_hybrid_expert_cdc_5000_seed42_20260321_235803.log,0,train,train,,loss,560,5000,573440,5720.2,3.846436
2,hybrid_expert_cdc,Dense+Expert Hybrid,hybrid_expert_cdc_5000_resume2000,/data/yzhu/megatron-lm-moe-exp/logs/moe1b_hybrid_expert_cdc_5000_seed42_20260321_235803.log,0,train,train,,loss,570,5000,583680,5757.9,3.828766
2,hybrid_expert_cdc,Dense+Expert Hybrid,hybrid_expert_cdc_5000_resume2000,/data/yzhu/megatron-lm-moe-exp/logs/moe1b_hybrid_expert_cdc_5000_seed42_20260321_235803.log,0,train,train,,loss,580,5000,593920,5720.2,3.826281
2,hybrid_expert_cdc,Dense+Expert Hybrid,hybrid_expert_cdc_5000_resume2000,/data/yzhu/megatron-lm-moe-exp/logs/moe1b_hybrid_expert_cdc_5000_seed42_20260321_235803.log,0,train,train,,loss,590,5000,604160,5721.4,3.813961
2,hybrid_expert_cdc,Dense+Expert Hybrid,hybrid_expert_cdc_5000_resume2000,/data/yzhu/megatron-lm-moe-exp/logs/moe1b_hybrid_expert_cdc_5000_seed42_20260321_235803.log,0,train,train,,loss,600,5000,614400,5711.5,3.804111
2,hybrid_expert_cdc,Dense+Expert Hybrid,hybrid_expert_cdc_5000_resume2000,/data/yzhu/megatron-lm-moe-exp/logs/moe1b_hybrid_expert_cdc_5000_seed42_20260321_235803.log,0,train,train,,loss,610,5000,624640,5797.0,3.801477
2,hybrid_expert_cdc,Dense+Expert Hybrid,hybrid_expert_cdc_5000_resume2000,/data/yzhu/megatron-lm-moe-exp/logs/moe1b_hybrid_expert_cdc_5000_seed42_20260321_235803.log,0,train,train,,loss,620,5000,634880,5748.7,3.770691
2,hybrid_expert_cdc,Dense+Expert Hybrid,hybrid_expert_cdc_5000_resume2000,/data/yzhu/megatron-lm-moe-exp/logs/moe1b_hybrid_expert_cdc_5000_seed42_20260321_235803.log,0,train,train,,loss,630,5000,645120,5751.7,3.782758
2,hybrid_expert_cdc,Dense+Expert Hybrid,hybrid_expert_cdc_5000_resume2000,/data/yzhu/megatron-lm-moe-exp/logs/moe1b_hybrid_expert_cdc_5000_seed42_20260321_235803.log,0,train,train,,loss,640,5000,655360,5720.0,3.76591
2,hybrid_expert_cdc,Dense+Expert Hybrid,hybrid_expert_cdc_5000_resume2000,/data/yzhu/megatron-lm-moe-exp/logs/moe1b_hybrid_expert_cdc_5000_seed42_20260321_235803.log,0,train,train,,loss,650,5000,665600,5758.1,3.760999
2,hybrid_expert_cdc,Dense+Expert Hybrid,hybrid_expert_cdc_5000_resume2000,/data/yzhu/megatron-lm-moe-exp/logs/moe1b_hybrid_expert_cdc_5000_seed42_20260321_235803.log,0,train,train,,loss,660,5000,675840,5719.4,3.754647
2,hybrid_expert_cdc,Dense+Expert Hybrid,hybrid_expert_cdc_5000_resume2000,/data/yzhu/megatron-lm-moe-exp/logs/moe1b_hybrid_expert_cdc_5000_seed42_20260321_235803.log,0,train,train,,loss,670,5000,686080,5751.0,3.746223
2,hybrid_expert_cdc,Dense+Expert Hybrid,hybrid_expert_cdc_5000_resume2000,/data/yzhu/megatron-lm-moe-exp/logs/moe1b_hybrid_expert_cdc_5000_seed42_20260321_235803.log,0,train,train,,loss,680,5000,696320,5740.0,3.713844
2,hybrid_expert_cdc,Dense+Expert Hybrid,hybrid_expert_cdc_5000_resume2000,/data/yzhu/megatron-lm-moe-exp/logs/moe1b_hybrid_expert_cdc_5000_seed42_20260321_235803.log,0,train,train,,loss,690,5000,706560,5705.9,3.714491
2,hybrid_expert_cdc,Dense+Expert Hybrid,hybrid_expert_cdc_5000_resume2000,/data/yzhu/megatron-lm-moe-exp/logs/moe1b_hybrid_expert_cdc_5000_seed42_20260321_235803.log,0,train,train,,loss,700,5000,716800,5720.1,3.719485
2,hybrid_expert_cdc,Dense+Expert Hybrid,hybrid_expert_cdc_5000_resume2000,/data/yzhu/megatron-lm-moe-exp/logs/moe1b_hybrid_expert_cdc_5000_seed42_20260321_235803.log,0,train,train,,loss,710,5000,727040,5767.6,3.724585
2,hybrid_expert_cdc,Dense+Expert Hybrid,hybrid_expert_cdc_5000_resume2000,/data/yzhu/megatron-lm-moe-exp/logs/moe1b_hybrid_expert_cdc_5000_seed42_20260321_235803.log,0,train,train,,loss,720,5000,737280,5755.8,3.668135
2,hybrid_expert_cdc,Dense+Expert Hybrid,hybrid_expert_cdc_5000_resume2000,/data/yzhu/megatron-lm-moe-exp/logs/moe1b_hybrid_expert_cdc_5000_seed42_20260321_235803.log,0,train,train,,loss,730,5000,747520,5740.7,3.700999
2,hybrid_expert_cdc,Dense+Expert Hybrid,hybrid_expert_cdc_5000_resume2000,/data/yzhu/megatron-lm-moe-exp/logs/moe1b_hybrid_expert_cdc_5000_seed42_20260321_235803.log,0,train,train,,loss,740,5000,757760,5718.7,3.679368
2,hybrid_expert_cdc,Dense+Expert Hybrid,hybrid_expert_cdc_5000_resume2000,/data/yzhu/megatron-lm-moe-exp/logs/moe1b_hybrid_expert_cdc_5000_seed42_20260321_235803.log,0,train,train,,loss,750,5000,768000,5756.2,3.676999
2,hybrid_expert_cdc,Dense+Expert Hybrid,hybrid_expert_cdc_5000_resume2000,/data/yzhu/megatron-lm-moe-exp/logs/moe1b_hybrid_expert_cdc_5000_seed42_20260321_235803.log,0,train,train,,loss,760,5000,778240,5724.2,3.681842
2,hybrid_expert_cdc,Dense+Expert Hybrid,hybrid_expert_cdc_5000_resume2000,/data/yzhu/megatron-lm-moe-exp/logs/moe1b_hybrid_expert_cdc_5000_seed42_20260321_235803.log,0,train,train,,loss,770,5000,788480,5760.4,3.681235
2,hybrid_expert_cdc,Dense+Expert Hybrid,hybrid_expert_cdc_5000_resume2000,/data/yzhu/megatron-lm-moe-exp/logs/moe1b_hybrid_expert_cdc_5000_seed42_20260321_235803.log,0,train,train,,loss,780,5000,798720,5718.0,3.672744
2,hybrid_expert_cdc,Dense+Expert Hybrid,hybrid_expert_cdc_5000_resume2000,/data/yzhu/megatron-lm-moe-exp/logs/moe1b_hybrid_expert_cdc_5000_seed42_20260321_235803.log,0,train,train,,loss,790,5000,808960,5704.5,3.646734
2,hybrid_expert_cdc,Dense+Expert Hybrid,hybrid_expert_cdc_5000_resume2000,/data/yzhu/megatron-lm-moe-exp/logs/moe1b_hybrid_expert_cdc_5000_seed42_20260321_235803.log,0,train,train,,loss,800,5000,819200,5728.8,3.651744
2,hybrid_expert_cdc,Dense+Expert Hybrid,hybrid_expert_cdc_5000_resume2000,/data/yzhu/megatron-lm-moe-exp/logs/moe1b_hybrid_expert_cdc_5000_seed42_20260321_235803.log,0,train,train,,loss,810,5000,829440,5765.0,3.641875
2,hybrid_expert_cdc,Dense+Expert Hybrid,hybrid_expert_cdc_5000_resume2000,/data/yzhu/megatron-lm-moe-exp/logs/moe1b_hybrid_expert_cdc_5000_seed42_20260321_235803.log,0,train,train,,loss,820,5000,839680,5757.8,3.645247
2,hybrid_expert_cdc,Dense+Expert Hybrid,hybrid_expert_cdc_5000_resume2000,/data/yzhu/megatron-lm-moe-exp/logs/moe1b_hybrid_expert_cdc_5000_seed42_20260321_235803.log,0,train,train,,loss,830,5000,849920,5739.2,3.644965
2,hybrid_expert_cdc,Dense+Expert Hybrid,hybrid_expert_cdc_5000_resume2000,/data/yzhu/megatron-lm-moe-exp/logs/moe1b_hybrid_expert_cdc_5000_seed42_20260321_235803.log,0,train,train,,loss,840,5000,860160,5721.6,3.626825
2,hybrid_expert_cdc,Dense+Expert Hybrid,hybrid_expert_cdc_5000_resume2000,/data/yzhu/megatron-lm-moe-exp/logs/moe1b_hybrid_expert_cdc_5000_seed42_20260321_235803.log,0,train,train,,loss,850,5000,870400,5764.1,3.602104
2,hybrid_expert_cdc,Dense+Expert Hybrid,hybrid_expert_cdc_5000_resume2000,/data/yzhu/megatron-lm-moe-exp/logs/moe1b_hybrid_expert_cdc_5000_seed42_20260321_235803.log,0,train,train,,loss,860,5000,880640,5719.5,3.613359
2,hybrid_expert_cdc,Dense+Expert Hybrid,hybrid_expert_cdc_5000_resume2000,/data/yzhu/megatron-lm-moe-exp/logs/moe1b_hybrid_expert_cdc_5000_seed42_20260321_235803.log,0,train,train,,loss,870,5000,890880,5759.4,3.627255
2,hybrid_expert_cdc,Dense+Expert Hybrid,hybrid_expert_cdc_5000_resume2000,/data/yzhu/megatron-lm-moe-exp/logs/moe1b_hybrid_expert_cdc_5000_seed42_20260321_235803.log,0,train,train,,loss,880,5000,901120,5721.4,3.621049
2,hybrid_expert_cdc,Dense+Expert Hybrid,hybrid_expert_cdc_5000_resume2000,/data/yzhu/megatron-lm-moe-exp/logs/moe1b_hybrid_expert_cdc_5000_seed42_20260321_235803.log,0,train,train,,loss,890,5000,911360,5723.5,3.61096
2,hybrid_expert_cdc,Dense+Expert Hybrid,hybrid_expert_cdc_5000_resume2000,/data/yzhu/megatron-lm-moe-exp/logs/moe1b_hybrid_expert_cdc_5000_seed42_20260321_235803.log,0,train,train,,loss,900,5000,921600,5709.7,3.60521
2,hybrid_expert_cdc,Dense+Expert Hybrid,hybrid_expert_cdc_5000_resume2000,/data/yzhu/megatron-lm-moe-exp/logs/moe1b_hybrid_expert_cdc_5000_seed42_20260321_235803.log,0,train,train,,loss,910,5000,931840,5777.5,3.609694
2,hybrid_expert_cdc,Dense+Expert Hybrid,hybrid_expert_cdc_5000_resume2000,/data/yzhu/megatron-lm-moe-exp/logs/moe1b_hybrid_expert_cdc_5000_seed42_20260321_235803.log,0,train,train,,loss,920,5000,942080,5740.4,3.586761
2,hybrid_expert_cdc,Dense+Expert Hybrid,hybrid_expert_cdc_5000_resume2000,/data/yzhu/megatron-lm-moe-exp/logs/moe1b_hybrid_expert_cdc_5000_seed42_20260321_235803.log,0,train,train,,loss,930,5000,952320,5744.0,3.602538
2,hybrid_expert_cdc,Dense+Expert Hybrid,hybrid_expert_cdc_5000_resume2000,/data/yzhu/megatron-lm-moe-exp/logs/moe1b_hybrid_expert_cdc_5000_seed42_20260321_235803.log,0,train,train,,loss,940,5000,962560,5721.1,3.582336
2,hybrid_expert_cdc,Dense+Expert Hybrid,hybrid_expert_cdc_5000_resume2000,/data/yzhu/megatron-lm-moe-exp/logs/moe1b_hybrid_expert_cdc_5000_seed42_20260321_235803.log,0,train,train,,loss,950,5000,972800,5762.3,3.577454
2,hybrid_expert_cdc,Dense+Expert Hybrid,hybrid_expert_cdc_5000_resume2000,/data/yzhu/megatron-lm-moe-exp/logs/moe1b_hybrid_expert_cdc_5000_seed42_20260321_235803.log,0,train,train,,loss,960,5000,983040,5723.4,3.558737
2,hybrid_expert_cdc,Dense+Expert Hybrid,hybrid_expert_cdc_5000_resume2000,/data/yzhu/megatron-lm-moe-exp/logs/moe1b_hybrid_expert_cdc_5000_seed42_20260321_235803.log,0,train,train,,loss,970,5000,993280,5745.8,3.561675
2,hybrid_expert_cdc,Dense+Expert Hybrid,hybrid_expert_cdc_5000_resume2000,/data/yzhu/megatron-lm-moe-exp/logs/moe1b_hybrid_expert_cdc_5000_seed42_20260321_235803.log,0,train,train,,loss,980,5000,1003520,5735.4,3.572038
2,hybrid_expert_cdc,Dense+Expert Hybrid,hybrid_expert_cdc_5000_resume2000,/data/yzhu/megatron-lm-moe-exp/logs/moe1b_hybrid_expert_cdc_5000_seed42_20260321_235803.log,0,train,train,,loss,990,5000,1013760,5706.3,3.56239
2,hybrid_expert_cdc,Dense+Expert Hybrid,hybrid_expert_cdc_5000_resume2000,/data/yzhu/megatron-lm-moe-exp/logs/moe1b_hybrid_expert_cdc_5000_seed42_20260321_235803.log,0,train,train,,loss,1000,5000,1024000,5728.0,3.565234
2,hybrid_expert_cdc,Dense+Expert Hybrid,hybrid_expert_cdc_5000_resume2000,/data/yzhu/megatron-lm-moe-exp/logs/moe1b_hybrid_expert_cdc_5000_seed42_20260321_235803.log,0,train,train,,loss,1010,5000,1034240,5733.3,3.541234
2,hybrid_expert_cdc,Dense+Expert Hybrid,hybrid_expert_cdc_5000_resume2000,/data/yzhu/megatron-lm-moe-exp/logs/moe1b_hybrid_expert_cdc_5000_seed42_20260321_235803.log,0,train,train,,loss,1020,5000,1044480,5735.8,3.546807
2,hybrid_expert_cdc,Dense+Expert Hybrid,hybrid_expert_cdc_5000_resume2000,/data/yzhu/megatron-lm-moe-exp/logs/moe1b_hybrid_expert_cdc_5000_seed42_20260321_235803.log,0,train,train,,loss,1030,5000,1054720,5788.3,3.544821
2,hybrid_expert_cdc,Dense+Expert Hybrid,hybrid_expert_cdc_5000_resume2000,/data/yzhu/megatron-lm-moe-exp/logs/moe1b_hybrid_expert_cdc_5000_seed42_20260321_235803.log,0,train,train,,loss,1040,5000,1064960,5723.8,3.534737
2,hybrid_expert_cdc,Dense+Expert Hybrid,hybrid_expert_cdc_5000_resume2000,/data/yzhu/megatron-lm-moe-exp/logs/moe1b_hybrid_expert_cdc_5000_seed42_20260321_235803.log,0,train,train,,loss,1050,5000,1075200,5747.3,3.539046
2,hybrid_expert_cdc,Dense+Expert Hybrid,hybrid_expert_cdc_5000_resume2000,/data/yzhu/megatron-lm-moe-exp/logs/moe1b_hybrid_expert_cdc_5000_seed42_20260321_235803.log,0,train,train,,loss,1060,5000,1085440,5741.3,3.515673
2,hybrid_expert_cdc,Dense+Expert Hybrid,hybrid_expert_cdc_5000_resume2000,/data/yzhu/megatron-lm-moe-exp/logs/moe1b_hybrid_expert_cdc_5000_seed42_20260321_235803.log,0,train,train,,loss,1070,5000,1095680,5744.1,3.507809
2,hybrid_expert_cdc,Dense+Expert Hybrid,hybrid_expert_cdc_5000_resume2000,/data/yzhu/megatron-lm-moe-exp/logs/moe1b_hybrid_expert_cdc_5000_seed42_20260321_235803.log,0,train,train,,loss,1080,5000,1105920,5735.8,3.5314
2,hybrid_expert_cdc,Dense+Expert Hybrid,hybrid_expert_cdc_5000_resume2000,/data/yzhu/megatron-lm-moe-exp/logs/moe1b_hybrid_expert_cdc_5000_seed42_20260321_235803.log,0,train,train,,loss,1090,5000,1116160,5709.0,3.521626
2,hybrid_expert_cdc,Dense+Expert Hybrid,hybrid_expert_cdc_5000_resume2000,/data/yzhu/megatron-lm-moe-exp/logs/moe1b_hybrid_expert_cdc_5000_seed42_20260321_235803.log,0,train,train,,loss,1100,5000,1126400,5729.1,3.509814
2,hybrid_expert_cdc,Dense+Expert Hybrid,hybrid_expert_cdc_5000_resume2000,/data/yzhu/megatron-lm-moe-exp/logs/moe1b_hybrid_expert_cdc_5000_seed42_20260321_235803.log,0,train,train,,loss,1110,5000,1136640,5765.1,3.512534
2,hybrid_expert_cdc,Dense+Expert Hybrid,hybrid_expert_cdc_5000_resume2000,/data/yzhu/megatron-lm-moe-exp/logs/moe1b_hybrid_expert_cdc_5000_seed42_20260321_235803.log,0,train,train,,loss,1120,5000,1146880,5740.8,3.525375
2,hybrid_expert_cdc,Dense+Expert Hybrid,hybrid_expert_cdc_5000_resume2000,/data/yzhu/megatron-lm-moe-exp/logs/moe1b_hybrid_expert_cdc_5000_seed42_20260321_235803.log,0,train,train,,loss,1130,5000,1157120,5766.8,3.506834
2,hybrid_expert_cdc,Dense+Expert Hybrid,hybrid_expert_cdc_5000_resume2000,/data/yzhu/megatron-lm-moe-exp/logs/moe1b_hybrid_expert_cdc_5000_seed42_20260321_235803.log,0,train,train,,loss,1140,5000,1167360,5726.5,3.488482
2,hybrid_expert_cdc,Dense+Expert Hybrid,hybrid_expert_cdc_5000_resume2000,/data/yzhu/megatron-lm-moe-exp/logs/moe1b_hybrid_expert_cdc_5000_seed42_20260321_235803.log,0,train,train,,loss,1150,5000,1177600,5753.4,3.5033
2,hybrid_expert_cdc,Dense+Expert Hybrid,hybrid_expert_cdc_5000_resume2000,/data/yzhu/megatron-lm-moe-exp/logs/moe1b_hybrid_expert_cdc_5000_seed42_20260321_235803.log,0,train,train,,loss,1160,5000,1187840,5741.9,3.497272
2,hybrid_expert_cdc,Dense+Expert Hybrid,hybrid_expert_cdc_5000_resume2000,/data/yzhu/megatron-lm-moe-exp/logs/moe1b_hybrid_expert_cdc_5000_seed42_20260321_235803.log,0,train,train,,loss,1170,5000,1198080,5745.8,3.488849
2,hybrid_expert_cdc,Dense+Expert Hybrid,hybrid_expert_cdc_5000_resume2000,/data/yzhu/megatron-lm-moe-exp/logs/moe1b_hybrid_expert_cdc_5000_seed42_20260321_235803.log,0,train,train,,loss,1180,5000,1208320,5736.0,3.475645
2,hybrid_expert_cdc,Dense+Expert Hybrid,hybrid_expert_cdc_5000_resume2000,/data/yzhu/megatron-lm-moe-exp/logs/moe1b_hybrid_expert_cdc_5000_seed42_20260321_235803.log,0,train,train,,loss,1190,5000,1218560,5715.0,3.472677
2,hybrid_expert_cdc,Dense+Expert Hybrid,hybrid_expert_cdc_5000_resume2000,/data/yzhu/megatron-lm-moe-exp/logs/moe1b_hybrid_expert_cdc_5000_seed42_20260321_235803.log,0,train,train,,loss,1200,5000,1228800,5705.7,3.47616
2,hybrid_expert_cdc,Dense+Expert Hybrid,hybrid_expert_cdc_5000_resume2000,/data/yzhu/megatron-lm-moe-exp/logs/moe1b_hybrid_expert_cdc_5000_seed42_20260321_235803.log,0,train,train,,loss,1210,5000,1239040,5779.8,3.467659
2,hybrid_expert_cdc,Dense+Expert Hybrid,hybrid_expert_cdc_5000_resume2000,/data/yzhu/megatron-lm-moe-exp/logs/moe1b_hybrid_expert_cdc_5000_seed42_20260321_235803.log,0,train,train,,loss,1220,5000,1249280,5748.2,3.473251
2,hybrid_expert_cdc,Dense+Expert Hybrid,hybrid_expert_cdc_5000_resume2000,/data/yzhu/megatron-lm-moe-exp/logs/moe1b_hybrid_expert_cdc_5000_seed42_20260321_235803.log,0,train,train,,loss,1230,5000,1259520,5767.6,3.469149
2,hybrid_expert_cdc,Dense+Expert Hybrid,hybrid_expert_cdc_5000_resume2000,/data/yzhu/megatron-lm-moe-exp/logs/moe1b_hybrid_expert_cdc_5000_seed42_20260321_235803.log,0,train,train,,loss,1240,5000,1269760,5734.2,3.459604
2,hybrid_expert_cdc,Dense+Expert Hybrid,hybrid_expert_cdc_5000_resume2000,/data/yzhu/megatron-lm-moe-exp/logs/moe1b_hybrid_expert_cdc_5000_seed42_20260321_235803.log,0,train,train,,loss,1250,5000,1280000,5751.2,3.463876
2,hybrid_expert_cdc,Dense+Expert Hybrid,hybrid_expert_cdc_5000_resume2000,/data/yzhu/megatron-lm-moe-exp/logs/moe1b_hybrid_expert_cdc_5000_seed42_20260321_235803.log,0,train,train,,loss,1260,5000,1290240,5750.1,3.475599
2,hybrid_expert_cdc,Dense+Expert Hybrid,hybrid_expert_cdc_5000_resume2000,/data/yzhu/megatron-lm-moe-exp/logs/moe1b_hybrid_expert_cdc_5000_seed42_20260321_235803.log,0,train,train,,loss,1270,5000,1300480,5754.6,3.452999
2,hybrid_expert_cdc,Dense+Expert Hybrid,hybrid_expert_cdc_5000_resume2000,/data/yzhu/megatron-lm-moe-exp/logs/moe1b_hybrid_expert_cdc_5000_seed42_20260321_235803.log,0,train,train,,loss,1280,5000,1310720,5729.2,3.440232
2,hybrid_expert_cdc,Dense+Expert Hybrid,hybrid_expert_cdc_5000_resume2000,/data/yzhu/megatron-lm-moe-exp/logs/moe1b_hybrid_expert_cdc_5000_seed42_20260321_235803.log,0,train,train,,loss,1290,5000,1320960,5728.6,3.456876
2,hybrid_expert_cdc,Dense+Expert Hybrid,hybrid_expert_cdc_5000_resume2000,/data/yzhu/megatron-lm-moe-exp/logs/moe1b_hybrid_expert_cdc_5000_seed42_20260321_235803.log,0,train,train,,loss,1300,5000,1331200,5722.2,3.450836
2,hybrid_expert_cdc,Dense+Expert Hybrid,hybrid_expert_cdc_5000_resume2000,/data/yzhu/megatron-lm-moe-exp/logs/moe1b_hybrid_expert_cdc_5000_seed42_20260321_235803.log,0,train,train,,loss,1310,5000,1341440,5781.7,3.448859
2,hybrid_expert_cdc,Dense+Expert Hybrid,hybrid_expert_cdc_5000_resume2000,/data/yzhu/megatron-lm-moe-exp/logs/moe1b_hybrid_expert_cdc_5000_seed42_20260321_235803.log,0,train,train,,loss,1320,5000,1351680,5744.4,3.458707
2,hybrid_expert_cdc,Dense+Expert Hybrid,hybrid_expert_cdc_5000_resume2000,/data/yzhu/megatron-lm-moe-exp/logs/moe1b_hybrid_expert_cdc_5000_seed42_20260321_235803.log,0,train,train,,loss,1330,5000,1361920,5761.1,3.450883
2,hybrid_expert_cdc,Dense+Expert Hybrid,hybrid_expert_cdc_5000_resume2000,/data/yzhu/megatron-lm-moe-exp/logs/moe1b_hybrid_expert_cdc_5000_seed42_20260321_235803.log,0,train,train,,loss,1340,5000,1372160,5731.1,3.436615
2,hybrid_expert_cdc,Dense+Expert Hybrid,hybrid_expert_cdc_5000_resume2000,/data/yzhu/megatron-lm-moe-exp/logs/moe1b_hybrid_expert_cdc_5000_seed42_20260321_235803.log,0,train,train,,loss,1350,5000,1382400,5765.9,3.429232
2,hybrid_expert_cdc,Dense+Expert Hybrid,hybrid_expert_cdc_5000_resume2000,/data/yzhu/megatron-lm-moe-exp/logs/moe1b_hybrid_expert_cdc_5000_seed42_20260321_235803.log,0,train,train,,loss,1360,5000,1392640,5729.0,3.434738
2,hybrid_expert_cdc,Dense+Expert Hybrid,hybrid_expert_cdc_5000_resume2000,/data/yzhu/megatron-lm-moe-exp/logs/moe1b_hybrid_expert_cdc_5000_seed42_20260321_235803.log,0,train,train,,loss,1370,5000,1402880,5751.7,3.407555
2,hybrid_expert_cdc,Dense+Expert Hybrid,hybrid_expert_cdc_5000_resume2000,/data/yzhu/megatron-lm-moe-exp/logs/moe1b_hybrid_expert_cdc_5000_seed42_20260321_235803.log,0,train,train,,loss,1380,5000,1413120,5743.9,3.422482
2,hybrid_expert_cdc,Dense+Expert Hybrid,hybrid_expert_cdc_5000_resume2000,/data/yzhu/megatron-lm-moe-exp/logs/moe1b_hybrid_expert_cdc_5000_seed42_20260321_235803.log,0,train,train,,loss,1390,5000,1423360,5714.2,3.412714
2,hybrid_expert_cdc,Dense+Expert Hybrid,hybrid_expert_cdc_5000_resume2000,/data/yzhu/megatron-lm-moe-exp/logs/moe1b_hybrid_expert_cdc_5000_seed42_20260321_235803.log,0,train,train,,loss,1400,5000,1433600,5744.4,3.420604
2,hybrid_expert_cdc,Dense+Expert Hybrid,hybrid_expert_cdc_5000_resume2000,/data/yzhu/megatron-lm-moe-exp/logs/moe1b_hybrid_expert_cdc_5000_seed42_20260321_235803.log,0,train,train,,loss,1410,5000,1443840,5771.4,3.424446
2,hybrid_expert_cdc,Dense+Expert Hybrid,hybrid_expert_cdc_5000_resume2000,/data/yzhu/megatron-lm-moe-exp/logs/moe1b_hybrid_expert_cdc_5000_seed42_20260321_235803.log,0,train,train,,loss,1420,5000,1454080,5765.1,3.407483
2,hybrid_expert_cdc,Dense+Expert Hybrid,hybrid_expert_cdc_5000_resume2000,/data/yzhu/megatron-lm-moe-exp/logs/moe1b_hybrid_expert_cdc_5000_seed42_20260321_235803.log,0,train,train,,loss,1430,5000,1464320,5745.8,3.423415
2,hybrid_expert_cdc,Dense+Expert Hybrid,hybrid_expert_cdc_5000_resume2000,/data/yzhu/megatron-lm-moe-exp/logs/moe1b_hybrid_expert_cdc_5000_seed42_20260321_235803.log,0,train,train,,loss,1440,5000,1474560,5746.0,3.409325
2,hybrid_expert_cdc,Dense+Expert Hybrid,hybrid_expert_cdc_5000_resume2000,/data/yzhu/megatron-lm-moe-exp/logs/moe1b_hybrid_expert_cdc_5000_seed42_20260321_235803.log,0,train,train,,loss,1450,5000,1484800,5749.3,3.390081
2,hybrid_expert_cdc,Dense+Expert Hybrid,hybrid_expert_cdc_5000_resume2000,/data/yzhu/megatron-lm-moe-exp/logs/moe1b_hybrid_expert_cdc_5000_seed42_20260321_235803.log,0,train,train,,loss,1460,5000,1495040,5729.1,3.412699
2,hybrid_expert_cdc,Dense+Expert Hybrid,hybrid_expert_cdc_5000_resume2000,/data/yzhu/megatron-lm-moe-exp/logs/moe1b_hybrid_expert_cdc_5000_seed42_20260321_235803.log,0,train,train,,loss,1470,5000,1505280,5756.6,3.393393
2,hybrid_expert_cdc,Dense+Expert Hybrid,hybrid_expert_cdc_5000_resume2000,/data/yzhu/megatron-lm-moe-exp/logs/moe1b_hybrid_expert_cdc_5000_seed42_20260321_235803.log,0,train,train,,loss,1480,5000,1515520,5728.4,3.383078
2,hybrid_expert_cdc,Dense+Expert Hybrid,hybrid_expert_cdc_5000_resume2000,/data/yzhu/megatron-lm-moe-exp/logs/moe1b_hybrid_expert_cdc_5000_seed42_20260321_235803.log,0,train,train,,loss,1490,5000,1525760,5729.2,3.402238
2,hybrid_expert_cdc,Dense+Expert Hybrid,hybrid_expert_cdc_5000_resume2000,/data/yzhu/megatron-lm-moe-exp/logs/moe1b_hybrid_expert_cdc_5000_seed42_20260321_235803.log,0,train,train,,loss,1500,5000,1536000,5723.2,3.400331
2,hybrid_expert_cdc,Dense+Expert Hybrid,hybrid_expert_cdc_5000_resume2000,/data/yzhu/megatron-lm-moe-exp/logs/moe1b_hybrid_expert_cdc_5000_seed42_20260321_235803.log,0,train,train,,loss,1510,5000,1546240,5772.0,3.397506
2,hybrid_expert_cdc,Dense+Expert Hybrid,hybrid_expert_cdc_5000_resume2000,/data/yzhu/megatron-lm-moe-exp/logs/moe1b_hybrid_expert_cdc_5000_seed42_20260321_235803.log,0,train,train,,loss,1520,5000,1556480,5762.4,3.39365
2,hybrid_expert_cdc,Dense+Expert Hybrid,hybrid_expert_cdc_5000_resume2000,/data/yzhu/megatron-lm-moe-exp/logs/moe1b_hybrid_expert_cdc_5000_seed42_20260321_235803.log,0,train,train,,loss,1530,5000,1566720,5741.3,3.408819
2,hybrid_expert_cdc,Dense+Expert Hybrid,hybrid_expert_cdc_5000_resume2000,/data/yzhu/megatron-lm-moe-exp/logs/moe1b_hybrid_expert_cdc_5000_seed42_20260321_235803.log,0,train,train,,loss,1540,5000,1576960,5739.5,3.404316
2,hybrid_expert_cdc,Dense+Expert Hybrid,hybrid_expert_cdc_5000_resume2000,/data/yzhu/megatron-lm-moe-exp/logs/moe1b_hybrid_expert_cdc_5000_seed42_20260321_235803.log,0,train,train,,loss,1550,5000,1587200,5743.1,3.39283
2,hybrid_expert_cdc,Dense+Expert Hybrid,hybrid_expert_cdc_5000_resume2000,/data/yzhu/megatron-lm-moe-exp/logs/moe1b_hybrid_expert_cdc_5000_seed42_20260321_235803.log,0,train,train,,loss,1560,5000,1597440,5725.9,3.381696
2,hybrid_expert_cdc,Dense+Expert Hybrid,hybrid_expert_cdc_5000_resume2000,/data/yzhu/megatron-lm-moe-exp/logs/moe1b_hybrid_expert_cdc_5000_seed42_20260321_235803.log,0,train,train,,loss,1570,5000,1607680,5759.4,3.387963
2,hybrid_expert_cdc,Dense+Expert Hybrid,hybrid_expert_cdc_5000_resume2000,/data/yzhu/megatron-lm-moe-exp/logs/moe1b_hybrid_expert_cdc_5000_seed42_20260321_235803.log,0,train,train,,loss,1580,5000,1617920,5724.9,3.378156
2,hybrid_expert_cdc,Dense+Expert Hybrid,hybrid_expert_cdc_5000_resume2000,/data/yzhu/megatron-lm-moe-exp/logs/moe1b_hybrid_expert_cdc_5000_seed42_20260321_235803.log,0,train,train,,loss,1590,5000,1628160,5721.5,3.386433
2,hybrid_expert_cdc,Dense+Expert Hybrid,hybrid_expert_cdc_5000_resume2000,/data/yzhu/megatron-lm-moe-exp/logs/moe1b_hybrid_expert_cdc_5000_seed42_20260321_235803.log,0,train,train,,loss,1600,5000,1638400,5720.2,3.381446
2,hybrid_expert_cdc,Dense+Expert Hybrid,hybrid_expert_cdc_5000_resume2000,/data/yzhu/megatron-lm-moe-exp/logs/moe1b_hybrid_expert_cdc_5000_seed42_20260321_235803.log,0,train,train,,loss,1610,5000,1648640,5783.3,3.372889
2,hybrid_expert_cdc,Dense+Expert Hybrid,hybrid_expert_cdc_5000_resume2000,/data/yzhu/megatron-lm-moe-exp/logs/moe1b_hybrid_expert_cdc_5000_seed42_20260321_235803.log,0,train,train,,loss,1620,5000,1658880,5743.9,3.363747
2,hybrid_expert_cdc,Dense+Expert Hybrid,hybrid_expert_cdc_5000_resume2000,/data/yzhu/megatron-lm-moe-exp/logs/moe1b_hybrid_expert_cdc_5000_seed42_20260321_235803.log,0,train,train,,loss,1630,5000,1669120,5762.3,3.367726
2,hybrid_expert_cdc,Dense+Expert Hybrid,hybrid_expert_cdc_5000_resume2000,/data/yzhu/megatron-lm-moe-exp/logs/moe1b_hybrid_expert_cdc_5000_seed42_20260321_235803.log,0,train,train,,loss,1640,5000,1679360,5729.5,3.380682
2,hybrid_expert_cdc,Dense+Expert Hybrid,hybrid_expert_cdc_5000_resume2000,/data/yzhu/megatron-lm-moe-exp/logs/moe1b_hybrid_expert_cdc_5000_seed42_20260321_235803.log,0,train,train,,loss,1650,5000,1689600,5750.7,3.364997
2,hybrid_expert_cdc,Dense+Expert Hybrid,hybrid_expert_cdc_5000_resume2000,/data/yzhu/megatron-lm-moe-exp/logs/moe1b_hybrid_expert_cdc_5000_seed42_20260321_235803.log,0,train,train,,loss,1660,5000,1699840,5743.8,3.372376
2,hybrid_expert_cdc,Dense+Expert Hybrid,hybrid_expert_cdc_5000_resume2000,/data/yzhu/megatron-lm-moe-exp/logs/moe1b_hybrid_expert_cdc_5000_seed42_20260321_235803.log,0,train,train,,loss,1670,5000,1710080,5751.2,3.351965
2,hybrid_expert_cdc,Dense+Expert Hybrid,hybrid_expert_cdc_5000_resume2000,/data/yzhu/megatron-lm-moe-exp/logs/moe1b_hybrid_expert_cdc_5000_seed42_20260321_235803.log,0,train,train,,loss,1680,5000,1720320,5729.8,3.350576
2,hybrid_expert_cdc,Dense+Expert Hybrid,hybrid_expert_cdc_5000_resume2000,/data/yzhu/megatron-lm-moe-exp/logs/moe1b_hybrid_expert_cdc_5000_seed42_20260321_235803.log,0,train,train,,loss,1690,5000,1730560,5710.1,3.342135
2,hybrid_expert_cdc,Dense+Expert Hybrid,hybrid_expert_cdc_5000_resume2000,/data/yzhu/megatron-lm-moe-exp/logs/moe1b_hybrid_expert_cdc_5000_seed42_20260321_235803.log,0,train,train,,loss,1700,5000,1740800,5711.8,3.353455
2,hybrid_expert_cdc,Dense+Expert Hybrid,hybrid_expert_cdc_5000_resume2000,/data/yzhu/megatron-lm-moe-exp/logs/moe1b_hybrid_expert_cdc_5000_seed42_20260321_235803.log,0,train,train,,loss,1710,5000,1751040,5771.7,3.342371
2,hybrid_expert_cdc,Dense+Expert Hybrid,hybrid_expert_cdc_5000_resume2000,/data/yzhu/megatron-lm-moe-exp/logs/moe1b_hybrid_expert_cdc_5000_seed42_20260321_235803.log,0,train,train,,loss,1720,5000,1761280,5762.7,3.332059
2,hybrid_expert_cdc,Dense+Expert Hybrid,hybrid_expert_cdc_5000_resume2000,/data/yzhu/megatron-lm-moe-exp/logs/moe1b_hybrid_expert_cdc_5000_seed42_20260321_235803.log,0,train,train,,loss,1730,5000,1771520,5747.5,3.336466
2,hybrid_expert_cdc,Dense+Expert Hybrid,hybrid_expert_cdc_5000_resume2000,/data/yzhu/megatron-lm-moe-exp/logs/moe1b_hybrid_expert_cdc_5000_seed42_20260321_235803.log,0,train,train,,loss,1740,5000,1781760,5723.8,3.347614
2,hybrid_expert_cdc,Dense+Expert Hybrid,hybrid_expert_cdc_5000_resume2000,/data/yzhu/megatron-lm-moe-exp/logs/moe1b_hybrid_expert_cdc_5000_seed42_20260321_235803.log,0,train,train,,loss,1750,5000,1792000,5750.7,3.325363
2,hybrid_expert_cdc,Dense+Expert Hybrid,hybrid_expert_cdc_5000_resume2000,/data/yzhu/megatron-lm-moe-exp/logs/moe1b_hybrid_expert_cdc_5000_seed42_20260321_235803.log,0,train,train,,loss,1760,5000,1802240,5734.6,3.342
2,hybrid_expert_cdc,Dense+Expert Hybrid,hybrid_expert_cdc_5000_resume2000,/data/yzhu/megatron-lm-moe-exp/logs/moe1b_hybrid_expert_cdc_5000_seed42_20260321_235803.log,0,train,train,,loss,1770,5000,1812480,5741.6,3.332038
2,hybrid_expert_cdc,Dense+Expert Hybrid,hybrid_expert_cdc_5000_resume2000,/data/yzhu/megatron-lm-moe-exp/logs/moe1b_hybrid_expert_cdc_5000_seed42_20260321_235803.log,0,train,train,,loss,1780,5000,1822720,5729.8,3.341669
2,hybrid_expert_cdc,Dense+Expert Hybrid,hybrid_expert_cdc_5000_resume2000,/data/yzhu/megatron-lm-moe-exp/logs/moe1b_hybrid_expert_cdc_5000_seed42_20260321_235803.log,0,train,train,,loss,1790,5000,1832960,5712.8,3.336792
2,hybrid_expert_cdc,Dense+Expert Hybrid,hybrid_expert_cdc_5000_resume2000,/data/yzhu/megatron-lm-moe-exp/logs/moe1b_hybrid_expert_cdc_5000_seed42_20260321_235803.log,0,train,train,,loss,1800,5000,1843200,5719.6,3.327239
2,hybrid_expert_cdc,Dense+Expert Hybrid,hybrid_expert_cdc_5000_resume2000,/data/yzhu/megatron-lm-moe-exp/logs/moe1b_hybrid_expert_cdc_5000_seed42_20260321_235803.log,0,train,train,,loss,1810,5000,1853440,5761.5,3.331527
2,hybrid_expert_cdc,Dense+Expert Hybrid,hybrid_expert_cdc_5000_resume2000,/data/yzhu/megatron-lm-moe-exp/logs/moe1b_hybrid_expert_cdc_5000_seed42_20260321_235803.log,0,train,train,,loss,1820,5000,1863680,5738.6,3.3061
2,hybrid_expert_cdc,Dense+Expert Hybrid,hybrid_expert_cdc_5000_resume2000,/data/yzhu/megatron-lm-moe-exp/logs/moe1b_hybrid_expert_cdc_5000_seed42_20260321_235803.log,0,train,train,,loss,1830,5000,1873920,5754.9,3.319136
2,hybrid_expert_cdc,Dense+Expert Hybrid,hybrid_expert_cdc_5000_resume2000,/data/yzhu/megatron-lm-moe-exp/logs/moe1b_hybrid_expert_cdc_5000_seed42_20260321_235803.log,0,train,train,,loss,1840,5000,1884160,5732.4,3.316043
2,hybrid_expert_cdc,Dense+Expert Hybrid,hybrid_expert_cdc_5000_resume2000,/data/yzhu/megatron-lm-moe-exp/logs/moe1b_hybrid_expert_cdc_5000_seed42_20260321_235803.log,0,train,train,,loss,1850,5000,1894400,5747.0,3.314733
2,hybrid_expert_cdc,Dense+Expert Hybrid,hybrid_expert_cdc_5000_resume2000,/data/yzhu/megatron-lm-moe-exp/logs/moe1b_hybrid_expert_cdc_5000_seed42_20260321_235803.log,0,train,train,,loss,1860,5000,1904640,5721.2,3.311577
2,hybrid_expert_cdc,Dense+Expert Hybrid,hybrid_expert_cdc_5000_resume2000,/data/yzhu/megatron-lm-moe-exp/logs/moe1b_hybrid_expert_cdc_5000_seed42_20260321_235803.log,0,train,train,,loss,1870,5000,1914880,5751.6,3.316916
2,hybrid_expert_cdc,Dense+Expert Hybrid,hybrid_expert_cdc_5000_resume2000,/data/yzhu/megatron-lm-moe-exp/logs/moe1b_hybrid_expert_cdc_5000_seed42_20260321_235803.log,0,train,train,,loss,1880,5000,1925120,5711.2,3.31274
2,hybrid_expert_cdc,Dense+Expert Hybrid,hybrid_expert_cdc_5000_resume2000,/data/yzhu/megatron-lm-moe-exp/logs/moe1b_hybrid_expert_cdc_5000_seed42_20260321_235803.log,0,train,train,,loss,1890,5000,1935360,5691.0,3.297848
2,hybrid_expert_cdc,Dense+Expert Hybrid,hybrid_expert_cdc_5000_resume2000,/data/yzhu/megatron-lm-moe-exp/logs/moe1b_hybrid_expert_cdc_5000_seed42_20260321_235803.log,0,train,train,,loss,1900,5000,1945600,5714.6,3.313235
2,hybrid_expert_cdc,Dense+Expert Hybrid,hybrid_expert_cdc_5000_resume2000,/data/yzhu/megatron-lm-moe-exp/logs/moe1b_hybrid_expert_cdc_5000_seed42_20260321_235803.log,0,train,train,,loss,1910,5000,1955840,5745.0,3.311901
2,hybrid_expert_cdc,Dense+Expert Hybrid,hybrid_expert_cdc_5000_resume2000,/data/yzhu/megatron-lm-moe-exp/logs/moe1b_hybrid_expert_cdc_5000_seed42_20260321_235803.log,0,train,train,,loss,1920,5000,1966080,5758.6,3.312237
2,hybrid_expert_cdc,Dense+Expert Hybrid,hybrid_expert_cdc_5000_resume2000,/data/yzhu/megatron-lm-moe-exp/logs/moe1b_hybrid_expert_cdc_5000_seed42_20260321_235803.log,0,train,train,,loss,1930,5000,1976320,5743.1,3.295449
2,hybrid_expert_cdc,Dense+Expert Hybrid,hybrid_expert_cdc_5000_resume2000,/data/yzhu/megatron-lm-moe-exp/logs/moe1b_hybrid_expert_cdc_5000_seed42_20260321_235803.log,0,train,train,,loss,1940,5000,1986560,5739.7,3.304079
2,hybrid_expert_cdc,Dense+Expert Hybrid,hybrid_expert_cdc_5000_resume2000,/data/yzhu/megatron-lm-moe-exp/logs/moe1b_hybrid_expert_cdc_5000_seed42_20260321_235803.log,0,train,train,,loss,1950,5000,1996800,5746.3,3.30114
2,hybrid_expert_cdc,Dense+Expert Hybrid,hybrid_expert_cdc_5000_resume2000,/data/yzhu/megatron-lm-moe-exp/logs/moe1b_hybrid_expert_cdc_5000_seed42_20260321_235803.log,0,train,train,,loss,1960,5000,2007040,5734.8,3.29781
2,hybrid_expert_cdc,Dense+Expert Hybrid,hybrid_expert_cdc_5000_resume2000,/data/yzhu/megatron-lm-moe-exp/logs/moe1b_hybrid_expert_cdc_5000_seed42_20260321_235803.log,0,train,train,,loss,1970,5000,2017280,5752.8,3.303688
2,hybrid_expert_cdc,Dense+Expert Hybrid,hybrid_expert_cdc_5000_resume2000,/data/yzhu/megatron-lm-moe-exp/logs/moe1b_hybrid_expert_cdc_5000_seed42_20260321_235803.log,0,train,train,,loss,1980,5000,2027520,5720.9,3.321141
2,hybrid_expert_cdc,Dense+Expert Hybrid,hybrid_expert_cdc_5000_resume2000,/data/yzhu/megatron-lm-moe-exp/logs/moe1b_hybrid_expert_cdc_5000_seed42_20260321_235803.log,0,train,train,,loss,1990,5000,2037760,5735.0,3.289518
2,hybrid_expert_cdc,Dense+Expert Hybrid,hybrid_expert_cdc_5000_resume2000,/data/yzhu/megatron-lm-moe-exp/logs/moe1b_hybrid_expert_cdc_5000_seed42_20260321_235803.log,0,train,train,,loss,2000,5000,2048000,5716.9,3.292601
2,hybrid_expert_cdc,Dense+Expert Hybrid,hybrid_expert_cdc_5000_resume2000,/data/yzhu/megatron-lm-moe-exp/logs/moe1b_hybrid_expert_cdc_5000_seed42_resume2000_20260322_142505.log,1,train,train,,loss,2010,5000,2058240,6499.5,3.293088
2,hybrid_expert_cdc,Dense+Expert Hybrid,hybrid_expert_cdc_5000_resume2000,/data/yzhu/megatron-lm-moe-exp/logs/moe1b_hybrid_expert_cdc_5000_seed42_resume2000_20260322_142505.log,1,train,train,,loss,2020,5000,2068480,5785.6,3.290262
2,hybrid_expert_cdc,Dense+Expert Hybrid,hybrid_expert_cdc_5000_resume2000,/data/yzhu/megatron-lm-moe-exp/logs/moe1b_hybrid_expert_cdc_5000_seed42_resume2000_20260322_142505.log,1,train,train,,loss,2030,5000,2078720,5758.7,3.312464
2,hybrid_expert_cdc,Dense+Expert Hybrid,hybrid_expert_cdc_5000_resume2000,/data/yzhu/megatron-lm-moe-exp/logs/moe1b_hybrid_expert_cdc_5000_seed42_resume2000_20260322_142505.log,1,train,train,,loss,2040,5000,2088960,5747.6,3.289764
2,hybrid_expert_cdc,Dense+Expert Hybrid,hybrid_expert_cdc_5000_resume2000,/data/yzhu/megatron-lm-moe-exp/logs/moe1b_hybrid_expert_cdc_5000_seed42_resume2000_20260322_142505.log,1,train,train,,loss,2050,5000,2099200,5908.9,3.273801
2,hybrid_expert_cdc,Dense+Expert Hybrid,hybrid_expert_cdc_5000_resume2000,/data/yzhu/megatron-lm-moe-exp/logs/moe1b_hybrid_expert_cdc_5000_seed42_resume2000_20260322_142505.log,1,train,train,,loss,2060,5000,2109440,5754.4,3.286441
2,hybrid_expert_cdc,Dense+Expert Hybrid,hybrid_expert_cdc_5000_resume2000,/data/yzhu/megatron-lm-moe-exp/logs/moe1b_hybrid_expert_cdc_5000_seed42_resume2000_20260322_142505.log,1,train,train,,loss,2070,5000,2119680,5758.7,3.277378
2,hybrid_expert_cdc,Dense+Expert Hybrid,hybrid_expert_cdc_5000_resume2000,/data/yzhu/megatron-lm-moe-exp/logs/moe1b_hybrid_expert_cdc_5000_seed42_resume2000_20260322_142505.log,1,train,train,,loss,2080,5000,2129920,5724.0,3.275363
2,hybrid_expert_cdc,Dense+Expert Hybrid,hybrid_expert_cdc_5000_resume2000,/data/yzhu/megatron-lm-moe-exp/logs/moe1b_hybrid_expert_cdc_5000_seed42_resume2000_20260322_142505.log,1,train,train,,loss,2090,5000,2140160,5734.0,3.27871
2,hybrid_expert_cdc,Dense+Expert Hybrid,hybrid_expert_cdc_5000_resume2000,/data/yzhu/megatron-lm-moe-exp/logs/moe1b_hybrid_expert_cdc_5000_seed42_resume2000_20260322_142505.log,1,train,train,,loss,2100,5000,2150400,5725.7,3.267647
2,hybrid_expert_cdc,Dense+Expert Hybrid,hybrid_expert_cdc_5000_resume2000,/data/yzhu/megatron-lm-moe-exp/logs/moe1b_hybrid_expert_cdc_5000_seed42_resume2000_20260322_142505.log,1,train,train,,loss,2110,5000,2160640,5788.9,3.281203
2,hybrid_expert_cdc,Dense+Expert Hybrid,hybrid_expert_cdc_5000_resume2000,/data/yzhu/megatron-lm-moe-exp/logs/moe1b_hybrid_expert_cdc_5000_seed42_resume2000_20260322_142505.log,1,train,train,,loss,2120,5000,2170880,5752.6,3.27611
2,hybrid_expert_cdc,Dense+Expert Hybrid,hybrid_expert_cdc_5000_resume2000,/data/yzhu/megatron-lm-moe-exp/logs/moe1b_hybrid_expert_cdc_5000_seed42_resume2000_20260322_142505.log,1,train,train,,loss,2130,5000,2181120,5765.1,3.254457
2,hybrid_expert_cdc,Dense+Expert Hybrid,hybrid_expert_cdc_5000_resume2000,/data/yzhu/megatron-lm-moe-exp/logs/moe1b_hybrid_expert_cdc_5000_seed42_resume2000_20260322_142505.log,1,train,train,,loss,2140,5000,2191360,5728.6,3.259432
2,hybrid_expert_cdc,Dense+Expert Hybrid,hybrid_expert_cdc_5000_resume2000,/data/yzhu/megatron-lm-moe-exp/logs/moe1b_hybrid_expert_cdc_5000_seed42_resume2000_20260322_142505.log,1,train,train,,loss,2150,5000,2201600,5765.2,3.251149
2,hybrid_expert_cdc,Dense+Expert Hybrid,hybrid_expert_cdc_5000_resume2000,/data/yzhu/megatron-lm-moe-exp/logs/moe1b_hybrid_expert_cdc_5000_seed42_resume2000_20260322_142505.log,1,train,train,,loss,2160,5000,2211840,5724.7,3.270497
2,hybrid_expert_cdc,Dense+Expert Hybrid,hybrid_expert_cdc_5000_resume2000,/data/yzhu/megatron-lm-moe-exp/logs/moe1b_hybrid_expert_cdc_5000_seed42_resume2000_20260322_142505.log,1,train,train,,loss,2170,5000,2222080,5745.1,3.271332
2,hybrid_expert_cdc,Dense+Expert Hybrid,hybrid_expert_cdc_5000_resume2000,/data/yzhu/megatron-lm-moe-exp/logs/moe1b_hybrid_expert_cdc_5000_seed42_resume2000_20260322_142505.log,1,train,train,,loss,2180,5000,2232320,5735.0,3.262777
2,hybrid_expert_cdc,Dense+Expert Hybrid,hybrid_expert_cdc_5000_resume2000,/data/yzhu/megatron-lm-moe-exp/logs/moe1b_hybrid_expert_cdc_5000_seed42_resume2000_20260322_142505.log,1,train,train,,loss,2190,5000,2242560,5708.5,3.257178
2,hybrid_expert_cdc,Dense+Expert Hybrid,hybrid_expert_cdc_5000_resume2000,/data/yzhu/megatron-lm-moe-exp/logs/moe1b_hybrid_expert_cdc_5000_seed42_resume2000_20260322_142505.log,1,train,train,,loss,2200,5000,2252800,5729.2,3.260271
2,hybrid_expert_cdc,Dense+Expert Hybrid,hybrid_expert_cdc_5000_resume2000,/data/yzhu/megatron-lm-moe-exp/logs/moe1b_hybrid_expert_cdc_5000_seed42_resume2000_20260322_142505.log,1,train,train,,loss,2210,5000,2263040,5766.8,3.256659
2,hybrid_expert_cdc,Dense+Expert Hybrid,hybrid_expert_cdc_5000_resume2000,/data/yzhu/megatron-lm-moe-exp/logs/moe1b_hybrid_expert_cdc_5000_seed42_resume2000_20260322_142505.log,1,train,train,,loss,2220,5000,2273280,5755.2,3.263413
2,hybrid_expert_cdc,Dense+Expert Hybrid,hybrid_expert_cdc_5000_resume2000,/data/yzhu/megatron-lm-moe-exp/logs/moe1b_hybrid_expert_cdc_5000_seed42_resume2000_20260322_142505.log,1,train,train,,loss,2230,5000,2283520,5753.3,3.26868
2,hybrid_expert_cdc,Dense+Expert Hybrid,hybrid_expert_cdc_5000_resume2000,/data/yzhu/megatron-lm-moe-exp/logs/moe1b_hybrid_expert_cdc_5000_seed42_resume2000_20260322_142505.log,1,train,train,,loss,2240,5000,2293760,5721.6,3.278008
2,hybrid_expert_cdc,Dense+Expert Hybrid,hybrid_expert_cdc_5000_resume2000,/data/yzhu/megatron-lm-moe-exp/logs/moe1b_hybrid_expert_cdc_5000_seed42_resume2000_20260322_142505.log,1,train,train,,loss,2250,5000,2304000,5768.9,3.249448
2,hybrid_expert_cdc,Dense+Expert Hybrid,hybrid_expert_cdc_5000_resume2000,/data/yzhu/megatron-lm-moe-exp/logs/moe1b_hybrid_expert_cdc_5000_seed42_resume2000_20260322_142505.log,1,train,train,,loss,2260,5000,2314240,5730.1,3.252488
2,hybrid_expert_cdc,Dense+Expert Hybrid,hybrid_expert_cdc_5000_resume2000,/data/yzhu/megatron-lm-moe-exp/logs/moe1b_hybrid_expert_cdc_5000_seed42_resume2000_20260322_142505.log,1,train,train,,loss,2270,5000,2324480,5754.4,3.246021
2,hybrid_expert_cdc,Dense+Expert Hybrid,hybrid_expert_cdc_5000_resume2000,/data/yzhu/megatron-lm-moe-exp/logs/moe1b_hybrid_expert_cdc_5000_seed42_resume2000_20260322_142505.log,1,train,train,,loss,2280,5000,2334720,5745.5,3.221918
2,hybrid_expert_cdc,Dense+Expert Hybrid,hybrid_expert_cdc_5000_resume2000,/data/yzhu/megatron-lm-moe-exp/logs/moe1b_hybrid_expert_cdc_5000_seed42_resume2000_20260322_142505.log,1,train,train,,loss,2290,5000,2344960,5713.0,3.237736
2,hybrid_expert_cdc,Dense+Expert Hybrid,hybrid_expert_cdc_5000_resume2000,/data/yzhu/megatron-lm-moe-exp/logs/moe1b_hybrid_expert_cdc_5000_seed42_resume2000_20260322_142505.log,1,train,train,,loss,2300,5000,2355200,5732.0,3.251404
2,hybrid_expert_cdc,Dense+Expert Hybrid,hybrid_expert_cdc_5000_resume2000,/data/yzhu/megatron-lm-moe-exp/logs/moe1b_hybrid_expert_cdc_5000_seed42_resume2000_20260322_142505.log,1,train,train,,loss,2310,5000,2365440,5775.6,3.219358
2,hybrid_expert_cdc,Dense+Expert Hybrid,hybrid_expert_cdc_5000_resume2000,/data/yzhu/megatron-lm-moe-exp/logs/moe1b_hybrid_expert_cdc_5000_seed42_resume2000_20260322_142505.log,1,train,train,,loss,2320,5000,2375680,5743.5,3.240582
2,hybrid_expert_cdc,Dense+Expert Hybrid,hybrid_expert_cdc_5000_resume2000,/data/yzhu/megatron-lm-moe-exp/logs/moe1b_hybrid_expert_cdc_5000_seed42_resume2000_20260322_142505.log,1,train,train,,loss,2330,5000,2385920,5762.1,3.255223
2,hybrid_expert_cdc,Dense+Expert Hybrid,hybrid_expert_cdc_5000_resume2000,/data/yzhu/megatron-lm-moe-exp/logs/moe1b_hybrid_expert_cdc_5000_seed42_resume2000_20260322_142505.log,1,train,train,,loss,2340,5000,2396160,5720.6,3.235882
2,hybrid_expert_cdc,Dense+Expert Hybrid,hybrid_expert_cdc_5000_resume2000,/data/yzhu/megatron-lm-moe-exp/logs/moe1b_hybrid_expert_cdc_5000_seed42_resume2000_20260322_142505.log,1,train,train,,loss,2350,5000,2406400,5781.5,3.237751
2,hybrid_expert_cdc,Dense+Expert Hybrid,hybrid_expert_cdc_5000_resume2000,/data/yzhu/megatron-lm-moe-exp/logs/moe1b_hybrid_expert_cdc_5000_seed42_resume2000_20260322_142505.log,1,train,train,,loss,2360,5000,2416640,5723.3,3.232455
2,hybrid_expert_cdc,Dense+Expert Hybrid,hybrid_expert_cdc_5000_resume2000,/data/yzhu/megatron-lm-moe-exp/logs/moe1b_hybrid_expert_cdc_5000_seed42_resume2000_20260322_142505.log,1,train,train,,loss,2370,5000,2426880,5762.4,3.243565
2,hybrid_expert_cdc,Dense+Expert Hybrid,hybrid_expert_cdc_5000_resume2000,/data/yzhu/megatron-lm-moe-exp/logs/moe1b_hybrid_expert_cdc_5000_seed42_resume2000_20260322_142505.log,1,train,train,,loss,2380,5000,2437120,5727.8,3.227011
2,hybrid_expert_cdc,Dense+Expert Hybrid,hybrid_expert_cdc_5000_resume2000,/data/yzhu/megatron-lm-moe-exp/logs/moe1b_hybrid_expert_cdc_5000_seed42_resume2000_20260322_142505.log,1,train,train,,loss,2390,5000,2447360,5720.0,3.229256
2,hybrid_expert_cdc,Dense+Expert Hybrid,hybrid_expert_cdc_5000_resume2000,/data/yzhu/megatron-lm-moe-exp/logs/moe1b_hybrid_expert_cdc_5000_seed42_resume2000_20260322_142505.log,1,train,train,,loss,2400,5000,2457600,5724.2,3.234657
2,hybrid_expert_cdc,Dense+Expert Hybrid,hybrid_expert_cdc_5000_resume2000,/data/yzhu/megatron-lm-moe-exp/logs/moe1b_hybrid_expert_cdc_5000_seed42_resume2000_20260322_142505.log,1,train,train,,loss,2410,5000,2467840,5779.6,3.243703
2,hybrid_expert_cdc,Dense+Expert Hybrid,hybrid_expert_cdc_5000_resume2000,/data/yzhu/megatron-lm-moe-exp/logs/moe1b_hybrid_expert_cdc_5000_seed42_resume2000_20260322_142505.log,1,train,train,,loss,2420,5000,2478080,5765.5,3.218088
2,hybrid_expert_cdc,Dense+Expert Hybrid,hybrid_expert_cdc_5000_resume2000,/data/yzhu/megatron-lm-moe-exp/logs/moe1b_hybrid_expert_cdc_5000_seed42_resume2000_20260322_142505.log,1,train,train,,loss,2430,5000,2488320,5752.4,3.221689
2,hybrid_expert_cdc,Dense+Expert Hybrid,hybrid_expert_cdc_5000_resume2000,/data/yzhu/megatron-lm-moe-exp/logs/moe1b_hybrid_expert_cdc_5000_seed42_resume2000_20260322_142505.log,1,train,train,,loss,2440,5000,2498560,5741.8,3.239041
2,hybrid_expert_cdc,Dense+Expert Hybrid,hybrid_expert_cdc_5000_resume2000,/data/yzhu/megatron-lm-moe-exp/logs/moe1b_hybrid_expert_cdc_5000_seed42_resume2000_20260322_142505.log,1,train,train,,loss,2450,5000,2508800,5764.7,3.212958
2,hybrid_expert_cdc,Dense+Expert Hybrid,hybrid_expert_cdc_5000_resume2000,/data/yzhu/megatron-lm-moe-exp/logs/moe1b_hybrid_expert_cdc_5000_seed42_resume2000_20260322_142505.log,1,train,train,,loss,2460,5000,2519040,5741.0,3.218946
2,hybrid_expert_cdc,Dense+Expert Hybrid,hybrid_expert_cdc_5000_resume2000,/data/yzhu/megatron-lm-moe-exp/logs/moe1b_hybrid_expert_cdc_5000_seed42_resume2000_20260322_142505.log,1,train,train,,loss,2470,5000,2529280,5768.4,3.229412
2,hybrid_expert_cdc,Dense+Expert Hybrid,hybrid_expert_cdc_5000_resume2000,/data/yzhu/megatron-lm-moe-exp/logs/moe1b_hybrid_expert_cdc_5000_seed42_resume2000_20260322_142505.log,1,train,train,,loss,2480,5000,2539520,5740.1,3.221914
2,hybrid_expert_cdc,Dense+Expert Hybrid,hybrid_expert_cdc_5000_resume2000,/data/yzhu/megatron-lm-moe-exp/logs/moe1b_hybrid_expert_cdc_5000_seed42_resume2000_20260322_142505.log,1,train,train,,loss,2490,5000,2549760,5725.5,3.211381
2,hybrid_expert_cdc,Dense+Expert Hybrid,hybrid_expert_cdc_5000_resume2000,/data/yzhu/megatron-lm-moe-exp/logs/moe1b_hybrid_expert_cdc_5000_seed42_resume2000_20260322_142505.log,1,train,train,,loss,2500,5000,2560000,5719.1,3.215454
2,hybrid_expert_cdc,Dense+Expert Hybrid,hybrid_expert_cdc_5000_resume2000,/data/yzhu/megatron-lm-moe-exp/logs/moe1b_hybrid_expert_cdc_5000_seed42_resume2000_20260322_142505.log,1,train,train,,loss,2510,5000,2570240,5792.8,3.201256
2,hybrid_expert_cdc,Dense+Expert Hybrid,hybrid_expert_cdc_5000_resume2000,/data/yzhu/megatron-lm-moe-exp/logs/moe1b_hybrid_expert_cdc_5000_seed42_resume2000_20260322_142505.log,1,train,train,,loss,2520,5000,2580480,5753.5,3.215384
2,hybrid_expert_cdc,Dense+Expert Hybrid,hybrid_expert_cdc_5000_resume2000,/data/yzhu/megatron-lm-moe-exp/logs/moe1b_hybrid_expert_cdc_5000_seed42_resume2000_20260322_142505.log,1,train,train,,loss,2530,5000,2590720,5753.5,3.2102
2,hybrid_expert_cdc,Dense+Expert Hybrid,hybrid_expert_cdc_5000_resume2000,/data/yzhu/megatron-lm-moe-exp/logs/moe1b_hybrid_expert_cdc_5000_seed42_resume2000_20260322_142505.log,1,train,train,,loss,2540,5000,2600960,5721.7,3.207677
2,hybrid_expert_cdc,Dense+Expert Hybrid,hybrid_expert_cdc_5000_resume2000,/data/yzhu/megatron-lm-moe-exp/logs/moe1b_hybrid_expert_cdc_5000_seed42_resume2000_20260322_142505.log,1,train,train,,loss,2550,5000,2611200,5761.7,3.213716
2,hybrid_expert_cdc,Dense+Expert Hybrid,hybrid_expert_cdc_5000_resume2000,/data/yzhu/megatron-lm-moe-exp/logs/moe1b_hybrid_expert_cdc_5000_seed42_resume2000_20260322_142505.log,1,train,train,,loss,2560,5000,2621440,5727.7,3.213054
2,hybrid_expert_cdc,Dense+Expert Hybrid,hybrid_expert_cdc_5000_resume2000,/data/yzhu/megatron-lm-moe-exp/logs/moe1b_hybrid_expert_cdc_5000_seed42_resume2000_20260322_142505.log,1,train,train,,loss,2570,5000,2631680,5757.3,3.212329
2,hybrid_expert_cdc,Dense+Expert Hybrid,hybrid_expert_cdc_5000_resume2000,/data/yzhu/megatron-lm-moe-exp/logs/moe1b_hybrid_expert_cdc_5000_seed42_resume2000_20260322_142505.log,1,train,train,,loss,2580,5000,2641920,5722.8,3.218356
2,hybrid_expert_cdc,Dense+Expert Hybrid,hybrid_expert_cdc_5000_resume2000,/data/yzhu/megatron-lm-moe-exp/logs/moe1b_hybrid_expert_cdc_5000_seed42_resume2000_20260322_142505.log,1,train,train,,loss,2590,5000,2652160,5699.1,3.2027
2,hybrid_expert_cdc,Dense+Expert Hybrid,hybrid_expert_cdc_5000_resume2000,/data/yzhu/megatron-lm-moe-exp/logs/moe1b_hybrid_expert_cdc_5000_seed42_resume2000_20260322_142505.log,1,train,train,,loss,2600,5000,2662400,5724.3,3.194189
2,hybrid_expert_cdc,Dense+Expert Hybrid,hybrid_expert_cdc_5000_resume2000,/data/yzhu/megatron-lm-moe-exp/logs/moe1b_hybrid_expert_cdc_5000_seed42_resume2000_20260322_142505.log,1,train,train,,loss,2610,5000,2672640,5794.0,3.194446
2,hybrid_expert_cdc,Dense+Expert Hybrid,hybrid_expert_cdc_5000_resume2000,/data/yzhu/megatron-lm-moe-exp/logs/moe1b_hybrid_expert_cdc_5000_seed42_resume2000_20260322_142505.log,1,train,train,,loss,2620,5000,2682880,5776.1,3.207194
2,hybrid_expert_cdc,Dense+Expert Hybrid,hybrid_expert_cdc_5000_resume2000,/data/yzhu/megatron-lm-moe-exp/logs/moe1b_hybrid_expert_cdc_5000_seed42_resume2000_20260322_142505.log,1,train,train,,loss,2630,5000,2693120,5767.8,3.206023
2,hybrid_expert_cdc,Dense+Expert Hybrid,hybrid_expert_cdc_5000_resume2000,/data/yzhu/megatron-lm-moe-exp/logs/moe1b_hybrid_expert_cdc_5000_seed42_resume2000_20260322_142505.log,1,train,train,,loss,2640,5000,2703360,5733.8,3.202671
2,hybrid_expert_cdc,Dense+Expert Hybrid,hybrid_expert_cdc_5000_resume2000,/data/yzhu/megatron-lm-moe-exp/logs/moe1b_hybrid_expert_cdc_5000_seed42_resume2000_20260322_142505.log,1,train,train,,loss,2650,5000,2713600,5764.3,3.183564
2,hybrid_expert_cdc,Dense+Expert Hybrid,hybrid_expert_cdc_5000_resume2000,/data/yzhu/megatron-lm-moe-exp/logs/moe1b_hybrid_expert_cdc_5000_seed42_resume2000_20260322_142505.log,1,train,train,,loss,2660,5000,2723840,5740.0,3.192802
2,hybrid_expert_cdc,Dense+Expert Hybrid,hybrid_expert_cdc_5000_resume2000,/data/yzhu/megatron-lm-moe-exp/logs/moe1b_hybrid_expert_cdc_5000_seed42_resume2000_20260322_142505.log,1,train,train,,loss,2670,5000,2734080,5756.9,3.205234
2,hybrid_expert_cdc,Dense+Expert Hybrid,hybrid_expert_cdc_5000_resume2000,/data/yzhu/megatron-lm-moe-exp/logs/moe1b_hybrid_expert_cdc_5000_seed42_resume2000_20260322_142505.log,1,train,train,,loss,2680,5000,2744320,5735.6,3.191148
2,hybrid_expert_cdc,Dense+Expert Hybrid,hybrid_expert_cdc_5000_resume2000,/data/yzhu/megatron-lm-moe-exp/logs/moe1b_hybrid_expert_cdc_5000_seed42_resume2000_20260322_142505.log,1,train,train,,loss,2690,5000,2754560,5726.7,3.191354
2,hybrid_expert_cdc,Dense+Expert Hybrid,hybrid_expert_cdc_5000_resume2000,/data/yzhu/megatron-lm-moe-exp/logs/moe1b_hybrid_expert_cdc_5000_seed42_resume2000_20260322_142505.log,1,train,train,,loss,2700,5000,2764800,5724.0,3.197068
2,hybrid_expert_cdc,Dense+Expert Hybrid,hybrid_expert_cdc_5000_resume2000,/data/yzhu/megatron-lm-moe-exp/logs/moe1b_hybrid_expert_cdc_5000_seed42_resume2000_20260322_142505.log,1,train,train,,loss,2710,5000,2775040,5798.3,3.180243
2,hybrid_expert_cdc,Dense+Expert Hybrid,hybrid_expert_cdc_5000_resume2000,/data/yzhu/megatron-lm-moe-exp/logs/moe1b_hybrid_expert_cdc_5000_seed42_resume2000_20260322_142505.log,1,train,train,,loss,2720,5000,2785280,5746.8,3.17884
2,hybrid_expert_cdc,Dense+Expert Hybrid,hybrid_expert_cdc_5000_resume2000,/data/yzhu/megatron-lm-moe-exp/logs/moe1b_hybrid_expert_cdc_5000_seed42_resume2000_20260322_142505.log,1,train,train,,loss,2730,5000,2795520,5768.9,3.202047
2,hybrid_expert_cdc,Dense+Expert Hybrid,hybrid_expert_cdc_5000_resume2000,/data/yzhu/megatron-lm-moe-exp/logs/moe1b_hybrid_expert_cdc_5000_seed42_resume2000_20260322_142505.log,1,train,train,,loss,2740,5000,2805760,5727.0,3.208662
2,hybrid_expert_cdc,Dense+Expert Hybrid,hybrid_expert_cdc_5000_resume2000,/data/yzhu/megatron-lm-moe-exp/logs/moe1b_hybrid_expert_cdc_5000_seed42_resume2000_20260322_142505.log,1,train,train,,loss,2750,5000,2816000,5769.9,3.191492
2,hybrid_expert_cdc,Dense+Expert Hybrid,hybrid_expert_cdc_5000_resume2000,/data/yzhu/megatron-lm-moe-exp/logs/moe1b_hybrid_expert_cdc_5000_seed42_resume2000_20260322_142505.log,1,train,train,,loss,2760,5000,2826240,5730.0,3.182625
2,hybrid_expert_cdc,Dense+Expert Hybrid,hybrid_expert_cdc_5000_resume2000,/data/yzhu/megatron-lm-moe-exp/logs/moe1b_hybrid_expert_cdc_5000_seed42_resume2000_20260322_142505.log,1,train,train,,loss,2770,5000,2836480,5755.1,3.180446
2,hybrid_expert_cdc,Dense+Expert Hybrid,hybrid_expert_cdc_5000_resume2000,/data/yzhu/megatron-lm-moe-exp/logs/moe1b_hybrid_expert_cdc_5000_seed42_resume2000_20260322_142505.log,1,train,train,,loss,2780,5000,2846720,5744.2,3.180065
2,hybrid_expert_cdc,Dense+Expert Hybrid,hybrid_expert_cdc_5000_resume2000,/data/yzhu/megatron-lm-moe-exp/logs/moe1b_hybrid_expert_cdc_5000_seed42_resume2000_20260322_142505.log,1,train,train,,loss,2790,5000,2856960,5709.6,3.183044
2,hybrid_expert_cdc,Dense+Expert Hybrid,hybrid_expert_cdc_5000_resume2000,/data/yzhu/megatron-lm-moe-exp/logs/moe1b_hybrid_expert_cdc_5000_seed42_resume2000_20260322_142505.log,1,train,train,,loss,2800,5000,2867200,5717.9,3.171125
2,hybrid_expert_cdc,Dense+Expert Hybrid,hybrid_expert_cdc_5000_resume2000,/data/yzhu/megatron-lm-moe-exp/logs/moe1b_hybrid_expert_cdc_5000_seed42_resume2000_20260322_142505.log,1,train,train,,loss,2810,5000,2877440,5798.3,3.184751
2,hybrid_expert_cdc,Dense+Expert Hybrid,hybrid_expert_cdc_5000_resume2000,/data/yzhu/megatron-lm-moe-exp/logs/moe1b_hybrid_expert_cdc_5000_seed42_resume2000_20260322_142505.log,1,train,train,,loss,2820,5000,2887680,5750.5,3.173422
2,hybrid_expert_cdc,Dense+Expert Hybrid,hybrid_expert_cdc_5000_resume2000,/data/yzhu/megatron-lm-moe-exp/logs/moe1b_hybrid_expert_cdc_5000_seed42_resume2000_20260322_142505.log,1,train,train,,loss,2830,5000,2897920,5754.0,3.184011
2,hybrid_expert_cdc,Dense+Expert Hybrid,hybrid_expert_cdc_5000_resume2000,/data/yzhu/megatron-lm-moe-exp/logs/moe1b_hybrid_expert_cdc_5000_seed42_resume2000_20260322_142505.log,1,train,train,,loss,2840,5000,2908160,5735.1,3.186832
2,hybrid_expert_cdc,Dense+Expert Hybrid,hybrid_expert_cdc_5000_resume2000,/data/yzhu/megatron-lm-moe-exp/logs/moe1b_hybrid_expert_cdc_5000_seed42_resume2000_20260322_142505.log,1,train,train,,loss,2850,5000,2918400,5748.6,3.164005
2,hybrid_expert_cdc,Dense+Expert Hybrid,hybrid_expert_cdc_5000_resume2000,/data/yzhu/megatron-lm-moe-exp/logs/moe1b_hybrid_expert_cdc_5000_seed42_resume2000_20260322_142505.log,1,train,train,,loss,2860,5000,2928640,5714.6,3.176015
2,hybrid_expert_cdc,Dense+Expert Hybrid,hybrid_expert_cdc_5000_resume2000,/data/yzhu/megatron-lm-moe-exp/logs/moe1b_hybrid_expert_cdc_5000_seed42_resume2000_20260322_142505.log,1,train,train,,loss,2870,5000,2938880,5757.2,3.164559
2,hybrid_expert_cdc,Dense+Expert Hybrid,hybrid_expert_cdc_5000_resume2000,/data/yzhu/megatron-lm-moe-exp/logs/moe1b_hybrid_expert_cdc_5000_seed42_resume2000_20260322_142505.log,1,train,train,,loss,2880,5000,2949120,5716.6,3.171997
2,hybrid_expert_cdc,Dense+Expert Hybrid,hybrid_expert_cdc_5000_resume2000,/data/yzhu/megatron-lm-moe-exp/logs/moe1b_hybrid_expert_cdc_5000_seed42_resume2000_20260322_142505.log,1,train,train,,loss,2890,5000,2959360,5720.9,3.165171
2,hybrid_expert_cdc,Dense+Expert Hybrid,hybrid_expert_cdc_5000_resume2000,/data/yzhu/megatron-lm-moe-exp/logs/moe1b_hybrid_expert_cdc_5000_seed42_resume2000_20260322_142505.log,1,train,train,,loss,2900,5000,2969600,5719.5,3.163288
2,hybrid_expert_cdc,Dense+Expert Hybrid,hybrid_expert_cdc_5000_resume2000,/data/yzhu/megatron-lm-moe-exp/logs/moe1b_hybrid_expert_cdc_5000_seed42_resume2000_20260322_142505.log,1,train,train,,loss,2910,5000,2979840,5794.7,3.1567
2,hybrid_expert_cdc,Dense+Expert Hybrid,hybrid_expert_cdc_5000_resume2000,/data/yzhu/megatron-lm-moe-exp/logs/moe1b_hybrid_expert_cdc_5000_seed42_resume2000_20260322_142505.log,1,train,train,,loss,2920,5000,2990080,5764.7,3.179726
2,hybrid_expert_cdc,Dense+Expert Hybrid,hybrid_expert_cdc_5000_resume2000,/data/yzhu/megatron-lm-moe-exp/logs/moe1b_hybrid_expert_cdc_5000_seed42_resume2000_20260322_142505.log,1,train,train,,loss,2930,5000,3000320,5757.4,3.151437
2,hybrid_expert_cdc,Dense+Expert Hybrid,hybrid_expert_cdc_5000_resume2000,/data/yzhu/megatron-lm-moe-exp/logs/moe1b_hybrid_expert_cdc_5000_seed42_resume2000_20260322_142505.log,1,train,train,,loss,2940,5000,3010560,5745.2,3.145247
2,hybrid_expert_cdc,Dense+Expert Hybrid,hybrid_expert_cdc_5000_resume2000,/data/yzhu/megatron-lm-moe-exp/logs/moe1b_hybrid_expert_cdc_5000_seed42_resume2000_20260322_142505.log,1,train,train,,loss,2950,5000,3020800,5758.7,3.16767
2,hybrid_expert_cdc,Dense+Expert Hybrid,hybrid_expert_cdc_5000_resume2000,/data/yzhu/megatron-lm-moe-exp/logs/moe1b_hybrid_expert_cdc_5000_seed42_resume2000_20260322_142505.log,1,train,train,,loss,2960,5000,3031040,5743.4,3.153055
2,hybrid_expert_cdc,Dense+Expert Hybrid,hybrid_expert_cdc_5000_resume2000,/data/yzhu/megatron-lm-moe-exp/logs/moe1b_hybrid_expert_cdc_5000_seed42_resume2000_20260322_142505.log,1,train,train,,loss,2970,5000,3041280,5765.1,3.150815
2,hybrid_expert_cdc,Dense+Expert Hybrid,hybrid_expert_cdc_5000_resume2000,/data/yzhu/megatron-lm-moe-exp/logs/moe1b_hybrid_expert_cdc_5000_seed42_resume2000_20260322_142505.log,1,train,train,,loss,2980,5000,3051520,5729.4,3.143644
2,hybrid_expert_cdc,Dense+Expert Hybrid,hybrid_expert_cdc_5000_resume2000,/data/yzhu/megatron-lm-moe-exp/logs/moe1b_hybrid_expert_cdc_5000_seed42_resume2000_20260322_142505.log,1,train,train,,loss,2990,5000,3061760,5725.6,3.169703
2,hybrid_expert_cdc,Dense+Expert Hybrid,hybrid_expert_cdc_5000_resume2000,/data/yzhu/megatron-lm-moe-exp/logs/moe1b_hybrid_expert_cdc_5000_seed42_resume2000_20260322_142505.log,1,train,train,,loss,3000,5000,3072000,5719.2,3.157724
2,hybrid_expert_cdc,Dense+Expert Hybrid,hybrid_expert_cdc_5000_resume2000,/data/yzhu/megatron-lm-moe-exp/logs/moe1b_hybrid_expert_cdc_5000_seed42_resume2000_20260322_142505.log,1,train,train,,loss,3010,5000,3082240,10024.3,3.163044
2,hybrid_expert_cdc,Dense+Expert Hybrid,hybrid_expert_cdc_5000_resume2000,/data/yzhu/megatron-lm-moe-exp/logs/moe1b_hybrid_expert_cdc_5000_seed42_resume2000_20260322_142505.log,1,train,train,,loss,3020,5000,3092480,13398.8,3.156208
2,hybrid_expert_cdc,Dense+Expert Hybrid,hybrid_expert_cdc_5000_resume2000,/data/yzhu/megatron-lm-moe-exp/logs/moe1b_hybrid_expert_cdc_5000_seed42_resume2000_20260322_142505.log,1,train,train,,loss,3030,5000,3102720,12494.2,3.152735
2,hybrid_expert_cdc,Dense+Expert Hybrid,hybrid_expert_cdc_5000_resume2000,/data/yzhu/megatron-lm-moe-exp/logs/moe1b_hybrid_expert_cdc_5000_seed42_resume2000_20260322_142505.log,1,train,train,,loss,3040,5000,3112960,8771.5,3.159513
2,hybrid_expert_cdc,Dense+Expert Hybrid,hybrid_expert_cdc_5000_resume2000,/data/yzhu/megatron-lm-moe-exp/logs/moe1b_hybrid_expert_cdc_5000_seed42_resume2000_20260322_142505.log,1,train,train,,loss,3050,5000,3123200,5731.4,3.153299
2,hybrid_expert_cdc,Dense+Expert Hybrid,hybrid_expert_cdc_5000_resume2000,/data/yzhu/megatron-lm-moe-exp/logs/moe1b_hybrid_expert_cdc_5000_seed42_resume2000_20260322_142505.log,1,train,train,,loss,3060,5000,3133440,5737.8,3.147116
2,hybrid_expert_cdc,Dense+Expert Hybrid,hybrid_expert_cdc_5000_resume2000,/data/yzhu/megatron-lm-moe-exp/logs/moe1b_hybrid_expert_cdc_5000_seed42_resume2000_20260322_142505.log,1,train,train,,loss,3070,5000,3143680,5747.6,3.144148
2,hybrid_expert_cdc,Dense+Expert Hybrid,hybrid_expert_cdc_5000_resume2000,/data/yzhu/megatron-lm-moe-exp/logs/moe1b_hybrid_expert_cdc_5000_seed42_resume2000_20260322_142505.log,1,train,train,,loss,3080,5000,3153920,5745.0,3.166135
2,hybrid_expert_cdc,Dense+Expert Hybrid,hybrid_expert_cdc_5000_resume2000,/data/yzhu/megatron-lm-moe-exp/logs/moe1b_hybrid_expert_cdc_5000_seed42_resume2000_20260322_142505.log,1,train,train,,loss,3090,5000,3164160,5713.3,3.165383
2,hybrid_expert_cdc,Dense+Expert Hybrid,hybrid_expert_cdc_5000_resume2000,/data/yzhu/megatron-lm-moe-exp/logs/moe1b_hybrid_expert_cdc_5000_seed42_resume2000_20260322_142505.log,1,train,train,,loss,3100,5000,3174400,5734.2,3.150514
2,hybrid_expert_cdc,Dense+Expert Hybrid,hybrid_expert_cdc_5000_resume2000,/data/yzhu/megatron-lm-moe-exp/logs/moe1b_hybrid_expert_cdc_5000_seed42_resume2000_20260322_142505.log,1,train,train,,loss,3110,5000,3184640,5774.2,3.142362
2,hybrid_expert_cdc,Dense+Expert Hybrid,hybrid_expert_cdc_5000_resume2000,/data/yzhu/megatron-lm-moe-exp/logs/moe1b_hybrid_expert_cdc_5000_seed42_resume2000_20260322_142505.log,1,train,train,,loss,3120,5000,3194880,5754.5,3.164853
2,hybrid_expert_cdc,Dense+Expert Hybrid,hybrid_expert_cdc_5000_resume2000,/data/yzhu/megatron-lm-moe-exp/logs/moe1b_hybrid_expert_cdc_5000_seed42_resume2000_20260322_142505.log,1,train,train,,loss,3130,5000,3205120,5754.7,3.143788
2,hybrid_expert_cdc,Dense+Expert Hybrid,hybrid_expert_cdc_5000_resume2000,/data/yzhu/megatron-lm-moe-exp/logs/moe1b_hybrid_expert_cdc_5000_seed42_resume2000_20260322_142505.log,1,train,train,,loss,3140,5000,3215360,5730.6,3.15008
2,hybrid_expert_cdc,Dense+Expert Hybrid,hybrid_expert_cdc_5000_resume2000,/data/yzhu/megatron-lm-moe-exp/logs/moe1b_hybrid_expert_cdc_5000_seed42_resume2000_20260322_142505.log,1,train,train,,loss,3150,5000,3225600,5760.6,3.143639
2,hybrid_expert_cdc,Dense+Expert Hybrid,hybrid_expert_cdc_5000_resume2000,/data/yzhu/megatron-lm-moe-exp/logs/moe1b_hybrid_expert_cdc_5000_seed42_resume2000_20260322_142505.log,1,train,train,,loss,3160,5000,3235840,5721.2,3.134652
2,hybrid_expert_cdc,Dense+Expert Hybrid,hybrid_expert_cdc_5000_resume2000,/data/yzhu/megatron-lm-moe-exp/logs/moe1b_hybrid_expert_cdc_5000_seed42_resume2000_20260322_142505.log,1,train,train,,loss,3170,5000,3246080,5754.4,3.119288
2,hybrid_expert_cdc,Dense+Expert Hybrid,hybrid_expert_cdc_5000_resume2000,/data/yzhu/megatron-lm-moe-exp/logs/moe1b_hybrid_expert_cdc_5000_seed42_resume2000_20260322_142505.log,1,train,train,,loss,3180,5000,3256320,5718.2,3.136177
2,hybrid_expert_cdc,Dense+Expert Hybrid,hybrid_expert_cdc_5000_resume2000,/data/yzhu/megatron-lm-moe-exp/logs/moe1b_hybrid_expert_cdc_5000_seed42_resume2000_20260322_142505.log,1,train,train,,loss,3190,5000,3266560,5727.1,3.13738
2,hybrid_expert_cdc,Dense+Expert Hybrid,hybrid_expert_cdc_5000_resume2000,/data/yzhu/megatron-lm-moe-exp/logs/moe1b_hybrid_expert_cdc_5000_seed42_resume2000_20260322_142505.log,1,train,train,,loss,3200,5000,3276800,5712.2,3.124849
2,hybrid_expert_cdc,Dense+Expert Hybrid,hybrid_expert_cdc_5000_resume2000,/data/yzhu/megatron-lm-moe-exp/logs/moe1b_hybrid_expert_cdc_5000_seed42_resume2000_20260322_142505.log,1,train,train,,loss,3210,5000,3287040,5776.3,3.151657
2,hybrid_expert_cdc,Dense+Expert Hybrid,hybrid_expert_cdc_5000_resume2000,/data/yzhu/megatron-lm-moe-exp/logs/moe1b_hybrid_expert_cdc_5000_seed42_resume2000_20260322_142505.log,1,train,train,,loss,3220,5000,3297280,5734.9,3.140008
2,hybrid_expert_cdc,Dense+Expert Hybrid,hybrid_expert_cdc_5000_resume2000,/data/yzhu/megatron-lm-moe-exp/logs/moe1b_hybrid_expert_cdc_5000_seed42_resume2000_20260322_142505.log,1,train,train,,loss,3230,5000,3307520,5745.6,3.126492
2,hybrid_expert_cdc,Dense+Expert Hybrid,hybrid_expert_cdc_5000_resume2000,/data/yzhu/megatron-lm-moe-exp/logs/moe1b_hybrid_expert_cdc_5000_seed42_resume2000_20260322_142505.log,1,train,train,,loss,3240,5000,3317760,5732.2,3.121602
2,hybrid_expert_cdc,Dense+Expert Hybrid,hybrid_expert_cdc_5000_resume2000,/data/yzhu/megatron-lm-moe-exp/logs/moe1b_hybrid_expert_cdc_5000_seed42_resume2000_20260322_142505.log,1,train,train,,loss,3250,5000,3328000,5737.7,3.134571
2,hybrid_expert_cdc,Dense+Expert Hybrid,hybrid_expert_cdc_5000_resume2000,/data/yzhu/megatron-lm-moe-exp/logs/moe1b_hybrid_expert_cdc_5000_seed42_resume2000_20260322_142505.log,1,train,train,,loss,3260,5000,3338240,5735.4,3.132599
2,hybrid_expert_cdc,Dense+Expert Hybrid,hybrid_expert_cdc_5000_resume2000,/data/yzhu/megatron-lm-moe-exp/logs/moe1b_hybrid_expert_cdc_5000_seed42_resume2000_20260322_142505.log,1,train,train,,loss,3270,5000,3348480,5746.6,3.148188
2,hybrid_expert_cdc,Dense+Expert Hybrid,hybrid_expert_cdc_5000_resume2000,/data/yzhu/megatron-lm-moe-exp/logs/moe1b_hybrid_expert_cdc_5000_seed42_resume2000_20260322_142505.log,1,train,train,,loss,3280,5000,3358720,5716.6,3.155208
2,hybrid_expert_cdc,Dense+Expert Hybrid,hybrid_expert_cdc_5000_resume2000,/data/yzhu/megatron-lm-moe-exp/logs/moe1b_hybrid_expert_cdc_5000_seed42_resume2000_20260322_142505.log,1,train,train,,loss,3290,5000,3368960,5715.0,3.147306
2,hybrid_expert_cdc,Dense+Expert Hybrid,hybrid_expert_cdc_5000_resume2000,/data/yzhu/megatron-lm-moe-exp/logs/moe1b_hybrid_expert_cdc_5000_seed42_resume2000_20260322_142505.log,1,train,train,,loss,3300,5000,3379200,5708.6,3.140046
2,hybrid_expert_cdc,Dense+Expert Hybrid,hybrid_expert_cdc_5000_resume2000,/data/yzhu/megatron-lm-moe-exp/logs/moe1b_hybrid_expert_cdc_5000_seed42_resume2000_20260322_142505.log,1,train,train,,loss,3310,5000,3389440,5775.0,3.120244
2,hybrid_expert_cdc,Dense+Expert Hybrid,hybrid_expert_cdc_5000_resume2000,/data/yzhu/megatron-lm-moe-exp/logs/moe1b_hybrid_expert_cdc_5000_seed42_resume2000_20260322_142505.log,1,train,train,,loss,3320,5000,3399680,5734.6,3.138022
2,hybrid_expert_cdc,Dense+Expert Hybrid,hybrid_expert_cdc_5000_resume2000,/data/yzhu/megatron-lm-moe-exp/logs/moe1b_hybrid_expert_cdc_5000_seed42_resume2000_20260322_142505.log,1,train,train,,loss,3330,5000,3409920,5755.1,3.128377
2,hybrid_expert_cdc,Dense+Expert Hybrid,hybrid_expert_cdc_5000_resume2000,/data/yzhu/megatron-lm-moe-exp/logs/moe1b_hybrid_expert_cdc_5000_seed42_resume2000_20260322_142505.log,1,train,train,,loss,3340,5000,3420160,5717.4,3.135613
2,hybrid_expert_cdc,Dense+Expert Hybrid,hybrid_expert_cdc_5000_resume2000,/data/yzhu/megatron-lm-moe-exp/logs/moe1b_hybrid_expert_cdc_5000_seed42_resume2000_20260322_142505.log,1,train,train,,loss,3350,5000,3430400,5738.4,3.114979
2,hybrid_expert_cdc,Dense+Expert Hybrid,hybrid_expert_cdc_5000_resume2000,/data/yzhu/megatron-lm-moe-exp/logs/moe1b_hybrid_expert_cdc_5000_seed42_resume2000_20260322_142505.log,1,train,train,,loss,3360,5000,3440640,5733.3,3.127552
2,hybrid_expert_cdc,Dense+Expert Hybrid,hybrid_expert_cdc_5000_resume2000,/data/yzhu/megatron-lm-moe-exp/logs/moe1b_hybrid_expert_cdc_5000_seed42_resume2000_20260322_142505.log,1,train,train,,loss,3370,5000,3450880,5741.3,3.115916
2,hybrid_expert_cdc,Dense+Expert Hybrid,hybrid_expert_cdc_5000_resume2000,/data/yzhu/megatron-lm-moe-exp/logs/moe1b_hybrid_expert_cdc_5000_seed42_resume2000_20260322_142505.log,1,train,train,,loss,3380,5000,3461120,5739.9,3.137761
2,hybrid_expert_cdc,Dense+Expert Hybrid,hybrid_expert_cdc_5000_resume2000,/data/yzhu/megatron-lm-moe-exp/logs/moe1b_hybrid_expert_cdc_5000_seed42_resume2000_20260322_142505.log,1,train,train,,loss,3390,5000,3471360,5715.8,3.127026
2,hybrid_expert_cdc,Dense+Expert Hybrid,hybrid_expert_cdc_5000_resume2000,/data/yzhu/megatron-lm-moe-exp/logs/moe1b_hybrid_expert_cdc_5000_seed42_resume2000_20260322_142505.log,1,train,train,,loss,3400,5000,3481600,5733.6,3.118694
2,hybrid_expert_cdc,Dense+Expert Hybrid,hybrid_expert_cdc_5000_resume2000,/data/yzhu/megatron-lm-moe-exp/logs/moe1b_hybrid_expert_cdc_5000_seed42_resume2000_20260322_142505.log,1,train,train,,loss,3410,5000,3491840,5769.2,3.115668
2,hybrid_expert_cdc,Dense+Expert Hybrid,hybrid_expert_cdc_5000_resume2000,/data/yzhu/megatron-lm-moe-exp/logs/moe1b_hybrid_expert_cdc_5000_seed42_resume2000_20260322_142505.log,1,train,train,,loss,3420,5000,3502080,5755.0,3.106389
2,hybrid_expert_cdc,Dense+Expert Hybrid,hybrid_expert_cdc_5000_resume2000,/data/yzhu/megatron-lm-moe-exp/logs/moe1b_hybrid_expert_cdc_5000_seed42_resume2000_20260322_142505.log,1,train,train,,loss,3430,5000,3512320,5736.7,3.101418
2,hybrid_expert_cdc,Dense+Expert Hybrid,hybrid_expert_cdc_5000_resume2000,/data/yzhu/megatron-lm-moe-exp/logs/moe1b_hybrid_expert_cdc_5000_seed42_resume2000_20260322_142505.log,1,train,train,,loss,3440,5000,3522560,5718.5,3.11193
2,hybrid_expert_cdc,Dense+Expert Hybrid,hybrid_expert_cdc_5000_resume2000,/data/yzhu/megatron-lm-moe-exp/logs/moe1b_hybrid_expert_cdc_5000_seed42_resume2000_20260322_142505.log,1,train,train,,loss,3450,5000,3532800,5753.2,3.111686
2,hybrid_expert_cdc,Dense+Expert Hybrid,hybrid_expert_cdc_5000_resume2000,/data/yzhu/megatron-lm-moe-exp/logs/moe1b_hybrid_expert_cdc_5000_seed42_resume2000_20260322_142505.log,1,train,train,,loss,3460,5000,3543040,5718.8,3.12674
2,hybrid_expert_cdc,Dense+Expert Hybrid,hybrid_expert_cdc_5000_resume2000,/data/yzhu/megatron-lm-moe-exp/logs/moe1b_hybrid_expert_cdc_5000_seed42_resume2000_20260322_142505.log,1,train,train,,loss,3470,5000,3553280,5751.0,3.11998
2,hybrid_expert_cdc,Dense+Expert Hybrid,hybrid_expert_cdc_5000_resume2000,/data/yzhu/megatron-lm-moe-exp/logs/moe1b_hybrid_expert_cdc_5000_seed42_resume2000_20260322_142505.log,1,train,train,,loss,3480,5000,3563520,5721.1,3.10979
2,hybrid_expert_cdc,Dense+Expert Hybrid,hybrid_expert_cdc_5000_resume2000,/data/yzhu/megatron-lm-moe-exp/logs/moe1b_hybrid_expert_cdc_5000_seed42_resume2000_20260322_142505.log,1,train,train,,loss,3490,5000,3573760,5723.3,3.111014
2,hybrid_expert_cdc,Dense+Expert Hybrid,hybrid_expert_cdc_5000_resume2000,/data/yzhu/megatron-lm-moe-exp/logs/moe1b_hybrid_expert_cdc_5000_seed42_resume2000_20260322_142505.log,1,train,train,,loss,3500,5000,3584000,5721.7,3.115851
2,hybrid_expert_cdc,Dense+Expert Hybrid,hybrid_expert_cdc_5000_resume2000,/data/yzhu/megatron-lm-moe-exp/logs/moe1b_hybrid_expert_cdc_5000_seed42_resume2000_20260322_142505.log,1,train,train,,loss,3510,5000,3594240,5772.8,3.104623
2,hybrid_expert_cdc,Dense+Expert Hybrid,hybrid_expert_cdc_5000_resume2000,/data/yzhu/megatron-lm-moe-exp/logs/moe1b_hybrid_expert_cdc_5000_seed42_resume2000_20260322_142505.log,1,train,train,,loss,3520,5000,3604480,5758.7,3.102695
2,hybrid_expert_cdc,Dense+Expert Hybrid,hybrid_expert_cdc_5000_resume2000,/data/yzhu/megatron-lm-moe-exp/logs/moe1b_hybrid_expert_cdc_5000_seed42_resume2000_20260322_142505.log,1,train,train,,loss,3530,5000,3614720,5742.7,3.11719
2,hybrid_expert_cdc,Dense+Expert Hybrid,hybrid_expert_cdc_5000_resume2000,/data/yzhu/megatron-lm-moe-exp/logs/moe1b_hybrid_expert_cdc_5000_seed42_resume2000_20260322_142505.log,1,train,train,,loss,3540,5000,3624960,5729.6,3.105471
2,hybrid_expert_cdc,Dense+Expert Hybrid,hybrid_expert_cdc_5000_resume2000,/data/yzhu/megatron-lm-moe-exp/logs/moe1b_hybrid_expert_cdc_5000_seed42_resume2000_20260322_142505.log,1,train,train,,loss,3550,5000,3635200,5766.1,3.087422
2,hybrid_expert_cdc,Dense+Expert Hybrid,hybrid_expert_cdc_5000_resume2000,/data/yzhu/megatron-lm-moe-exp/logs/moe1b_hybrid_expert_cdc_5000_seed42_resume2000_20260322_142505.log,1,train,train,,loss,3560,5000,3645440,5726.3,3.120014
2,hybrid_expert_cdc,Dense+Expert Hybrid,hybrid_expert_cdc_5000_resume2000,/data/yzhu/megatron-lm-moe-exp/logs/moe1b_hybrid_expert_cdc_5000_seed42_resume2000_20260322_142505.log,1,train,train,,loss,3570,5000,3655680,5766.2,3.105228
2,hybrid_expert_cdc,Dense+Expert Hybrid,hybrid_expert_cdc_5000_resume2000,/data/yzhu/megatron-lm-moe-exp/logs/moe1b_hybrid_expert_cdc_5000_seed42_resume2000_20260322_142505.log,1,train,train,,loss,3580,5000,3665920,5724.2,3.111291
2,hybrid_expert_cdc,Dense+Expert Hybrid,hybrid_expert_cdc_5000_resume2000,/data/yzhu/megatron-lm-moe-exp/logs/moe1b_hybrid_expert_cdc_5000_seed42_resume2000_20260322_142505.log,1,train,train,,loss,3590,5000,3676160,5713.3,3.098565
2,hybrid_expert_cdc,Dense+Expert Hybrid,hybrid_expert_cdc_5000_resume2000,/data/yzhu/megatron-lm-moe-exp/logs/moe1b_hybrid_expert_cdc_5000_seed42_resume2000_20260322_142505.log,1,train,train,,loss,3600,5000,3686400,5730.2,3.095846
2,hybrid_expert_cdc,Dense+Expert Hybrid,hybrid_expert_cdc_5000_resume2000,/data/yzhu/megatron-lm-moe-exp/logs/moe1b_hybrid_expert_cdc_5000_seed42_resume2000_20260322_142505.log,1,train,train,,loss,3610,5000,3696640,5774.0,3.09639
2,hybrid_expert_cdc,Dense+Expert Hybrid,hybrid_expert_cdc_5000_resume2000,/data/yzhu/megatron-lm-moe-exp/logs/moe1b_hybrid_expert_cdc_5000_seed42_resume2000_20260322_142505.log,1,train,train,,loss,3620,5000,3706880,5762.8,3.101768
2,hybrid_expert_cdc,Dense+Expert Hybrid,hybrid_expert_cdc_5000_resume2000,/data/yzhu/megatron-lm-moe-exp/logs/moe1b_hybrid_expert_cdc_5000_seed42_resume2000_20260322_142505.log,1,train,train,,loss,3630,5000,3717120,5749.3,3.106185
2,hybrid_expert_cdc,Dense+Expert Hybrid,hybrid_expert_cdc_5000_resume2000,/data/yzhu/megatron-lm-moe-exp/logs/moe1b_hybrid_expert_cdc_5000_seed42_resume2000_20260322_142505.log,1,train,train,,loss,3640,5000,3727360,5747.2,3.083188
2,hybrid_expert_cdc,Dense+Expert Hybrid,hybrid_expert_cdc_5000_resume2000,/data/yzhu/megatron-lm-moe-exp/logs/moe1b_hybrid_expert_cdc_5000_seed42_resume2000_20260322_142505.log,1,train,train,,loss,3650,5000,3737600,5748.7,3.097327
2,hybrid_expert_cdc,Dense+Expert Hybrid,hybrid_expert_cdc_5000_resume2000,/data/yzhu/megatron-lm-moe-exp/logs/moe1b_hybrid_expert_cdc_5000_seed42_resume2000_20260322_142505.log,1,train,train,,loss,3660,5000,3747840,5729.7,3.118935
2,hybrid_expert_cdc,Dense+Expert Hybrid,hybrid_expert_cdc_5000_resume2000,/data/yzhu/megatron-lm-moe-exp/logs/moe1b_hybrid_expert_cdc_5000_seed42_resume2000_20260322_142505.log,1,train,train,,loss,3670,5000,3758080,5758.0,3.100207
2,hybrid_expert_cdc,Dense+Expert Hybrid,hybrid_expert_cdc_5000_resume2000,/data/yzhu/megatron-lm-moe-exp/logs/moe1b_hybrid_expert_cdc_5000_seed42_resume2000_20260322_142505.log,1,train,train,,loss,3680,5000,3768320,5722.1,3.084255
2,hybrid_expert_cdc,Dense+Expert Hybrid,hybrid_expert_cdc_5000_resume2000,/data/yzhu/megatron-lm-moe-exp/logs/moe1b_hybrid_expert_cdc_5000_seed42_resume2000_20260322_142505.log,1,train,train,,loss,3690,5000,3778560,5722.2,3.117633
2,hybrid_expert_cdc,Dense+Expert Hybrid,hybrid_expert_cdc_5000_resume2000,/data/yzhu/megatron-lm-moe-exp/logs/moe1b_hybrid_expert_cdc_5000_seed42_resume2000_20260322_142505.log,1,train,train,,loss,3700,5000,3788800,5715.5,3.102303
2,hybrid_expert_cdc,Dense+Expert Hybrid,hybrid_expert_cdc_5000_resume2000,/data/yzhu/megatron-lm-moe-exp/logs/moe1b_hybrid_expert_cdc_5000_seed42_resume2000_20260322_142505.log,1,train,train,,loss,3710,5000,3799040,5784.2,3.106889
2,hybrid_expert_cdc,Dense+Expert Hybrid,hybrid_expert_cdc_5000_resume2000,/data/yzhu/megatron-lm-moe-exp/logs/moe1b_hybrid_expert_cdc_5000_seed42_resume2000_20260322_142505.log,1,train,train,,loss,3720,5000,3809280,5748.7,3.091017
2,hybrid_expert_cdc,Dense+Expert Hybrid,hybrid_expert_cdc_5000_resume2000,/data/yzhu/megatron-lm-moe-exp/logs/moe1b_hybrid_expert_cdc_5000_seed42_resume2000_20260322_142505.log,1,train,train,,loss,3730,5000,3819520,5741.8,3.095761
2,hybrid_expert_cdc,Dense+Expert Hybrid,hybrid_expert_cdc_5000_resume2000,/data/yzhu/megatron-lm-moe-exp/logs/moe1b_hybrid_expert_cdc_5000_seed42_resume2000_20260322_142505.log,1,train,train,,loss,3740,5000,3829760,5729.7,3.107541
2,hybrid_expert_cdc,Dense+Expert Hybrid,hybrid_expert_cdc_5000_resume2000,/data/yzhu/megatron-lm-moe-exp/logs/moe1b_hybrid_expert_cdc_5000_seed42_resume2000_20260322_142505.log,1,train,train,,loss,3750,5000,3840000,5746.3,3.089684
2,hybrid_expert_cdc,Dense+Expert Hybrid,hybrid_expert_cdc_5000_resume2000,/data/yzhu/megatron-lm-moe-exp/logs/moe1b_hybrid_expert_cdc_5000_seed42_resume2000_20260322_142505.log,1,train,train,,loss,3760,5000,3850240,5739.4,3.093315
2,hybrid_expert_cdc,Dense+Expert Hybrid,hybrid_expert_cdc_5000_resume2000,/data/yzhu/megatron-lm-moe-exp/logs/moe1b_hybrid_expert_cdc_5000_seed42_resume2000_20260322_142505.log,1,train,train,,loss,3770,5000,3860480,5748.3,3.092934
2,hybrid_expert_cdc,Dense+Expert Hybrid,hybrid_expert_cdc_5000_resume2000,/data/yzhu/megatron-lm-moe-exp/logs/moe1b_hybrid_expert_cdc_5000_seed42_resume2000_20260322_142505.log,1,train,train,,loss,3780,5000,3870720,5721.0,3.08869
2,hybrid_expert_cdc,Dense+Expert Hybrid,hybrid_expert_cdc_5000_resume2000,/data/yzhu/megatron-lm-moe-exp/logs/moe1b_hybrid_expert_cdc_5000_seed42_resume2000_20260322_142505.log,1,train,train,,loss,3790,5000,3880960,5716.5,3.091355
2,hybrid_expert_cdc,Dense+Expert Hybrid,hybrid_expert_cdc_5000_resume2000,/data/yzhu/megatron-lm-moe-exp/logs/moe1b_hybrid_expert_cdc_5000_seed42_resume2000_20260322_142505.log,1,train,train,,loss,3800,5000,3891200,5711.1,3.072496
2,hybrid_expert_cdc,Dense+Expert Hybrid,hybrid_expert_cdc_5000_resume2000,/data/yzhu/megatron-lm-moe-exp/logs/moe1b_hybrid_expert_cdc_5000_seed42_resume2000_20260322_142505.log,1,train,train,,loss,3810,5000,3901440,5792.0,3.095448
2,hybrid_expert_cdc,Dense+Expert Hybrid,hybrid_expert_cdc_5000_resume2000,/data/yzhu/megatron-lm-moe-exp/logs/moe1b_hybrid_expert_cdc_5000_seed42_resume2000_20260322_142505.log,1,train,train,,loss,3820,5000,3911680,5739.3,3.072038
2,hybrid_expert_cdc,Dense+Expert Hybrid,hybrid_expert_cdc_5000_resume2000,/data/yzhu/megatron-lm-moe-exp/logs/moe1b_hybrid_expert_cdc_5000_seed42_resume2000_20260322_142505.log,1,train,train,,loss,3830,5000,3921920,5749.5,3.086553
2,hybrid_expert_cdc,Dense+Expert Hybrid,hybrid_expert_cdc_5000_resume2000,/data/yzhu/megatron-lm-moe-exp/logs/moe1b_hybrid_expert_cdc_5000_seed42_resume2000_20260322_142505.log,1,train,train,,loss,3840,5000,3932160,5735.0,3.090625
2,hybrid_expert_cdc,Dense+Expert Hybrid,hybrid_expert_cdc_5000_resume2000,/data/yzhu/megatron-lm-moe-exp/logs/moe1b_hybrid_expert_cdc_5000_seed42_resume2000_20260322_142505.log,1,train,train,,loss,3850,5000,3942400,5743.6,3.092293
2,hybrid_expert_cdc,Dense+Expert Hybrid,hybrid_expert_cdc_5000_resume2000,/data/yzhu/megatron-lm-moe-exp/logs/moe1b_hybrid_expert_cdc_5000_seed42_resume2000_20260322_142505.log,1,train,train,,loss,3860,5000,3952640,5719.5,3.078053
2,hybrid_expert_cdc,Dense+Expert Hybrid,hybrid_expert_cdc_5000_resume2000,/data/yzhu/megatron-lm-moe-exp/logs/moe1b_hybrid_expert_cdc_5000_seed42_resume2000_20260322_142505.log,1,train,train,,loss,3870,5000,3962880,5755.0,3.09744
2,hybrid_expert_cdc,Dense+Expert Hybrid,hybrid_expert_cdc_5000_resume2000,/data/yzhu/megatron-lm-moe-exp/logs/moe1b_hybrid_expert_cdc_5000_seed42_resume2000_20260322_142505.log,1,train,train,,loss,3880,5000,3973120,5716.8,3.069702
2,hybrid_expert_cdc,Dense+Expert Hybrid,hybrid_expert_cdc_5000_resume2000,/data/yzhu/megatron-lm-moe-exp/logs/moe1b_hybrid_expert_cdc_5000_seed42_resume2000_20260322_142505.log,1,train,train,,loss,3890,5000,3983360,5711.5,3.093247
2,hybrid_expert_cdc,Dense+Expert Hybrid,hybrid_expert_cdc_5000_resume2000,/data/yzhu/megatron-lm-moe-exp/logs/moe1b_hybrid_expert_cdc_5000_seed42_resume2000_20260322_142505.log,1,train,train,,loss,3900,5000,3993600,5724.2,3.070756
2,hybrid_expert_cdc,Dense+Expert Hybrid,hybrid_expert_cdc_5000_resume2000,/data/yzhu/megatron-lm-moe-exp/logs/moe1b_hybrid_expert_cdc_5000_seed42_resume2000_20260322_142505.log,1,train,train,,loss,3910,5000,4003840,5761.2,3.081031
2,hybrid_expert_cdc,Dense+Expert Hybrid,hybrid_expert_cdc_5000_resume2000,/data/yzhu/megatron-lm-moe-exp/logs/moe1b_hybrid_expert_cdc_5000_seed42_resume2000_20260322_142505.log,1,train,train,,loss,3920,5000,4014080,5747.1,3.076478
2,hybrid_expert_cdc,Dense+Expert Hybrid,hybrid_expert_cdc_5000_resume2000,/data/yzhu/megatron-lm-moe-exp/logs/moe1b_hybrid_expert_cdc_5000_seed42_resume2000_20260322_142505.log,1,train,train,,loss,3930,5000,4024320,5734.8,3.082837
2,hybrid_expert_cdc,Dense+Expert Hybrid,hybrid_expert_cdc_5000_resume2000,/data/yzhu/megatron-lm-moe-exp/logs/moe1b_hybrid_expert_cdc_5000_seed42_resume2000_20260322_142505.log,1,train,train,,loss,3940,5000,4034560,5721.7,3.08607
2,hybrid_expert_cdc,Dense+Expert Hybrid,hybrid_expert_cdc_5000_resume2000,/data/yzhu/megatron-lm-moe-exp/logs/moe1b_hybrid_expert_cdc_5000_seed42_resume2000_20260322_142505.log,1,train,train,,loss,3950,5000,4044800,5754.0,3.064622
2,hybrid_expert_cdc,Dense+Expert Hybrid,hybrid_expert_cdc_5000_resume2000,/data/yzhu/megatron-lm-moe-exp/logs/moe1b_hybrid_expert_cdc_5000_seed42_resume2000_20260322_142505.log,1,train,train,,loss,3960,5000,4055040,5716.7,3.077843
2,hybrid_expert_cdc,Dense+Expert Hybrid,hybrid_expert_cdc_5000_resume2000,/data/yzhu/megatron-lm-moe-exp/logs/moe1b_hybrid_expert_cdc_5000_seed42_resume2000_20260322_142505.log,1,train,train,,loss,3970,5000,4065280,5748.8,3.072549
2,hybrid_expert_cdc,Dense+Expert Hybrid,hybrid_expert_cdc_5000_resume2000,/data/yzhu/megatron-lm-moe-exp/logs/moe1b_hybrid_expert_cdc_5000_seed42_resume2000_20260322_142505.log,1,train,train,,loss,3980,5000,4075520,5716.4,3.094163
2,hybrid_expert_cdc,Dense+Expert Hybrid,hybrid_expert_cdc_5000_resume2000,/data/yzhu/megatron-lm-moe-exp/logs/moe1b_hybrid_expert_cdc_5000_seed42_resume2000_20260322_142505.log,1,train,train,,loss,3990,5000,4085760,5723.5,3.07506
2,hybrid_expert_cdc,Dense+Expert Hybrid,hybrid_expert_cdc_5000_resume2000,/data/yzhu/megatron-lm-moe-exp/logs/moe1b_hybrid_expert_cdc_5000_seed42_resume2000_20260322_142505.log,1,train,train,,loss,4000,5000,4096000,5713.2,3.078982
2,hybrid_expert_cdc,Dense+Expert Hybrid,hybrid_expert_cdc_5000_resume2000,/data/yzhu/megatron-lm-moe-exp/logs/moe1b_hybrid_expert_cdc_5000_seed42_resume2000_20260322_142505.log,1,train,train,,loss,4010,5000,4106240,9896.1,3.069548
2,hybrid_expert_cdc,Dense+Expert Hybrid,hybrid_expert_cdc_5000_resume2000,/data/yzhu/megatron-lm-moe-exp/logs/moe1b_hybrid_expert_cdc_5000_seed42_resume2000_20260322_142505.log,1,train,train,,loss,4020,5000,4116480,10886.0,3.075119
2,hybrid_expert_cdc,Dense+Expert Hybrid,hybrid_expert_cdc_5000_resume2000,/data/yzhu/megatron-lm-moe-exp/logs/moe1b_hybrid_expert_cdc_5000_seed42_resume2000_20260322_142505.log,1,train,train,,loss,4030,5000,4126720,10275.3,3.075957
2,hybrid_expert_cdc,Dense+Expert Hybrid,hybrid_expert_cdc_5000_resume2000,/data/yzhu/megatron-lm-moe-exp/logs/moe1b_hybrid_expert_cdc_5000_seed42_resume2000_20260322_142505.log,1,train,train,,loss,4040,5000,4136960,11498.4,3.089641
2,hybrid_expert_cdc,Dense+Expert Hybrid,hybrid_expert_cdc_5000_resume2000,/data/yzhu/megatron-lm-moe-exp/logs/moe1b_hybrid_expert_cdc_5000_seed42_resume2000_20260322_142505.log,1,train,train,,loss,4050,5000,4147200,8121.5,3.088056
2,hybrid_expert_cdc,Dense+Expert Hybrid,hybrid_expert_cdc_5000_resume2000,/data/yzhu/megatron-lm-moe-exp/logs/moe1b_hybrid_expert_cdc_5000_seed42_resume2000_20260322_142505.log,1,train,train,,loss,4060,5000,4157440,5717.7,3.051657
2,hybrid_expert_cdc,Dense+Expert Hybrid,hybrid_expert_cdc_5000_resume2000,/data/yzhu/megatron-lm-moe-exp/logs/moe1b_hybrid_expert_cdc_5000_seed42_resume2000_20260322_142505.log,1,train,train,,loss,4070,5000,4167680,5741.9,3.080437
2,hybrid_expert_cdc,Dense+Expert Hybrid,hybrid_expert_cdc_5000_resume2000,/data/yzhu/megatron-lm-moe-exp/logs/moe1b_hybrid_expert_cdc_5000_seed42_resume2000_20260322_142505.log,1,train,train,,loss,4080,5000,4177920,5722.4,3.056699
2,hybrid_expert_cdc,Dense+Expert Hybrid,hybrid_expert_cdc_5000_resume2000,/data/yzhu/megatron-lm-moe-exp/logs/moe1b_hybrid_expert_cdc_5000_seed42_resume2000_20260322_142505.log,1,train,train,,loss,4090,5000,4188160,5721.5,3.062245
2,hybrid_expert_cdc,Dense+Expert Hybrid,hybrid_expert_cdc_5000_resume2000,/data/yzhu/megatron-lm-moe-exp/logs/moe1b_hybrid_expert_cdc_5000_seed42_resume2000_20260322_142505.log,1,train,train,,loss,4100,5000,4198400,5727.9,3.063396
2,hybrid_expert_cdc,Dense+Expert Hybrid,hybrid_expert_cdc_5000_resume2000,/data/yzhu/megatron-lm-moe-exp/logs/moe1b_hybrid_expert_cdc_5000_seed42_resume2000_20260322_142505.log,1,train,train,,loss,4110,5000,4208640,5771.5,3.080527
2,hybrid_expert_cdc,Dense+Expert Hybrid,hybrid_expert_cdc_5000_resume2000,/data/yzhu/megatron-lm-moe-exp/logs/moe1b_hybrid_expert_cdc_5000_seed42_resume2000_20260322_142505.log,1,train,train,,loss,4120,5000,4218880,5751.9,3.066118
2,hybrid_expert_cdc,Dense+Expert Hybrid,hybrid_expert_cdc_5000_resume2000,/data/yzhu/megatron-lm-moe-exp/logs/moe1b_hybrid_expert_cdc_5000_seed42_resume2000_20260322_142505.log,1,train,train,,loss,4130,5000,4229120,5745.8,3.066944
2,hybrid_expert_cdc,Dense+Expert Hybrid,hybrid_expert_cdc_5000_resume2000,/data/yzhu/megatron-lm-moe-exp/logs/moe1b_hybrid_expert_cdc_5000_seed42_resume2000_20260322_142505.log,1,train,train,,loss,4140,5000,4239360,5720.0,3.076802
2,hybrid_expert_cdc,Dense+Expert Hybrid,hybrid_expert_cdc_5000_resume2000,/data/yzhu/megatron-lm-moe-exp/logs/moe1b_hybrid_expert_cdc_5000_seed42_resume2000_20260322_142505.log,1,train,train,,loss,4150,5000,4249600,5753.3,3.074314
2,hybrid_expert_cdc,Dense+Expert Hybrid,hybrid_expert_cdc_5000_resume2000,/data/yzhu/megatron-lm-moe-exp/logs/moe1b_hybrid_expert_cdc_5000_seed42_resume2000_20260322_142505.log,1,train,train,,loss,4160,5000,4259840,5726.9,3.077309
2,hybrid_expert_cdc,Dense+Expert Hybrid,hybrid_expert_cdc_5000_resume2000,/data/yzhu/megatron-lm-moe-exp/logs/moe1b_hybrid_expert_cdc_5000_seed42_resume2000_20260322_142505.log,1,train,train,,loss,4170,5000,4270080,5751.4,3.063109
2,hybrid_expert_cdc,Dense+Expert Hybrid,hybrid_expert_cdc_5000_resume2000,/data/yzhu/megatron-lm-moe-exp/logs/moe1b_hybrid_expert_cdc_5000_seed42_resume2000_20260322_142505.log,1,train,train,,loss,4180,5000,4280320,5715.1,3.067587
2,hybrid_expert_cdc,Dense+Expert Hybrid,hybrid_expert_cdc_5000_resume2000,/data/yzhu/megatron-lm-moe-exp/logs/moe1b_hybrid_expert_cdc_5000_seed42_resume2000_20260322_142505.log,1,train,train,,loss,4190,5000,4290560,5716.3,3.080786
2,hybrid_expert_cdc,Dense+Expert Hybrid,hybrid_expert_cdc_5000_resume2000,/data/yzhu/megatron-lm-moe-exp/logs/moe1b_hybrid_expert_cdc_5000_seed42_resume2000_20260322_142505.log,1,train,train,,loss,4200,5000,4300800,5712.4,3.04998
2,hybrid_expert_cdc,Dense+Expert Hybrid,hybrid_expert_cdc_5000_resume2000,/data/yzhu/megatron-lm-moe-exp/logs/moe1b_hybrid_expert_cdc_5000_seed42_resume2000_20260322_142505.log,1,train,train,,loss,4210,5000,4311040,5757.1,3.061241
2,hybrid_expert_cdc,Dense+Expert Hybrid,hybrid_expert_cdc_5000_resume2000,/data/yzhu/megatron-lm-moe-exp/logs/moe1b_hybrid_expert_cdc_5000_seed42_resume2000_20260322_142505.log,1,train,train,,loss,4220,5000,4321280,5749.9,3.066035
2,hybrid_expert_cdc,Dense+Expert Hybrid,hybrid_expert_cdc_5000_resume2000,/data/yzhu/megatron-lm-moe-exp/logs/moe1b_hybrid_expert_cdc_5000_seed42_resume2000_20260322_142505.log,1,train,train,,loss,4230,5000,4331520,5744.9,3.065161
2,hybrid_expert_cdc,Dense+Expert Hybrid,hybrid_expert_cdc_5000_resume2000,/data/yzhu/megatron-lm-moe-exp/logs/moe1b_hybrid_expert_cdc_5000_seed42_resume2000_20260322_142505.log,1,train,train,,loss,4240,5000,4341760,5727.2,3.069234
2,hybrid_expert_cdc,Dense+Expert Hybrid,hybrid_expert_cdc_5000_resume2000,/data/yzhu/megatron-lm-moe-exp/logs/moe1b_hybrid_expert_cdc_5000_seed42_resume2000_20260322_142505.log,1,train,train,,loss,4250,5000,4352000,5747.4,3.058674
2,hybrid_expert_cdc,Dense+Expert Hybrid,hybrid_expert_cdc_5000_resume2000,/data/yzhu/megatron-lm-moe-exp/logs/moe1b_hybrid_expert_cdc_5000_seed42_resume2000_20260322_142505.log,1,train,train,,loss,4260,5000,4362240,5719.3,3.066493
2,hybrid_expert_cdc,Dense+Expert Hybrid,hybrid_expert_cdc_5000_resume2000,/data/yzhu/megatron-lm-moe-exp/logs/moe1b_hybrid_expert_cdc_5000_seed42_resume2000_20260322_142505.log,1,train,train,,loss,4270,5000,4372480,5746.4,3.059729
2,hybrid_expert_cdc,Dense+Expert Hybrid,hybrid_expert_cdc_5000_resume2000,/data/yzhu/megatron-lm-moe-exp/logs/moe1b_hybrid_expert_cdc_5000_seed42_resume2000_20260322_142505.log,1,train,train,,loss,4280,5000,4382720,5718.1,3.064983
2,hybrid_expert_cdc,Dense+Expert Hybrid,hybrid_expert_cdc_5000_resume2000,/data/yzhu/megatron-lm-moe-exp/logs/moe1b_hybrid_expert_cdc_5000_seed42_resume2000_20260322_142505.log,1,train,train,,loss,4290,5000,4392960,5697.3,3.0728
2,hybrid_expert_cdc,Dense+Expert Hybrid,hybrid_expert_cdc_5000_resume2000,/data/yzhu/megatron-lm-moe-exp/logs/moe1b_hybrid_expert_cdc_5000_seed42_resume2000_20260322_142505.log,1,train,train,,loss,4300,5000,4403200,5722.6,3.063157
2,hybrid_expert_cdc,Dense+Expert Hybrid,hybrid_expert_cdc_5000_resume2000,/data/yzhu/megatron-lm-moe-exp/logs/moe1b_hybrid_expert_cdc_5000_seed42_resume2000_20260322_142505.log,1,train,train,,loss,4310,5000,4413440,5751.5,3.071469
2,hybrid_expert_cdc,Dense+Expert Hybrid,hybrid_expert_cdc_5000_resume2000,/data/yzhu/megatron-lm-moe-exp/logs/moe1b_hybrid_expert_cdc_5000_seed42_resume2000_20260322_142505.log,1,train,train,,loss,4320,5000,4423680,5746.9,3.045121
2,hybrid_expert_cdc,Dense+Expert Hybrid,hybrid_expert_cdc_5000_resume2000,/data/yzhu/megatron-lm-moe-exp/logs/moe1b_hybrid_expert_cdc_5000_seed42_resume2000_20260322_142505.log,1,train,train,,loss,4330,5000,4433920,5728.5,3.054426
2,hybrid_expert_cdc,Dense+Expert Hybrid,hybrid_expert_cdc_5000_resume2000,/data/yzhu/megatron-lm-moe-exp/logs/moe1b_hybrid_expert_cdc_5000_seed42_resume2000_20260322_142505.log,1,train,train,,loss,4340,5000,4444160,5719.0,3.067399
2,hybrid_expert_cdc,Dense+Expert Hybrid,hybrid_expert_cdc_5000_resume2000,/data/yzhu/megatron-lm-moe-exp/logs/moe1b_hybrid_expert_cdc_5000_seed42_resume2000_20260322_142505.log,1,train,train,,loss,4350,5000,4454400,5730.5,3.06889
2,hybrid_expert_cdc,Dense+Expert Hybrid,hybrid_expert_cdc_5000_resume2000,/data/yzhu/megatron-lm-moe-exp/logs/moe1b_hybrid_expert_cdc_5000_seed42_resume2000_20260322_142505.log,1,train,train,,loss,4360,5000,4464640,5727.5,3.048902
2,hybrid_expert_cdc,Dense+Expert Hybrid,hybrid_expert_cdc_5000_resume2000,/data/yzhu/megatron-lm-moe-exp/logs/moe1b_hybrid_expert_cdc_5000_seed42_resume2000_20260322_142505.log,1,train,train,,loss,4370,5000,4474880,5741.1,3.071988
2,hybrid_expert_cdc,Dense+Expert Hybrid,hybrid_expert_cdc_5000_resume2000,/data/yzhu/megatron-lm-moe-exp/logs/moe1b_hybrid_expert_cdc_5000_seed42_resume2000_20260322_142505.log,1,train,train,,loss,4380,5000,4485120,5711.9,3.071645
2,hybrid_expert_cdc,Dense+Expert Hybrid,hybrid_expert_cdc_5000_resume2000,/data/yzhu/megatron-lm-moe-exp/logs/moe1b_hybrid_expert_cdc_5000_seed42_resume2000_20260322_142505.log,1,train,train,,loss,4390,5000,4495360,5712.1,3.05116
2,hybrid_expert_cdc,Dense+Expert Hybrid,hybrid_expert_cdc_5000_resume2000,/data/yzhu/megatron-lm-moe-exp/logs/moe1b_hybrid_expert_cdc_5000_seed42_resume2000_20260322_142505.log,1,train,train,,loss,4400,5000,4505600,5707.0,3.068435
2,hybrid_expert_cdc,Dense+Expert Hybrid,hybrid_expert_cdc_5000_resume2000,/data/yzhu/megatron-lm-moe-exp/logs/moe1b_hybrid_expert_cdc_5000_seed42_resume2000_20260322_142505.log,1,train,train,,loss,4410,5000,4515840,5775.5,3.069728
2,hybrid_expert_cdc,Dense+Expert Hybrid,hybrid_expert_cdc_5000_resume2000,/data/yzhu/megatron-lm-moe-exp/logs/moe1b_hybrid_expert_cdc_5000_seed42_resume2000_20260322_142505.log,1,train,train,,loss,4420,5000,4526080,5729.7,3.066372
2,hybrid_expert_cdc,Dense+Expert Hybrid,hybrid_expert_cdc_5000_resume2000,/data/yzhu/megatron-lm-moe-exp/logs/moe1b_hybrid_expert_cdc_5000_seed42_resume2000_20260322_142505.log,1,train,train,,loss,4430,5000,4536320,5745.5,3.070617
2,hybrid_expert_cdc,Dense+Expert Hybrid,hybrid_expert_cdc_5000_resume2000,/data/yzhu/megatron-lm-moe-exp/logs/moe1b_hybrid_expert_cdc_5000_seed42_resume2000_20260322_142505.log,1,train,train,,loss,4440,5000,4546560,5711.2,3.062267
2,hybrid_expert_cdc,Dense+Expert Hybrid,hybrid_expert_cdc_5000_resume2000,/data/yzhu/megatron-lm-moe-exp/logs/moe1b_hybrid_expert_cdc_5000_seed42_resume2000_20260322_142505.log,1,train,train,,loss,4450,5000,4556800,5733.0,3.068176
2,hybrid_expert_cdc,Dense+Expert Hybrid,hybrid_expert_cdc_5000_resume2000,/data/yzhu/megatron-lm-moe-exp/logs/moe1b_hybrid_expert_cdc_5000_seed42_resume2000_20260322_142505.log,1,train,train,,loss,4460,5000,4567040,5725.5,3.08527
2,hybrid_expert_cdc,Dense+Expert Hybrid,hybrid_expert_cdc_5000_resume2000,/data/yzhu/megatron-lm-moe-exp/logs/moe1b_hybrid_expert_cdc_5000_seed42_resume2000_20260322_142505.log,1,train,train,,loss,4470,5000,4577280,5731.8,3.086379
2,hybrid_expert_cdc,Dense+Expert Hybrid,hybrid_expert_cdc_5000_resume2000,/data/yzhu/megatron-lm-moe-exp/logs/moe1b_hybrid_expert_cdc_5000_seed42_resume2000_20260322_142505.log,1,train,train,,loss,4480,5000,4587520,5727.8,3.066086
2,hybrid_expert_cdc,Dense+Expert Hybrid,hybrid_expert_cdc_5000_resume2000,/data/yzhu/megatron-lm-moe-exp/logs/moe1b_hybrid_expert_cdc_5000_seed42_resume2000_20260322_142505.log,1,train,train,,loss,4490,5000,4597760,5700.7,3.065218
2,hybrid_expert_cdc,Dense+Expert Hybrid,hybrid_expert_cdc_5000_resume2000,/data/yzhu/megatron-lm-moe-exp/logs/moe1b_hybrid_expert_cdc_5000_seed42_resume2000_20260322_142505.log,1,train,train,,loss,4500,5000,4608000,5722.9,3.069434
2,hybrid_expert_cdc,Dense+Expert Hybrid,hybrid_expert_cdc_5000_resume2000,/data/yzhu/megatron-lm-moe-exp/logs/moe1b_hybrid_expert_cdc_5000_seed42_resume2000_20260322_142505.log,1,train,train,,loss,4510,5000,4618240,5753.1,3.071632
2,hybrid_expert_cdc,Dense+Expert Hybrid,hybrid_expert_cdc_5000_resume2000,/data/yzhu/megatron-lm-moe-exp/logs/moe1b_hybrid_expert_cdc_5000_seed42_resume2000_20260322_142505.log,1,train,train,,loss,4520,5000,4628480,5735.9,3.070985
2,hybrid_expert_cdc,Dense+Expert Hybrid,hybrid_expert_cdc_5000_resume2000,/data/yzhu/megatron-lm-moe-exp/logs/moe1b_hybrid_expert_cdc_5000_seed42_resume2000_20260322_142505.log,1,train,train,,loss,4530,5000,4638720,5745.9,3.06423
2,hybrid_expert_cdc,Dense+Expert Hybrid,hybrid_expert_cdc_5000_resume2000,/data/yzhu/megatron-lm-moe-exp/logs/moe1b_hybrid_expert_cdc_5000_seed42_resume2000_20260322_142505.log,1,train,train,,loss,4540,5000,4648960,5712.4,3.071235
2,hybrid_expert_cdc,Dense+Expert Hybrid,hybrid_expert_cdc_5000_resume2000,/data/yzhu/megatron-lm-moe-exp/logs/moe1b_hybrid_expert_cdc_5000_seed42_resume2000_20260322_142505.log,1,train,train,,loss,4550,5000,4659200,5746.3,3.06877
2,hybrid_expert_cdc,Dense+Expert Hybrid,hybrid_expert_cdc_5000_resume2000,/data/yzhu/megatron-lm-moe-exp/logs/moe1b_hybrid_expert_cdc_5000_seed42_resume2000_20260322_142505.log,1,train,train,,loss,4560,5000,4669440,5711.9,3.067832
2,hybrid_expert_cdc,Dense+Expert Hybrid,hybrid_expert_cdc_5000_resume2000,/data/yzhu/megatron-lm-moe-exp/logs/moe1b_hybrid_expert_cdc_5000_seed42_resume2000_20260322_142505.log,1,train,train,,loss,4570,5000,4679680,5744.1,3.067527
2,hybrid_expert_cdc,Dense+Expert Hybrid,hybrid_expert_cdc_5000_resume2000,/data/yzhu/megatron-lm-moe-exp/logs/moe1b_hybrid_expert_cdc_5000_seed42_resume2000_20260322_142505.log,1,train,train,,loss,4580,5000,4689920,5719.8,3.069087
2,hybrid_expert_cdc,Dense+Expert Hybrid,hybrid_expert_cdc_5000_resume2000,/data/yzhu/megatron-lm-moe-exp/logs/moe1b_hybrid_expert_cdc_5000_seed42_resume2000_20260322_142505.log,1,train,train,,loss,4590,5000,4700160,5693.8,3.057868
2,hybrid_expert_cdc,Dense+Expert Hybrid,hybrid_expert_cdc_5000_resume2000,/data/yzhu/megatron-lm-moe-exp/logs/moe1b_hybrid_expert_cdc_5000_seed42_resume2000_20260322_142505.log,1,train,train,,loss,4600,5000,4710400,5719.4,3.063942
2,hybrid_expert_cdc,Dense+Expert Hybrid,hybrid_expert_cdc_5000_resume2000,/data/yzhu/megatron-lm-moe-exp/logs/moe1b_hybrid_expert_cdc_5000_seed42_resume2000_20260322_142505.log,1,train,train,,loss,4610,5000,4720640,5755.9,3.059438
2,hybrid_expert_cdc,Dense+Expert Hybrid,hybrid_expert_cdc_5000_resume2000,/data/yzhu/megatron-lm-moe-exp/logs/moe1b_hybrid_expert_cdc_5000_seed42_resume2000_20260322_142505.log,1,train,train,,loss,4620,5000,4730880,5745.7,3.066376
2,hybrid_expert_cdc,Dense+Expert Hybrid,hybrid_expert_cdc_5000_resume2000,/data/yzhu/megatron-lm-moe-exp/logs/moe1b_hybrid_expert_cdc_5000_seed42_resume2000_20260322_142505.log,1,train,train,,loss,4630,5000,4741120,5732.6,3.052505
2,hybrid_expert_cdc,Dense+Expert Hybrid,hybrid_expert_cdc_5000_resume2000,/data/yzhu/megatron-lm-moe-exp/logs/moe1b_hybrid_expert_cdc_5000_seed42_resume2000_20260322_142505.log,1,train,train,,loss,4640,5000,4751360,5726.8,3.069089
2,hybrid_expert_cdc,Dense+Expert Hybrid,hybrid_expert_cdc_5000_resume2000,/data/yzhu/megatron-lm-moe-exp/logs/moe1b_hybrid_expert_cdc_5000_seed42_resume2000_20260322_142505.log,1,train,train,,loss,4650,5000,4761600,5739.7,3.054264
2,hybrid_expert_cdc,Dense+Expert Hybrid,hybrid_expert_cdc_5000_resume2000,/data/yzhu/megatron-lm-moe-exp/logs/moe1b_hybrid_expert_cdc_5000_seed42_resume2000_20260322_142505.log,1,train,train,,loss,4660,5000,4771840,5728.1,3.054864
2,hybrid_expert_cdc,Dense+Expert Hybrid,hybrid_expert_cdc_5000_resume2000,/data/yzhu/megatron-lm-moe-exp/logs/moe1b_hybrid_expert_cdc_5000_seed42_resume2000_20260322_142505.log,1,train,train,,loss,4670,5000,4782080,5740.0,3.067296
2,hybrid_expert_cdc,Dense+Expert Hybrid,hybrid_expert_cdc_5000_resume2000,/data/yzhu/megatron-lm-moe-exp/logs/moe1b_hybrid_expert_cdc_5000_seed42_resume2000_20260322_142505.log,1,train,train,,loss,4680,5000,4792320,5714.8,3.063396
2,hybrid_expert_cdc,Dense+Expert Hybrid,hybrid_expert_cdc_5000_resume2000,/data/yzhu/megatron-lm-moe-exp/logs/moe1b_hybrid_expert_cdc_5000_seed42_resume2000_20260322_142505.log,1,train,train,,loss,4690,5000,4802560,5716.8,3.070969
2,hybrid_expert_cdc,Dense+Expert Hybrid,hybrid_expert_cdc_5000_resume2000,/data/yzhu/megatron-lm-moe-exp/logs/moe1b_hybrid_expert_cdc_5000_seed42_resume2000_20260322_142505.log,1,train,train,,loss,4700,5000,4812800,5706.8,3.059138
2,hybrid_expert_cdc,Dense+Expert Hybrid,hybrid_expert_cdc_5000_resume2000,/data/yzhu/megatron-lm-moe-exp/logs/moe1b_hybrid_expert_cdc_5000_seed42_resume2000_20260322_142505.log,1,train,train,,loss,4710,5000,4823040,5769.6,3.065136
2,hybrid_expert_cdc,Dense+Expert Hybrid,hybrid_expert_cdc_5000_resume2000,/data/yzhu/megatron-lm-moe-exp/logs/moe1b_hybrid_expert_cdc_5000_seed42_resume2000_20260322_142505.log,1,train,train,,loss,4720,5000,4833280,5736.9,3.057721
2,hybrid_expert_cdc,Dense+Expert Hybrid,hybrid_expert_cdc_5000_resume2000,/data/yzhu/megatron-lm-moe-exp/logs/moe1b_hybrid_expert_cdc_5000_seed42_resume2000_20260322_142505.log,1,train,train,,loss,4730,5000,4843520,5763.7,3.058603
2,hybrid_expert_cdc,Dense+Expert Hybrid,hybrid_expert_cdc_5000_resume2000,/data/yzhu/megatron-lm-moe-exp/logs/moe1b_hybrid_expert_cdc_5000_seed42_resume2000_20260322_142505.log,1,train,train,,loss,4740,5000,4853760,5717.0,3.050192
2,hybrid_expert_cdc,Dense+Expert Hybrid,hybrid_expert_cdc_5000_resume2000,/data/yzhu/megatron-lm-moe-exp/logs/moe1b_hybrid_expert_cdc_5000_seed42_resume2000_20260322_142505.log,1,train,train,,loss,4750,5000,4864000,5750.0,3.056622
2,hybrid_expert_cdc,Dense+Expert Hybrid,hybrid_expert_cdc_5000_resume2000,/data/yzhu/megatron-lm-moe-exp/logs/moe1b_hybrid_expert_cdc_5000_seed42_resume2000_20260322_142505.log,1,train,train,,loss,4760,5000,4874240,5721.1,3.048626
2,hybrid_expert_cdc,Dense+Expert Hybrid,hybrid_expert_cdc_5000_resume2000,/data/yzhu/megatron-lm-moe-exp/logs/moe1b_hybrid_expert_cdc_5000_seed42_resume2000_20260322_142505.log,1,train,train,,loss,4770,5000,4884480,5734.2,3.069631
2,hybrid_expert_cdc,Dense+Expert Hybrid,hybrid_expert_cdc_5000_resume2000,/data/yzhu/megatron-lm-moe-exp/logs/moe1b_hybrid_expert_cdc_5000_seed42_resume2000_20260322_142505.log,1,train,train,,loss,4780,5000,4894720,5716.8,3.066441
2,hybrid_expert_cdc,Dense+Expert Hybrid,hybrid_expert_cdc_5000_resume2000,/data/yzhu/megatron-lm-moe-exp/logs/moe1b_hybrid_expert_cdc_5000_seed42_resume2000_20260322_142505.log,1,train,train,,loss,4790,5000,4904960,5709.8,3.054757
2,hybrid_expert_cdc,Dense+Expert Hybrid,hybrid_expert_cdc_5000_resume2000,/data/yzhu/megatron-lm-moe-exp/logs/moe1b_hybrid_expert_cdc_5000_seed42_resume2000_20260322_142505.log,1,train,train,,loss,4800,5000,4915200,5708.4,3.053218
2,hybrid_expert_cdc,Dense+Expert Hybrid,hybrid_expert_cdc_5000_resume2000,/data/yzhu/megatron-lm-moe-exp/logs/moe1b_hybrid_expert_cdc_5000_seed42_resume2000_20260322_142505.log,1,train,train,,loss,4810,5000,4925440,5756.6,3.063294
2,hybrid_expert_cdc,Dense+Expert Hybrid,hybrid_expert_cdc_5000_resume2000,/data/yzhu/megatron-lm-moe-exp/logs/moe1b_hybrid_expert_cdc_5000_seed42_resume2000_20260322_142505.log,1,train,train,,loss,4820,5000,4935680,5745.6,3.056131
2,hybrid_expert_cdc,Dense+Expert Hybrid,hybrid_expert_cdc_5000_resume2000,/data/yzhu/megatron-lm-moe-exp/logs/moe1b_hybrid_expert_cdc_5000_seed42_resume2000_20260322_142505.log,1,train,train,,loss,4830,5000,4945920,5728.8,3.063529
2,hybrid_expert_cdc,Dense+Expert Hybrid,hybrid_expert_cdc_5000_resume2000,/data/yzhu/megatron-lm-moe-exp/logs/moe1b_hybrid_expert_cdc_5000_seed42_resume2000_20260322_142505.log,1,train,train,,loss,4840,5000,4956160,5725.9,3.069459
2,hybrid_expert_cdc,Dense+Expert Hybrid,hybrid_expert_cdc_5000_resume2000,/data/yzhu/megatron-lm-moe-exp/logs/moe1b_hybrid_expert_cdc_5000_seed42_resume2000_20260322_142505.log,1,train,train,,loss,4850,5000,4966400,5732.2,3.071725
2,hybrid_expert_cdc,Dense+Expert Hybrid,hybrid_expert_cdc_5000_resume2000,/data/yzhu/megatron-lm-moe-exp/logs/moe1b_hybrid_expert_cdc_5000_seed42_resume2000_20260322_142505.log,1,train,train,,loss,4860,5000,4976640,5729.2,3.072578
2,hybrid_expert_cdc,Dense+Expert Hybrid,hybrid_expert_cdc_5000_resume2000,/data/yzhu/megatron-lm-moe-exp/logs/moe1b_hybrid_expert_cdc_5000_seed42_resume2000_20260322_142505.log,1,train,train,,loss,4870,5000,4986880,5744.4,3.064107
2,hybrid_expert_cdc,Dense+Expert Hybrid,hybrid_expert_cdc_5000_resume2000,/data/yzhu/megatron-lm-moe-exp/logs/moe1b_hybrid_expert_cdc_5000_seed42_resume2000_20260322_142505.log,1,train,train,,loss,4880,5000,4997120,5713.3,3.077386
2,hybrid_expert_cdc,Dense+Expert Hybrid,hybrid_expert_cdc_5000_resume2000,/data/yzhu/megatron-lm-moe-exp/logs/moe1b_hybrid_expert_cdc_5000_seed42_resume2000_20260322_142505.log,1,train,train,,loss,4890,5000,5007360,5706.5,3.069319
2,hybrid_expert_cdc,Dense+Expert Hybrid,hybrid_expert_cdc_5000_resume2000,/data/yzhu/megatron-lm-moe-exp/logs/moe1b_hybrid_expert_cdc_5000_seed42_resume2000_20260322_142505.log,1,train,train,,loss,4900,5000,5017600,5722.0,3.060998
2,hybrid_expert_cdc,Dense+Expert Hybrid,hybrid_expert_cdc_5000_resume2000,/data/yzhu/megatron-lm-moe-exp/logs/moe1b_hybrid_expert_cdc_5000_seed42_resume2000_20260322_142505.log,1,train,train,,loss,4910,5000,5027840,5768.6,3.058406
2,hybrid_expert_cdc,Dense+Expert Hybrid,hybrid_expert_cdc_5000_resume2000,/data/yzhu/megatron-lm-moe-exp/logs/moe1b_hybrid_expert_cdc_5000_seed42_resume2000_20260322_142505.log,1,train,train,,loss,4920,5000,5038080,7451.8,3.056444
2,hybrid_expert_cdc,Dense+Expert Hybrid,hybrid_expert_cdc_5000_resume2000,/data/yzhu/megatron-lm-moe-exp/logs/moe1b_hybrid_expert_cdc_5000_seed42_resume2000_20260322_142505.log,1,train,train,,loss,4930,5000,5048320,5757.9,3.075687
2,hybrid_expert_cdc,Dense+Expert Hybrid,hybrid_expert_cdc_5000_resume2000,/data/yzhu/megatron-lm-moe-exp/logs/moe1b_hybrid_expert_cdc_5000_seed42_resume2000_20260322_142505.log,1,train,train,,loss,4940,5000,5058560,5728.0,3.069856
2,hybrid_expert_cdc,Dense+Expert Hybrid,hybrid_expert_cdc_5000_resume2000,/data/yzhu/megatron-lm-moe-exp/logs/moe1b_hybrid_expert_cdc_5000_seed42_resume2000_20260322_142505.log,1,train,train,,loss,4950,5000,5068800,5761.9,3.065055
2,hybrid_expert_cdc,Dense+Expert Hybrid,hybrid_expert_cdc_5000_resume2000,/data/yzhu/megatron-lm-moe-exp/logs/moe1b_hybrid_expert_cdc_5000_seed42_resume2000_20260322_142505.log,1,train,train,,loss,4960,5000,5079040,5727.9,3.057866
2,hybrid_expert_cdc,Dense+Expert Hybrid,hybrid_expert_cdc_5000_resume2000,/data/yzhu/megatron-lm-moe-exp/logs/moe1b_hybrid_expert_cdc_5000_seed42_resume2000_20260322_142505.log,1,train,train,,loss,4970,5000,5089280,5755.1,3.073761
2,hybrid_expert_cdc,Dense+Expert Hybrid,hybrid_expert_cdc_5000_resume2000,/data/yzhu/megatron-lm-moe-exp/logs/moe1b_hybrid_expert_cdc_5000_seed42_resume2000_20260322_142505.log,1,train,train,,loss,4980,5000,5099520,5717.8,3.06622
2,hybrid_expert_cdc,Dense+Expert Hybrid,hybrid_expert_cdc_5000_resume2000,/data/yzhu/megatron-lm-moe-exp/logs/moe1b_hybrid_expert_cdc_5000_seed42_resume2000_20260322_142505.log,1,train,train,,loss,4990,5000,5109760,5698.6,3.06343
2,hybrid_expert_cdc,Dense+Expert Hybrid,hybrid_expert_cdc_5000_resume2000,/data/yzhu/megatron-lm-moe-exp/logs/moe1b_hybrid_expert_cdc_5000_seed42_resume2000_20260322_142505.log,1,train,train,,loss,5000,5000,5120000,5719.7,3.057364
3,streaming_baseline,Streaming DiLoCo Baseline,streaming_baseline_5000,/data/yzhu/megatron-lm-moe-exp/logs/moe1b_streaming_baseline_5000_seed42_20260322_201831.log,0,eval,test,final_test_set,loss,5000,,,,3.044737
3,streaming_baseline,Streaming DiLoCo Baseline,streaming_baseline_5000,/data/yzhu/megatron-lm-moe-exp/logs/moe1b_streaming_baseline_5000_seed42_20260322_201831.log,0,eval,test,final_test_set,ppl,5000,,,,21.0045
3,streaming_baseline,Streaming DiLoCo Baseline,streaming_baseline_5000,/data/yzhu/megatron-lm-moe-exp/logs/moe1b_streaming_baseline_5000_seed42_20260322_201831.log,0,eval,validation,periodic_validation,loss,250,,,,4.617576
3,streaming_baseline,Streaming DiLoCo Baseline,streaming_baseline_5000,/data/yzhu/megatron-lm-moe-exp/logs/moe1b_streaming_baseline_5000_seed42_20260322_201831.log,0,eval,validation,periodic_validation,loss,500,,,,3.913142
3,streaming_baseline,Streaming DiLoCo Baseline,streaming_baseline_5000,/data/yzhu/megatron-lm-moe-exp/logs/moe1b_streaming_baseline_5000_seed42_20260322_201831.log,0,eval,validation,periodic_validation,loss,750,,,,3.676556
3,streaming_baseline,Streaming DiLoCo Baseline,streaming_baseline_5000,/data/yzhu/megatron-lm-moe-exp/logs/moe1b_streaming_baseline_5000_seed42_20260322_201831.log,0,eval,validation,periodic_validation,loss,1000,,,,3.541685
3,streaming_baseline,Streaming DiLoCo Baseline,streaming_baseline_5000,/data/yzhu/megatron-lm-moe-exp/logs/moe1b_streaming_baseline_5000_seed42_20260322_201831.log,0,eval,validation,periodic_validation,loss,1250,,,,3.458296
3,streaming_baseline,Streaming DiLoCo Baseline,streaming_baseline_5000,/data/yzhu/megatron-lm-moe-exp/logs/moe1b_streaming_baseline_5000_seed42_20260322_201831.log,0,eval,validation,periodic_validation,loss,1500,,,,3.386857
3,streaming_baseline,Streaming DiLoCo Baseline,streaming_baseline_5000,/data/yzhu/megatron-lm-moe-exp/logs/moe1b_streaming_baseline_5000_seed42_20260322_201831.log,0,eval,validation,periodic_validation,loss,1750,,,,3.332265
3,streaming_baseline,Streaming DiLoCo Baseline,streaming_baseline_5000,/data/yzhu/megatron-lm-moe-exp/logs/moe1b_streaming_baseline_5000_seed42_20260322_201831.log,0,eval,validation,periodic_validation,loss,2000,,,,3.278963
3,streaming_baseline,Streaming DiLoCo Baseline,streaming_baseline_5000,/data/yzhu/megatron-lm-moe-exp/logs/moe1b_streaming_baseline_5000_seed42_20260322_201831.log,0,eval,validation,periodic_validation,loss,2250,,,,3.233836
3,streaming_baseline,Streaming DiLoCo Baseline,streaming_baseline_5000,/data/yzhu/megatron-lm-moe-exp/logs/moe1b_streaming_baseline_5000_seed42_20260322_201831.log,0,eval,validation,periodic_validation,loss,2500,,,,3.201739
3,streaming_baseline,Streaming DiLoCo Baseline,streaming_baseline_5000,/data/yzhu/megatron-lm-moe-exp/logs/moe1b_streaming_baseline_5000_seed42_20260322_201831.log,0,eval,validation,periodic_validation,loss,2750,,,,3.176303
3,streaming_baseline,Streaming DiLoCo Baseline,streaming_baseline_5000,/data/yzhu/megatron-lm-moe-exp/logs/moe1b_streaming_baseline_5000_seed42_20260322_201831.log,0,eval,validation,periodic_validation,loss,3000,,,,3.142233
3,streaming_baseline,Streaming DiLoCo Baseline,streaming_baseline_5000,/data/yzhu/megatron-lm-moe-exp/logs/moe1b_streaming_baseline_5000_seed42_20260322_201831.log,0,eval,validation,periodic_validation,loss,3250,,,,3.12481
3,streaming_baseline,Streaming DiLoCo Baseline,streaming_baseline_5000,/data/yzhu/megatron-lm-moe-exp/logs/moe1b_streaming_baseline_5000_seed42_20260322_201831.log,0,eval,validation,periodic_validation,loss,3500,,,,3.10238
3,streaming_baseline,Streaming DiLoCo Baseline,streaming_baseline_5000,/data/yzhu/megatron-lm-moe-exp/logs/moe1b_streaming_baseline_5000_seed42_20260322_201831.log,0,eval,validation,periodic_validation,loss,3750,,,,3.080915
3,streaming_baseline,Streaming DiLoCo Baseline,streaming_baseline_5000,/data/yzhu/megatron-lm-moe-exp/logs/moe1b_streaming_baseline_5000_seed42_20260322_201831.log,0,eval,validation,periodic_validation,loss,4000,,,,3.05886
3,streaming_baseline,Streaming DiLoCo Baseline,streaming_baseline_5000,/data/yzhu/megatron-lm-moe-exp/logs/moe1b_streaming_baseline_5000_seed42_20260322_201831.log,0,eval,validation,periodic_validation,loss,4250,,,,3.044853
3,streaming_baseline,Streaming DiLoCo Baseline,streaming_baseline_5000,/data/yzhu/megatron-lm-moe-exp/logs/moe1b_streaming_baseline_5000_seed42_20260322_201831.log,0,eval,validation,periodic_validation,loss,4500,,,,3.043154
3,streaming_baseline,Streaming DiLoCo Baseline,streaming_baseline_5000,/data/yzhu/megatron-lm-moe-exp/logs/moe1b_streaming_baseline_5000_seed42_20260322_201831.log,0,eval,validation,periodic_validation,loss,4750,,,,3.043668
3,streaming_baseline,Streaming DiLoCo Baseline,streaming_baseline_5000,/data/yzhu/megatron-lm-moe-exp/logs/moe1b_streaming_baseline_5000_seed42_20260322_201831.log,0,eval,validation,final_validation_set,loss,5000,,,,3.036468
3,streaming_baseline,Streaming DiLoCo Baseline,streaming_baseline_5000,/data/yzhu/megatron-lm-moe-exp/logs/moe1b_streaming_baseline_5000_seed42_20260322_201831.log,0,eval,validation,periodic_validation,loss,5000,,,,3.042226
3,streaming_baseline,Streaming DiLoCo Baseline,streaming_baseline_5000,/data/yzhu/megatron-lm-moe-exp/logs/moe1b_streaming_baseline_5000_seed42_20260322_201831.log,0,eval,validation,periodic_validation,ppl,250,,,,101.2483
3,streaming_baseline,Streaming DiLoCo Baseline,streaming_baseline_5000,/data/yzhu/megatron-lm-moe-exp/logs/moe1b_streaming_baseline_5000_seed42_20260322_201831.log,0,eval,validation,periodic_validation,ppl,500,,,,50.05599
3,streaming_baseline,Streaming DiLoCo Baseline,streaming_baseline_5000,/data/yzhu/megatron-lm-moe-exp/logs/moe1b_streaming_baseline_5000_seed42_20260322_201831.log,0,eval,validation,periodic_validation,ppl,750,,,,39.51008
3,streaming_baseline,Streaming DiLoCo Baseline,streaming_baseline_5000,/data/yzhu/megatron-lm-moe-exp/logs/moe1b_streaming_baseline_5000_seed42_20260322_201831.log,0,eval,validation,periodic_validation,ppl,1000,,,,34.52505
3,streaming_baseline,Streaming DiLoCo Baseline,streaming_baseline_5000,/data/yzhu/megatron-lm-moe-exp/logs/moe1b_streaming_baseline_5000_seed42_20260322_201831.log,0,eval,validation,periodic_validation,ppl,1250,,,,31.7628
3,streaming_baseline,Streaming DiLoCo Baseline,streaming_baseline_5000,/data/yzhu/megatron-lm-moe-exp/logs/moe1b_streaming_baseline_5000_seed42_20260322_201831.log,0,eval,validation,periodic_validation,ppl,1500,,,,29.57285
3,streaming_baseline,Streaming DiLoCo Baseline,streaming_baseline_5000,/data/yzhu/megatron-lm-moe-exp/logs/moe1b_streaming_baseline_5000_seed42_20260322_201831.log,0,eval,validation,periodic_validation,ppl,1750,,,,28.0017
3,streaming_baseline,Streaming DiLoCo Baseline,streaming_baseline_5000,/data/yzhu/megatron-lm-moe-exp/logs/moe1b_streaming_baseline_5000_seed42_20260322_201831.log,0,eval,validation,periodic_validation,ppl,2000,,,,26.54823
3,streaming_baseline,Streaming DiLoCo Baseline,streaming_baseline_5000,/data/yzhu/megatron-lm-moe-exp/logs/moe1b_streaming_baseline_5000_seed42_20260322_201831.log,0,eval,validation,periodic_validation,ppl,2250,,,,25.37683
3,streaming_baseline,Streaming DiLoCo Baseline,streaming_baseline_5000,/data/yzhu/megatron-lm-moe-exp/logs/moe1b_streaming_baseline_5000_seed42_20260322_201831.log,0,eval,validation,periodic_validation,ppl,2500,,,,24.57522
3,streaming_baseline,Streaming DiLoCo Baseline,streaming_baseline_5000,/data/yzhu/megatron-lm-moe-exp/logs/moe1b_streaming_baseline_5000_seed42_20260322_201831.log,0,eval,validation,periodic_validation,ppl,2750,,,,23.95801
3,streaming_baseline,Streaming DiLoCo Baseline,streaming_baseline_5000,/data/yzhu/megatron-lm-moe-exp/logs/moe1b_streaming_baseline_5000_seed42_20260322_201831.log,0,eval,validation,periodic_validation,ppl,3000,,,,23.15552
3,streaming_baseline,Streaming DiLoCo Baseline,streaming_baseline_5000,/data/yzhu/megatron-lm-moe-exp/logs/moe1b_streaming_baseline_5000_seed42_20260322_201831.log,0,eval,validation,periodic_validation,ppl,3250,,,,22.75557
3,streaming_baseline,Streaming DiLoCo Baseline,streaming_baseline_5000,/data/yzhu/megatron-lm-moe-exp/logs/moe1b_streaming_baseline_5000_seed42_20260322_201831.log,0,eval,validation,periodic_validation,ppl,3500,,,,22.25085
3,streaming_baseline,Streaming DiLoCo Baseline,streaming_baseline_5000,/data/yzhu/megatron-lm-moe-exp/logs/moe1b_streaming_baseline_5000_seed42_20260322_201831.log,0,eval,validation,periodic_validation,ppl,3750,,,,21.77832
3,streaming_baseline,Streaming DiLoCo Baseline,streaming_baseline_5000,/data/yzhu/megatron-lm-moe-exp/logs/moe1b_streaming_baseline_5000_seed42_20260322_201831.log,0,eval,validation,periodic_validation,ppl,4000,,,,21.30325
3,streaming_baseline,Streaming DiLoCo Baseline,streaming_baseline_5000,/data/yzhu/megatron-lm-moe-exp/logs/moe1b_streaming_baseline_5000_seed42_20260322_201831.log,0,eval,validation,periodic_validation,ppl,4250,,,,21.00694
3,streaming_baseline,Streaming DiLoCo Baseline,streaming_baseline_5000,/data/yzhu/megatron-lm-moe-exp/logs/moe1b_streaming_baseline_5000_seed42_20260322_201831.log,0,eval,validation,periodic_validation,ppl,4500,,,,20.97128
3,streaming_baseline,Streaming DiLoCo Baseline,streaming_baseline_5000,/data/yzhu/megatron-lm-moe-exp/logs/moe1b_streaming_baseline_5000_seed42_20260322_201831.log,0,eval,validation,periodic_validation,ppl,4750,,,,20.98207
3,streaming_baseline,Streaming DiLoCo Baseline,streaming_baseline_5000,/data/yzhu/megatron-lm-moe-exp/logs/moe1b_streaming_baseline_5000_seed42_20260322_201831.log,0,eval,validation,final_validation_set,ppl,5000,,,,20.83154
3,streaming_baseline,Streaming DiLoCo Baseline,streaming_baseline_5000,/data/yzhu/megatron-lm-moe-exp/logs/moe1b_streaming_baseline_5000_seed42_20260322_201831.log,0,eval,validation,periodic_validation,ppl,5000,,,,20.95184
3,streaming_baseline,Streaming DiLoCo Baseline,streaming_baseline_5000,/data/yzhu/megatron-lm-moe-exp/logs/moe1b_streaming_baseline_5000_seed42_20260322_201831.log,0,train,train,,loss,10,5000,10240,5953.5,9.503482
3,streaming_baseline,Streaming DiLoCo Baseline,streaming_baseline_5000,/data/yzhu/megatron-lm-moe-exp/logs/moe1b_streaming_baseline_5000_seed42_20260322_201831.log,0,train,train,,loss,20,5000,20480,6579.9,8.045292
3,streaming_baseline,Streaming DiLoCo Baseline,streaming_baseline_5000,/data/yzhu/megatron-lm-moe-exp/logs/moe1b_streaming_baseline_5000_seed42_20260322_201831.log,0,train,train,,loss,30,5000,30720,11260.2,7.358506
3,streaming_baseline,Streaming DiLoCo Baseline,streaming_baseline_5000,/data/yzhu/megatron-lm-moe-exp/logs/moe1b_streaming_baseline_5000_seed42_20260322_201831.log,0,train,train,,loss,40,5000,40960,6477.3,7.064572
3,streaming_baseline,Streaming DiLoCo Baseline,streaming_baseline_5000,/data/yzhu/megatron-lm-moe-exp/logs/moe1b_streaming_baseline_5000_seed42_20260322_201831.log,0,train,train,,loss,50,5000,51200,5727.6,6.777083
3,streaming_baseline,Streaming DiLoCo Baseline,streaming_baseline_5000,/data/yzhu/megatron-lm-moe-exp/logs/moe1b_streaming_baseline_5000_seed42_20260322_201831.log,0,train,train,,loss,60,5000,61440,6034.0,6.502316
3,streaming_baseline,Streaming DiLoCo Baseline,streaming_baseline_5000,/data/yzhu/megatron-lm-moe-exp/logs/moe1b_streaming_baseline_5000_seed42_20260322_201831.log,0,train,train,,loss,70,5000,71680,5915.3,6.293217
3,streaming_baseline,Streaming DiLoCo Baseline,streaming_baseline_5000,/data/yzhu/megatron-lm-moe-exp/logs/moe1b_streaming_baseline_5000_seed42_20260322_201831.log,0,train,train,,loss,80,5000,81920,5966.0,6.15425
3,streaming_baseline,Streaming DiLoCo Baseline,streaming_baseline_5000,/data/yzhu/megatron-lm-moe-exp/logs/moe1b_streaming_baseline_5000_seed42_20260322_201831.log,0,train,train,,loss,90,5000,92160,5943.5,6.013639
3,streaming_baseline,Streaming DiLoCo Baseline,streaming_baseline_5000,/data/yzhu/megatron-lm-moe-exp/logs/moe1b_streaming_baseline_5000_seed42_20260322_201831.log,0,train,train,,loss,100,5000,102400,5939.0,5.893157
3,streaming_baseline,Streaming DiLoCo Baseline,streaming_baseline_5000,/data/yzhu/megatron-lm-moe-exp/logs/moe1b_streaming_baseline_5000_seed42_20260322_201831.log,0,train,train,,loss,110,5000,112640,5721.4,5.772595
3,streaming_baseline,Streaming DiLoCo Baseline,streaming_baseline_5000,/data/yzhu/megatron-lm-moe-exp/logs/moe1b_streaming_baseline_5000_seed42_20260322_201831.log,0,train,train,,loss,120,5000,122880,5756.4,5.634731
3,streaming_baseline,Streaming DiLoCo Baseline,streaming_baseline_5000,/data/yzhu/megatron-lm-moe-exp/logs/moe1b_streaming_baseline_5000_seed42_20260322_201831.log,0,train,train,,loss,130,5000,133120,5747.3,5.519798
3,streaming_baseline,Streaming DiLoCo Baseline,streaming_baseline_5000,/data/yzhu/megatron-lm-moe-exp/logs/moe1b_streaming_baseline_5000_seed42_20260322_201831.log,0,train,train,,loss,140,5000,143360,6100.2,5.406025
3,streaming_baseline,Streaming DiLoCo Baseline,streaming_baseline_5000,/data/yzhu/megatron-lm-moe-exp/logs/moe1b_streaming_baseline_5000_seed42_20260322_201831.log,0,train,train,,loss,150,5000,153600,5934.7,5.29595
3,streaming_baseline,Streaming DiLoCo Baseline,streaming_baseline_5000,/data/yzhu/megatron-lm-moe-exp/logs/moe1b_streaming_baseline_5000_seed42_20260322_201831.log,0,train,train,,loss,160,5000,163840,5912.5,5.196907
3,streaming_baseline,Streaming DiLoCo Baseline,streaming_baseline_5000,/data/yzhu/megatron-lm-moe-exp/logs/moe1b_streaming_baseline_5000_seed42_20260322_201831.log,0,train,train,,loss,170,5000,174080,5720.5,5.12246
3,streaming_baseline,Streaming DiLoCo Baseline,streaming_baseline_5000,/data/yzhu/megatron-lm-moe-exp/logs/moe1b_streaming_baseline_5000_seed42_20260322_201831.log,0,train,train,,loss,180,5000,184320,5894.7,5.034938
3,streaming_baseline,Streaming DiLoCo Baseline,streaming_baseline_5000,/data/yzhu/megatron-lm-moe-exp/logs/moe1b_streaming_baseline_5000_seed42_20260322_201831.log,0,train,train,,loss,190,5000,194560,5858.7,4.969158
3,streaming_baseline,Streaming DiLoCo Baseline,streaming_baseline_5000,/data/yzhu/megatron-lm-moe-exp/logs/moe1b_streaming_baseline_5000_seed42_20260322_201831.log,0,train,train,,loss,200,5000,204800,5887.9,4.890654
3,streaming_baseline,Streaming DiLoCo Baseline,streaming_baseline_5000,/data/yzhu/megatron-lm-moe-exp/logs/moe1b_streaming_baseline_5000_seed42_20260322_201831.log,0,train,train,,loss,210,5000,215040,5738.7,4.860464
3,streaming_baseline,Streaming DiLoCo Baseline,streaming_baseline_5000,/data/yzhu/megatron-lm-moe-exp/logs/moe1b_streaming_baseline_5000_seed42_20260322_201831.log,0,train,train,,loss,220,5000,225280,5753.0,4.790868
3,streaming_baseline,Streaming DiLoCo Baseline,streaming_baseline_5000,/data/yzhu/megatron-lm-moe-exp/logs/moe1b_streaming_baseline_5000_seed42_20260322_201831.log,0,train,train,,loss,230,5000,235520,5720.0,4.727738
3,streaming_baseline,Streaming DiLoCo Baseline,streaming_baseline_5000,/data/yzhu/megatron-lm-moe-exp/logs/moe1b_streaming_baseline_5000_seed42_20260322_201831.log,0,train,train,,loss,240,5000,245760,6093.3,4.667493
3,streaming_baseline,Streaming DiLoCo Baseline,streaming_baseline_5000,/data/yzhu/megatron-lm-moe-exp/logs/moe1b_streaming_baseline_5000_seed42_20260322_201831.log,0,train,train,,loss,250,5000,256000,5865.3,4.63394
3,streaming_baseline,Streaming DiLoCo Baseline,streaming_baseline_5000,/data/yzhu/megatron-lm-moe-exp/logs/moe1b_streaming_baseline_5000_seed42_20260322_201831.log,0,train,train,,loss,260,5000,266240,5880.2,4.599633
3,streaming_baseline,Streaming DiLoCo Baseline,streaming_baseline_5000,/data/yzhu/megatron-lm-moe-exp/logs/moe1b_streaming_baseline_5000_seed42_20260322_201831.log,0,train,train,,loss,270,5000,276480,5870.7,4.547667
3,streaming_baseline,Streaming DiLoCo Baseline,streaming_baseline_5000,/data/yzhu/megatron-lm-moe-exp/logs/moe1b_streaming_baseline_5000_seed42_20260322_201831.log,0,train,train,,loss,280,5000,286720,5855.8,4.511425
3,streaming_baseline,Streaming DiLoCo Baseline,streaming_baseline_5000,/data/yzhu/megatron-lm-moe-exp/logs/moe1b_streaming_baseline_5000_seed42_20260322_201831.log,0,train,train,,loss,290,5000,296960,5699.2,4.480268
3,streaming_baseline,Streaming DiLoCo Baseline,streaming_baseline_5000,/data/yzhu/megatron-lm-moe-exp/logs/moe1b_streaming_baseline_5000_seed42_20260322_201831.log,0,train,train,,loss,300,5000,307200,5893.2,4.433994
3,streaming_baseline,Streaming DiLoCo Baseline,streaming_baseline_5000,/data/yzhu/megatron-lm-moe-exp/logs/moe1b_streaming_baseline_5000_seed42_20260322_201831.log,0,train,train,,loss,310,5000,317440,5733.0,4.371527
3,streaming_baseline,Streaming DiLoCo Baseline,streaming_baseline_5000,/data/yzhu/megatron-lm-moe-exp/logs/moe1b_streaming_baseline_5000_seed42_20260322_201831.log,0,train,train,,loss,320,5000,327680,5740.7,4.344329
3,streaming_baseline,Streaming DiLoCo Baseline,streaming_baseline_5000,/data/yzhu/megatron-lm-moe-exp/logs/moe1b_streaming_baseline_5000_seed42_20260322_201831.log,0,train,train,,loss,330,5000,337920,6057.0,4.29635
3,streaming_baseline,Streaming DiLoCo Baseline,streaming_baseline_5000,/data/yzhu/megatron-lm-moe-exp/logs/moe1b_streaming_baseline_5000_seed42_20260322_201831.log,0,train,train,,loss,340,5000,348160,5914.9,4.258946
3,streaming_baseline,Streaming DiLoCo Baseline,streaming_baseline_5000,/data/yzhu/megatron-lm-moe-exp/logs/moe1b_streaming_baseline_5000_seed42_20260322_201831.log,0,train,train,,loss,350,5000,358400,5716.5,4.225305
3,streaming_baseline,Streaming DiLoCo Baseline,streaming_baseline_5000,/data/yzhu/megatron-lm-moe-exp/logs/moe1b_streaming_baseline_5000_seed42_20260322_201831.log,0,train,train,,loss,360,5000,368640,5870.0,4.188232
3,streaming_baseline,Streaming DiLoCo Baseline,streaming_baseline_5000,/data/yzhu/megatron-lm-moe-exp/logs/moe1b_streaming_baseline_5000_seed42_20260322_201831.log,0,train,train,,loss,370,5000,378880,5852.7,4.170113
3,streaming_baseline,Streaming DiLoCo Baseline,streaming_baseline_5000,/data/yzhu/megatron-lm-moe-exp/logs/moe1b_streaming_baseline_5000_seed42_20260322_201831.log,0,train,train,,loss,380,5000,389120,5871.8,4.150144
3,streaming_baseline,Streaming DiLoCo Baseline,streaming_baseline_5000,/data/yzhu/megatron-lm-moe-exp/logs/moe1b_streaming_baseline_5000_seed42_20260322_201831.log,0,train,train,,loss,390,5000,399360,5875.8,4.114708
3,streaming_baseline,Streaming DiLoCo Baseline,streaming_baseline_5000,/data/yzhu/megatron-lm-moe-exp/logs/moe1b_streaming_baseline_5000_seed42_20260322_201831.log,0,train,train,,loss,400,5000,409600,5749.1,4.105841
3,streaming_baseline,Streaming DiLoCo Baseline,streaming_baseline_5000,/data/yzhu/megatron-lm-moe-exp/logs/moe1b_streaming_baseline_5000_seed42_20260322_201831.log,0,train,train,,loss,410,5000,419840,5696.3,4.083379
3,streaming_baseline,Streaming DiLoCo Baseline,streaming_baseline_5000,/data/yzhu/megatron-lm-moe-exp/logs/moe1b_streaming_baseline_5000_seed42_20260322_201831.log,0,train,train,,loss,420,5000,430080,5790.1,4.062539
3,streaming_baseline,Streaming DiLoCo Baseline,streaming_baseline_5000,/data/yzhu/megatron-lm-moe-exp/logs/moe1b_streaming_baseline_5000_seed42_20260322_201831.log,0,train,train,,loss,430,5000,440320,5994.3,4.030358
3,streaming_baseline,Streaming DiLoCo Baseline,streaming_baseline_5000,/data/yzhu/megatron-lm-moe-exp/logs/moe1b_streaming_baseline_5000_seed42_20260322_201831.log,0,train,train,,loss,440,5000,450560,5920.5,4.014114
3,streaming_baseline,Streaming DiLoCo Baseline,streaming_baseline_5000,/data/yzhu/megatron-lm-moe-exp/logs/moe1b_streaming_baseline_5000_seed42_20260322_201831.log,0,train,train,,loss,450,5000,460800,5874.3,4.015654
3,streaming_baseline,Streaming DiLoCo Baseline,streaming_baseline_5000,/data/yzhu/megatron-lm-moe-exp/logs/moe1b_streaming_baseline_5000_seed42_20260322_201831.log,0,train,train,,loss,460,5000,471040,5884.7,3.967495
3,streaming_baseline,Streaming DiLoCo Baseline,streaming_baseline_5000,/data/yzhu/megatron-lm-moe-exp/logs/moe1b_streaming_baseline_5000_seed42_20260322_201831.log,0,train,train,,loss,470,5000,481280,5708.0,3.949778
3,streaming_baseline,Streaming DiLoCo Baseline,streaming_baseline_5000,/data/yzhu/megatron-lm-moe-exp/logs/moe1b_streaming_baseline_5000_seed42_20260322_201831.log,0,train,train,,loss,480,5000,491520,5876.0,3.963743
3,streaming_baseline,Streaming DiLoCo Baseline,streaming_baseline_5000,/data/yzhu/megatron-lm-moe-exp/logs/moe1b_streaming_baseline_5000_seed42_20260322_201831.log,0,train,train,,loss,490,5000,501760,5847.9,3.93495
3,streaming_baseline,Streaming DiLoCo Baseline,streaming_baseline_5000,/data/yzhu/megatron-lm-moe-exp/logs/moe1b_streaming_baseline_5000_seed42_20260322_201831.log,0,train,train,,loss,500,5000,512000,5744.1,3.92801
3,streaming_baseline,Streaming DiLoCo Baseline,streaming_baseline_5000,/data/yzhu/megatron-lm-moe-exp/logs/moe1b_streaming_baseline_5000_seed42_20260322_201831.log,0,train,train,,loss,510,5000,522240,5730.9,3.908945
3,streaming_baseline,Streaming DiLoCo Baseline,streaming_baseline_5000,/data/yzhu/megatron-lm-moe-exp/logs/moe1b_streaming_baseline_5000_seed42_20260322_201831.log,0,train,train,,loss,520,5000,532480,6021.5,3.890928
3,streaming_baseline,Streaming DiLoCo Baseline,streaming_baseline_5000,/data/yzhu/megatron-lm-moe-exp/logs/moe1b_streaming_baseline_5000_seed42_20260322_201831.log,0,train,train,,loss,530,5000,542720,5722.4,3.859641
3,streaming_baseline,Streaming DiLoCo Baseline,streaming_baseline_5000,/data/yzhu/megatron-lm-moe-exp/logs/moe1b_streaming_baseline_5000_seed42_20260322_201831.log,0,train,train,,loss,540,5000,552960,5891.5,3.865333
3,streaming_baseline,Streaming DiLoCo Baseline,streaming_baseline_5000,/data/yzhu/megatron-lm-moe-exp/logs/moe1b_streaming_baseline_5000_seed42_20260322_201831.log,0,train,train,,loss,550,5000,563200,5847.0,3.852521
3,streaming_baseline,Streaming DiLoCo Baseline,streaming_baseline_5000,/data/yzhu/megatron-lm-moe-exp/logs/moe1b_streaming_baseline_5000_seed42_20260322_201831.log,0,train,train,,loss,560,5000,573440,5886.2,3.849201
3,streaming_baseline,Streaming DiLoCo Baseline,streaming_baseline_5000,/data/yzhu/megatron-lm-moe-exp/logs/moe1b_streaming_baseline_5000_seed42_20260322_201831.log,0,train,train,,loss,570,5000,583680,5879.4,3.830153
3,streaming_baseline,Streaming DiLoCo Baseline,streaming_baseline_5000,/data/yzhu/megatron-lm-moe-exp/logs/moe1b_streaming_baseline_5000_seed42_20260322_201831.log,0,train,train,,loss,580,5000,593920,5871.2,3.83409
3,streaming_baseline,Streaming DiLoCo Baseline,streaming_baseline_5000,/data/yzhu/megatron-lm-moe-exp/logs/moe1b_streaming_baseline_5000_seed42_20260322_201831.log,0,train,train,,loss,590,5000,604160,5709.0,3.828014
3,streaming_baseline,Streaming DiLoCo Baseline,streaming_baseline_5000,/data/yzhu/megatron-lm-moe-exp/logs/moe1b_streaming_baseline_5000_seed42_20260322_201831.log,0,train,train,,loss,600,5000,614400,5751.5,3.816399
3,streaming_baseline,Streaming DiLoCo Baseline,streaming_baseline_5000,/data/yzhu/megatron-lm-moe-exp/logs/moe1b_streaming_baseline_5000_seed42_20260322_201831.log,0,train,train,,loss,610,5000,624640,5740.5,3.812934
3,streaming_baseline,Streaming DiLoCo Baseline,streaming_baseline_5000,/data/yzhu/megatron-lm-moe-exp/logs/moe1b_streaming_baseline_5000_seed42_20260322_201831.log,0,train,train,,loss,620,5000,634880,6061.8,3.769932
3,streaming_baseline,Streaming DiLoCo Baseline,streaming_baseline_5000,/data/yzhu/megatron-lm-moe-exp/logs/moe1b_streaming_baseline_5000_seed42_20260322_201831.log,0,train,train,,loss,630,5000,645120,5919.5,3.776777
3,streaming_baseline,Streaming DiLoCo Baseline,streaming_baseline_5000,/data/yzhu/megatron-lm-moe-exp/logs/moe1b_streaming_baseline_5000_seed42_20260322_201831.log,0,train,train,,loss,640,5000,655360,5893.0,3.768148
3,streaming_baseline,Streaming DiLoCo Baseline,streaming_baseline_5000,/data/yzhu/megatron-lm-moe-exp/logs/moe1b_streaming_baseline_5000_seed42_20260322_201831.log,0,train,train,,loss,650,5000,665600,5707.9,3.764852
3,streaming_baseline,Streaming DiLoCo Baseline,streaming_baseline_5000,/data/yzhu/megatron-lm-moe-exp/logs/moe1b_streaming_baseline_5000_seed42_20260322_201831.log,0,train,train,,loss,660,5000,675840,5887.9,3.759237
3,streaming_baseline,Streaming DiLoCo Baseline,streaming_baseline_5000,/data/yzhu/megatron-lm-moe-exp/logs/moe1b_streaming_baseline_5000_seed42_20260322_201831.log,0,train,train,,loss,670,5000,686080,5845.8,3.74823
3,streaming_baseline,Streaming DiLoCo Baseline,streaming_baseline_5000,/data/yzhu/megatron-lm-moe-exp/logs/moe1b_streaming_baseline_5000_seed42_20260322_201831.log,0,train,train,,loss,680,5000,696320,5878.1,3.717372
3,streaming_baseline,Streaming DiLoCo Baseline,streaming_baseline_5000,/data/yzhu/megatron-lm-moe-exp/logs/moe1b_streaming_baseline_5000_seed42_20260322_201831.log,0,train,train,,loss,690,5000,706560,5741.2,3.716142
3,streaming_baseline,Streaming DiLoCo Baseline,streaming_baseline_5000,/data/yzhu/megatron-lm-moe-exp/logs/moe1b_streaming_baseline_5000_seed42_20260322_201831.log,0,train,train,,loss,700,5000,716800,5744.3,3.722766
3,streaming_baseline,Streaming DiLoCo Baseline,streaming_baseline_5000,/data/yzhu/megatron-lm-moe-exp/logs/moe1b_streaming_baseline_5000_seed42_20260322_201831.log,0,train,train,,loss,710,5000,727040,5727.1,3.728592
3,streaming_baseline,Streaming DiLoCo Baseline,streaming_baseline_5000,/data/yzhu/megatron-lm-moe-exp/logs/moe1b_streaming_baseline_5000_seed42_20260322_201831.log,0,train,train,,loss,720,5000,737280,6035.0,3.663715
3,streaming_baseline,Streaming DiLoCo Baseline,streaming_baseline_5000,/data/yzhu/megatron-lm-moe-exp/logs/moe1b_streaming_baseline_5000_seed42_20260322_201831.log,0,train,train,,loss,730,5000,747520,5902.6,3.6971
3,streaming_baseline,Streaming DiLoCo Baseline,streaming_baseline_5000,/data/yzhu/megatron-lm-moe-exp/logs/moe1b_streaming_baseline_5000_seed42_20260322_201831.log,0,train,train,,loss,740,5000,757760,5869.5,3.682009
3,streaming_baseline,Streaming DiLoCo Baseline,streaming_baseline_5000,/data/yzhu/megatron-lm-moe-exp/logs/moe1b_streaming_baseline_5000_seed42_20260322_201831.log,0,train,train,,loss,750,5000,768000,5882.4,3.676528
3,streaming_baseline,Streaming DiLoCo Baseline,streaming_baseline_5000,/data/yzhu/megatron-lm-moe-exp/logs/moe1b_streaming_baseline_5000_seed42_20260322_201831.log,0,train,train,,loss,760,5000,778240,5881.4,3.682065
3,streaming_baseline,Streaming DiLoCo Baseline,streaming_baseline_5000,/data/yzhu/megatron-lm-moe-exp/logs/moe1b_streaming_baseline_5000_seed42_20260322_201831.log,0,train,train,,loss,770,5000,788480,5720.8,3.681371
3,streaming_baseline,Streaming DiLoCo Baseline,streaming_baseline_5000,/data/yzhu/megatron-lm-moe-exp/logs/moe1b_streaming_baseline_5000_seed42_20260322_201831.log,0,train,train,,loss,780,5000,798720,5861.8,3.673173
3,streaming_baseline,Streaming DiLoCo Baseline,streaming_baseline_5000,/data/yzhu/megatron-lm-moe-exp/logs/moe1b_streaming_baseline_5000_seed42_20260322_201831.log,0,train,train,,loss,790,5000,808960,5729.0,3.646564
3,streaming_baseline,Streaming DiLoCo Baseline,streaming_baseline_5000,/data/yzhu/megatron-lm-moe-exp/logs/moe1b_streaming_baseline_5000_seed42_20260322_201831.log,0,train,train,,loss,800,5000,819200,5758.4,3.652574
3,streaming_baseline,Streaming DiLoCo Baseline,streaming_baseline_5000,/data/yzhu/megatron-lm-moe-exp/logs/moe1b_streaming_baseline_5000_seed42_20260322_201831.log,0,train,train,,loss,810,5000,829440,6042.3,3.641297
3,streaming_baseline,Streaming DiLoCo Baseline,streaming_baseline_5000,/data/yzhu/megatron-lm-moe-exp/logs/moe1b_streaming_baseline_5000_seed42_20260322_201831.log,0,train,train,,loss,820,5000,839680,5925.1,3.638113
3,streaming_baseline,Streaming DiLoCo Baseline,streaming_baseline_5000,/data/yzhu/megatron-lm-moe-exp/logs/moe1b_streaming_baseline_5000_seed42_20260322_201831.log,0,train,train,,loss,830,5000,849920,5700.3,3.638369
3,streaming_baseline,Streaming DiLoCo Baseline,streaming_baseline_5000,/data/yzhu/megatron-lm-moe-exp/logs/moe1b_streaming_baseline_5000_seed42_20260322_201831.log,0,train,train,,loss,840,5000,860160,5877.1,3.624838
3,streaming_baseline,Streaming DiLoCo Baseline,streaming_baseline_5000,/data/yzhu/megatron-lm-moe-exp/logs/moe1b_streaming_baseline_5000_seed42_20260322_201831.log,0,train,train,,loss,850,5000,870400,5845.9,3.599968
3,streaming_baseline,Streaming DiLoCo Baseline,streaming_baseline_5000,/data/yzhu/megatron-lm-moe-exp/logs/moe1b_streaming_baseline_5000_seed42_20260322_201831.log,0,train,train,,loss,860,5000,880640,5877.0,3.611994
3,streaming_baseline,Streaming DiLoCo Baseline,streaming_baseline_5000,/data/yzhu/megatron-lm-moe-exp/logs/moe1b_streaming_baseline_5000_seed42_20260322_201831.log,0,train,train,,loss,870,5000,890880,5864.3,3.615918
3,streaming_baseline,Streaming DiLoCo Baseline,streaming_baseline_5000,/data/yzhu/megatron-lm-moe-exp/logs/moe1b_streaming_baseline_5000_seed42_20260322_201831.log,0,train,train,,loss,880,5000,901120,5743.4,3.612368
3,streaming_baseline,Streaming DiLoCo Baseline,streaming_baseline_5000,/data/yzhu/megatron-lm-moe-exp/logs/moe1b_streaming_baseline_5000_seed42_20260322_201831.log,0,train,train,,loss,890,5000,911360,5716.7,3.606297
3,streaming_baseline,Streaming DiLoCo Baseline,streaming_baseline_5000,/data/yzhu/megatron-lm-moe-exp/logs/moe1b_streaming_baseline_5000_seed42_20260322_201831.log,0,train,train,,loss,900,5000,921600,5773.7,3.60241
3,streaming_baseline,Streaming DiLoCo Baseline,streaming_baseline_5000,/data/yzhu/megatron-lm-moe-exp/logs/moe1b_streaming_baseline_5000_seed42_20260322_201831.log,0,train,train,,loss,910,5000,931840,6030.2,3.599828
3,streaming_baseline,Streaming DiLoCo Baseline,streaming_baseline_5000,/data/yzhu/megatron-lm-moe-exp/logs/moe1b_streaming_baseline_5000_seed42_20260322_201831.log,0,train,train,,loss,920,5000,942080,5913.7,3.578266
3,streaming_baseline,Streaming DiLoCo Baseline,streaming_baseline_5000,/data/yzhu/megatron-lm-moe-exp/logs/moe1b_streaming_baseline_5000_seed42_20260322_201831.log,0,train,train,,loss,930,5000,952320,5883.1,3.592233
3,streaming_baseline,Streaming DiLoCo Baseline,streaming_baseline_5000,/data/yzhu/megatron-lm-moe-exp/logs/moe1b_streaming_baseline_5000_seed42_20260322_201831.log,0,train,train,,loss,940,5000,962560,5876.3,3.577449
3,streaming_baseline,Streaming DiLoCo Baseline,streaming_baseline_5000,/data/yzhu/megatron-lm-moe-exp/logs/moe1b_streaming_baseline_5000_seed42_20260322_201831.log,0,train,train,,loss,950,5000,972800,5721.5,3.576074
3,streaming_baseline,Streaming DiLoCo Baseline,streaming_baseline_5000,/data/yzhu/megatron-lm-moe-exp/logs/moe1b_streaming_baseline_5000_seed42_20260322_201831.log,0,train,train,,loss,960,5000,983040,5881.6,3.554932
3,streaming_baseline,Streaming DiLoCo Baseline,streaming_baseline_5000,/data/yzhu/megatron-lm-moe-exp/logs/moe1b_streaming_baseline_5000_seed42_20260322_201831.log,0,train,train,,loss,970,5000,993280,5858.9,3.559478
3,streaming_baseline,Streaming DiLoCo Baseline,streaming_baseline_5000,/data/yzhu/megatron-lm-moe-exp/logs/moe1b_streaming_baseline_5000_seed42_20260322_201831.log,0,train,train,,loss,980,5000,1003520,6058.3,3.571732
3,streaming_baseline,Streaming DiLoCo Baseline,streaming_baseline_5000,/data/yzhu/megatron-lm-moe-exp/logs/moe1b_streaming_baseline_5000_seed42_20260322_201831.log,0,train,train,,loss,990,5000,1013760,5743.3,3.558724
3,streaming_baseline,Streaming DiLoCo Baseline,streaming_baseline_5000,/data/yzhu/megatron-lm-moe-exp/logs/moe1b_streaming_baseline_5000_seed42_20260322_201831.log,0,train,train,,loss,1000,5000,1024000,6050.6,3.557126
3,streaming_baseline,Streaming DiLoCo Baseline,streaming_baseline_5000,/data/yzhu/megatron-lm-moe-exp/logs/moe1b_streaming_baseline_5000_seed42_20260322_201831.log,0,train,train,,loss,1010,5000,1034240,6085.6,3.527539
3,streaming_baseline,Streaming DiLoCo Baseline,streaming_baseline_5000,/data/yzhu/megatron-lm-moe-exp/logs/moe1b_streaming_baseline_5000_seed42_20260322_201831.log,0,train,train,,loss,1020,5000,1044480,8052.4,3.53512
3,streaming_baseline,Streaming DiLoCo Baseline,streaming_baseline_5000,/data/yzhu/megatron-lm-moe-exp/logs/moe1b_streaming_baseline_5000_seed42_20260322_201831.log,0,train,train,,loss,1030,5000,1054720,7040.2,3.532699
3,streaming_baseline,Streaming DiLoCo Baseline,streaming_baseline_5000,/data/yzhu/megatron-lm-moe-exp/logs/moe1b_streaming_baseline_5000_seed42_20260322_201831.log,0,train,train,,loss,1040,5000,1064960,7869.0,3.527153
3,streaming_baseline,Streaming DiLoCo Baseline,streaming_baseline_5000,/data/yzhu/megatron-lm-moe-exp/logs/moe1b_streaming_baseline_5000_seed42_20260322_201831.log,0,train,train,,loss,1050,5000,1075200,9023.7,3.531343
3,streaming_baseline,Streaming DiLoCo Baseline,streaming_baseline_5000,/data/yzhu/megatron-lm-moe-exp/logs/moe1b_streaming_baseline_5000_seed42_20260322_201831.log,0,train,train,,loss,1060,5000,1085440,9640.9,3.508693
3,streaming_baseline,Streaming DiLoCo Baseline,streaming_baseline_5000,/data/yzhu/megatron-lm-moe-exp/logs/moe1b_streaming_baseline_5000_seed42_20260322_201831.log,0,train,train,,loss,1070,5000,1095680,5781.1,3.500256
3,streaming_baseline,Streaming DiLoCo Baseline,streaming_baseline_5000,/data/yzhu/megatron-lm-moe-exp/logs/moe1b_streaming_baseline_5000_seed42_20260322_201831.log,0,train,train,,loss,1080,5000,1105920,5725.4,3.525106
3,streaming_baseline,Streaming DiLoCo Baseline,streaming_baseline_5000,/data/yzhu/megatron-lm-moe-exp/logs/moe1b_streaming_baseline_5000_seed42_20260322_201831.log,0,train,train,,loss,1090,5000,1116160,5729.3,3.515385
3,streaming_baseline,Streaming DiLoCo Baseline,streaming_baseline_5000,/data/yzhu/megatron-lm-moe-exp/logs/moe1b_streaming_baseline_5000_seed42_20260322_201831.log,0,train,train,,loss,1100,5000,1126400,6009.3,3.500394
3,streaming_baseline,Streaming DiLoCo Baseline,streaming_baseline_5000,/data/yzhu/megatron-lm-moe-exp/logs/moe1b_streaming_baseline_5000_seed42_20260322_201831.log,0,train,train,,loss,1110,5000,1136640,5904.0,3.498847
3,streaming_baseline,Streaming DiLoCo Baseline,streaming_baseline_5000,/data/yzhu/megatron-lm-moe-exp/logs/moe1b_streaming_baseline_5000_seed42_20260322_201831.log,0,train,train,,loss,1120,5000,1146880,5861.5,3.51282
3,streaming_baseline,Streaming DiLoCo Baseline,streaming_baseline_5000,/data/yzhu/megatron-lm-moe-exp/logs/moe1b_streaming_baseline_5000_seed42_20260322_201831.log,0,train,train,,loss,1130,5000,1157120,5714.2,3.494199
3,streaming_baseline,Streaming DiLoCo Baseline,streaming_baseline_5000,/data/yzhu/megatron-lm-moe-exp/logs/moe1b_streaming_baseline_5000_seed42_20260322_201831.log,0,train,train,,loss,1140,5000,1167360,5889.3,3.480082
3,streaming_baseline,Streaming DiLoCo Baseline,streaming_baseline_5000,/data/yzhu/megatron-lm-moe-exp/logs/moe1b_streaming_baseline_5000_seed42_20260322_201831.log,0,train,train,,loss,1150,5000,1177600,5859.3,3.495175
3,streaming_baseline,Streaming DiLoCo Baseline,streaming_baseline_5000,/data/yzhu/megatron-lm-moe-exp/logs/moe1b_streaming_baseline_5000_seed42_20260322_201831.log,0,train,train,,loss,1160,5000,1187840,5879.9,3.489526
3,streaming_baseline,Streaming DiLoCo Baseline,streaming_baseline_5000,/data/yzhu/megatron-lm-moe-exp/logs/moe1b_streaming_baseline_5000_seed42_20260322_201831.log,0,train,train,,loss,1170,5000,1198080,5749.5,3.481656
3,streaming_baseline,Streaming DiLoCo Baseline,streaming_baseline_5000,/data/yzhu/megatron-lm-moe-exp/logs/moe1b_streaming_baseline_5000_seed42_20260322_201831.log,0,train,train,,loss,1180,5000,1208320,5749.4,3.469324
3,streaming_baseline,Streaming DiLoCo Baseline,streaming_baseline_5000,/data/yzhu/megatron-lm-moe-exp/logs/moe1b_streaming_baseline_5000_seed42_20260322_201831.log,0,train,train,,loss,1190,5000,1218560,5723.4,3.465925
3,streaming_baseline,Streaming DiLoCo Baseline,streaming_baseline_5000,/data/yzhu/megatron-lm-moe-exp/logs/moe1b_streaming_baseline_5000_seed42_20260322_201831.log,0,train,train,,loss,1200,5000,1228800,6028.2,3.464929
3,streaming_baseline,Streaming DiLoCo Baseline,streaming_baseline_5000,/data/yzhu/megatron-lm-moe-exp/logs/moe1b_streaming_baseline_5000_seed42_20260322_201831.log,0,train,train,,loss,1210,5000,1239040,5871.0,3.455692
3,streaming_baseline,Streaming DiLoCo Baseline,streaming_baseline_5000,/data/yzhu/megatron-lm-moe-exp/logs/moe1b_streaming_baseline_5000_seed42_20260322_201831.log,0,train,train,,loss,1220,5000,1249280,5882.1,3.463578
3,streaming_baseline,Streaming DiLoCo Baseline,streaming_baseline_5000,/data/yzhu/megatron-lm-moe-exp/logs/moe1b_streaming_baseline_5000_seed42_20260322_201831.log,0,train,train,,loss,1230,5000,1259520,5885.6,3.45889
3,streaming_baseline,Streaming DiLoCo Baseline,streaming_baseline_5000,/data/yzhu/megatron-lm-moe-exp/logs/moe1b_streaming_baseline_5000_seed42_20260322_201831.log,0,train,train,,loss,1240,5000,1269760,5867.3,3.453514
3,streaming_baseline,Streaming DiLoCo Baseline,streaming_baseline_5000,/data/yzhu/megatron-lm-moe-exp/logs/moe1b_streaming_baseline_5000_seed42_20260322_201831.log,0,train,train,,loss,1250,5000,1280000,5714.2,3.456554
3,streaming_baseline,Streaming DiLoCo Baseline,streaming_baseline_5000,/data/yzhu/megatron-lm-moe-exp/logs/moe1b_streaming_baseline_5000_seed42_20260322_201831.log,0,train,train,,loss,1260,5000,1290240,5863.0,3.468244
3,streaming_baseline,Streaming DiLoCo Baseline,streaming_baseline_5000,/data/yzhu/megatron-lm-moe-exp/logs/moe1b_streaming_baseline_5000_seed42_20260322_201831.log,0,train,train,,loss,1270,5000,1300480,5724.0,3.446912
3,streaming_baseline,Streaming DiLoCo Baseline,streaming_baseline_5000,/data/yzhu/megatron-lm-moe-exp/logs/moe1b_streaming_baseline_5000_seed42_20260322_201831.log,0,train,train,,loss,1280,5000,1310720,5749.9,3.434105
3,streaming_baseline,Streaming DiLoCo Baseline,streaming_baseline_5000,/data/yzhu/megatron-lm-moe-exp/logs/moe1b_streaming_baseline_5000_seed42_20260322_201831.log,0,train,train,,loss,1290,5000,1320960,6026.1,3.449858
3,streaming_baseline,Streaming DiLoCo Baseline,streaming_baseline_5000,/data/yzhu/megatron-lm-moe-exp/logs/moe1b_streaming_baseline_5000_seed42_20260322_201831.log,0,train,train,,loss,1300,5000,1331200,5923.7,3.440165
3,streaming_baseline,Streaming DiLoCo Baseline,streaming_baseline_5000,/data/yzhu/megatron-lm-moe-exp/logs/moe1b_streaming_baseline_5000_seed42_20260322_201831.log,0,train,train,,loss,1310,5000,1341440,5708.1,3.4389
3,streaming_baseline,Streaming DiLoCo Baseline,streaming_baseline_5000,/data/yzhu/megatron-lm-moe-exp/logs/moe1b_streaming_baseline_5000_seed42_20260322_201831.log,0,train,train,,loss,1320,5000,1351680,5901.4,3.449879
3,streaming_baseline,Streaming DiLoCo Baseline,streaming_baseline_5000,/data/yzhu/megatron-lm-moe-exp/logs/moe1b_streaming_baseline_5000_seed42_20260322_201831.log,0,train,train,,loss,1330,5000,1361920,5849.1,3.440374
3,streaming_baseline,Streaming DiLoCo Baseline,streaming_baseline_5000,/data/yzhu/megatron-lm-moe-exp/logs/moe1b_streaming_baseline_5000_seed42_20260322_201831.log,0,train,train,,loss,1340,5000,1372160,5876.1,3.428858
3,streaming_baseline,Streaming DiLoCo Baseline,streaming_baseline_5000,/data/yzhu/megatron-lm-moe-exp/logs/moe1b_streaming_baseline_5000_seed42_20260322_201831.log,0,train,train,,loss,1350,5000,1382400,5885.9,3.423157
3,streaming_baseline,Streaming DiLoCo Baseline,streaming_baseline_5000,/data/yzhu/megatron-lm-moe-exp/logs/moe1b_streaming_baseline_5000_seed42_20260322_201831.log,0,train,train,,loss,1360,5000,1392640,5734.7,3.433022
3,streaming_baseline,Streaming DiLoCo Baseline,streaming_baseline_5000,/data/yzhu/megatron-lm-moe-exp/logs/moe1b_streaming_baseline_5000_seed42_20260322_201831.log,0,train,train,,loss,1370,5000,1402880,5699.1,3.402012
3,streaming_baseline,Streaming DiLoCo Baseline,streaming_baseline_5000,/data/yzhu/megatron-lm-moe-exp/logs/moe1b_streaming_baseline_5000_seed42_20260322_201831.log,0,train,train,,loss,1380,5000,1413120,5765.8,3.416282
3,streaming_baseline,Streaming DiLoCo Baseline,streaming_baseline_5000,/data/yzhu/megatron-lm-moe-exp/logs/moe1b_streaming_baseline_5000_seed42_20260322_201831.log,0,train,train,,loss,1390,5000,1423360,5991.9,3.401865
3,streaming_baseline,Streaming DiLoCo Baseline,streaming_baseline_5000,/data/yzhu/megatron-lm-moe-exp/logs/moe1b_streaming_baseline_5000_seed42_20260322_201831.log,0,train,train,,loss,1400,5000,1433600,5913.3,3.408258
3,streaming_baseline,Streaming DiLoCo Baseline,streaming_baseline_5000,/data/yzhu/megatron-lm-moe-exp/logs/moe1b_streaming_baseline_5000_seed42_20260322_201831.log,0,train,train,,loss,1410,5000,1443840,5882.8,3.411352
3,streaming_baseline,Streaming DiLoCo Baseline,streaming_baseline_5000,/data/yzhu/megatron-lm-moe-exp/logs/moe1b_streaming_baseline_5000_seed42_20260322_201831.log,0,train,train,,loss,1420,5000,1454080,5870.4,3.395278
3,streaming_baseline,Streaming DiLoCo Baseline,streaming_baseline_5000,/data/yzhu/megatron-lm-moe-exp/logs/moe1b_streaming_baseline_5000_seed42_20260322_201831.log,0,train,train,,loss,1430,5000,1464320,5699.3,3.41221
3,streaming_baseline,Streaming DiLoCo Baseline,streaming_baseline_5000,/data/yzhu/megatron-lm-moe-exp/logs/moe1b_streaming_baseline_5000_seed42_20260322_201831.log,0,train,train,,loss,1440,5000,1474560,5882.7,3.400059
3,streaming_baseline,Streaming DiLoCo Baseline,streaming_baseline_5000,/data/yzhu/megatron-lm-moe-exp/logs/moe1b_streaming_baseline_5000_seed42_20260322_201831.log,0,train,train,,loss,1450,5000,1484800,5845.7,3.380388
3,streaming_baseline,Streaming DiLoCo Baseline,streaming_baseline_5000,/data/yzhu/megatron-lm-moe-exp/logs/moe1b_streaming_baseline_5000_seed42_20260322_201831.log,0,train,train,,loss,1460,5000,1495040,5740.9,3.403767
3,streaming_baseline,Streaming DiLoCo Baseline,streaming_baseline_5000,/data/yzhu/megatron-lm-moe-exp/logs/moe1b_streaming_baseline_5000_seed42_20260322_201831.log,0,train,train,,loss,1470,5000,1505280,5747.0,3.385036
3,streaming_baseline,Streaming DiLoCo Baseline,streaming_baseline_5000,/data/yzhu/megatron-lm-moe-exp/logs/moe1b_streaming_baseline_5000_seed42_20260322_201831.log,0,train,train,,loss,1480,5000,1515520,6013.6,3.374422
3,streaming_baseline,Streaming DiLoCo Baseline,streaming_baseline_5000,/data/yzhu/megatron-lm-moe-exp/logs/moe1b_streaming_baseline_5000_seed42_20260322_201831.log,0,train,train,,loss,1490,5000,1525760,5710.9,3.390464
3,streaming_baseline,Streaming DiLoCo Baseline,streaming_baseline_5000,/data/yzhu/megatron-lm-moe-exp/logs/moe1b_streaming_baseline_5000_seed42_20260322_201831.log,0,train,train,,loss,1500,5000,1536000,5911.2,3.385966
3,streaming_baseline,Streaming DiLoCo Baseline,streaming_baseline_5000,/data/yzhu/megatron-lm-moe-exp/logs/moe1b_streaming_baseline_5000_seed42_20260322_201831.log,0,train,train,,loss,1510,5000,1546240,5846.0,3.384341
3,streaming_baseline,Streaming DiLoCo Baseline,streaming_baseline_5000,/data/yzhu/megatron-lm-moe-exp/logs/moe1b_streaming_baseline_5000_seed42_20260322_201831.log,0,train,train,,loss,1520,5000,1556480,5867.1,3.381139
3,streaming_baseline,Streaming DiLoCo Baseline,streaming_baseline_5000,/data/yzhu/megatron-lm-moe-exp/logs/moe1b_streaming_baseline_5000_seed42_20260322_201831.log,0,train,train,,loss,1530,5000,1566720,5871.7,3.396083
3,streaming_baseline,Streaming DiLoCo Baseline,streaming_baseline_5000,/data/yzhu/megatron-lm-moe-exp/logs/moe1b_streaming_baseline_5000_seed42_20260322_201831.log,0,train,train,,loss,1540,5000,1576960,5865.0,3.394501
3,streaming_baseline,Streaming DiLoCo Baseline,streaming_baseline_5000,/data/yzhu/megatron-lm-moe-exp/logs/moe1b_streaming_baseline_5000_seed42_20260322_201831.log,0,train,train,,loss,1550,5000,1587200,5689.2,3.383361
3,streaming_baseline,Streaming DiLoCo Baseline,streaming_baseline_5000,/data/yzhu/megatron-lm-moe-exp/logs/moe1b_streaming_baseline_5000_seed42_20260322_201831.log,0,train,train,,loss,1560,5000,1597440,5733.8,3.372884
3,streaming_baseline,Streaming DiLoCo Baseline,streaming_baseline_5000,/data/yzhu/megatron-lm-moe-exp/logs/moe1b_streaming_baseline_5000_seed42_20260322_201831.log,0,train,train,,loss,1570,5000,1607680,5722.5,3.378535
3,streaming_baseline,Streaming DiLoCo Baseline,streaming_baseline_5000,/data/yzhu/megatron-lm-moe-exp/logs/moe1b_streaming_baseline_5000_seed42_20260322_201831.log,0,train,train,,loss,1580,5000,1617920,6018.9,3.367328
3,streaming_baseline,Streaming DiLoCo Baseline,streaming_baseline_5000,/data/yzhu/megatron-lm-moe-exp/logs/moe1b_streaming_baseline_5000_seed42_20260322_201831.log,0,train,train,,loss,1590,5000,1628160,5907.9,3.373112
3,streaming_baseline,Streaming DiLoCo Baseline,streaming_baseline_5000,/data/yzhu/megatron-lm-moe-exp/logs/moe1b_streaming_baseline_5000_seed42_20260322_201831.log,0,train,train,,loss,1600,5000,1638400,5860.1,3.367757
3,streaming_baseline,Streaming DiLoCo Baseline,streaming_baseline_5000,/data/yzhu/megatron-lm-moe-exp/logs/moe1b_streaming_baseline_5000_seed42_20260322_201831.log,0,train,train,,loss,1610,5000,1648640,5698.5,3.359429
3,streaming_baseline,Streaming DiLoCo Baseline,streaming_baseline_5000,/data/yzhu/megatron-lm-moe-exp/logs/moe1b_streaming_baseline_5000_seed42_20260322_201831.log,0,train,train,,loss,1620,5000,1658880,5885.7,3.349717
3,streaming_baseline,Streaming DiLoCo Baseline,streaming_baseline_5000,/data/yzhu/megatron-lm-moe-exp/logs/moe1b_streaming_baseline_5000_seed42_20260322_201831.log,0,train,train,,loss,1630,5000,1669120,5829.5,3.354032
3,streaming_baseline,Streaming DiLoCo Baseline,streaming_baseline_5000,/data/yzhu/megatron-lm-moe-exp/logs/moe1b_streaming_baseline_5000_seed42_20260322_201831.log,0,train,train,,loss,1640,5000,1679360,5878.2,3.370324
3,streaming_baseline,Streaming DiLoCo Baseline,streaming_baseline_5000,/data/yzhu/megatron-lm-moe-exp/logs/moe1b_streaming_baseline_5000_seed42_20260322_201831.log,0,train,train,,loss,1650,5000,1689600,5730.7,3.354178
3,streaming_baseline,Streaming DiLoCo Baseline,streaming_baseline_5000,/data/yzhu/megatron-lm-moe-exp/logs/moe1b_streaming_baseline_5000_seed42_20260322_201831.log,0,train,train,,loss,1660,5000,1699840,5737.4,3.361259
3,streaming_baseline,Streaming DiLoCo Baseline,streaming_baseline_5000,/data/yzhu/megatron-lm-moe-exp/logs/moe1b_streaming_baseline_5000_seed42_20260322_201831.log,0,train,train,,loss,1670,5000,1710080,5708.3,3.341887
3,streaming_baseline,Streaming DiLoCo Baseline,streaming_baseline_5000,/data/yzhu/megatron-lm-moe-exp/logs/moe1b_streaming_baseline_5000_seed42_20260322_201831.log,0,train,train,,loss,1680,5000,1720320,6017.2,3.338283
3,streaming_baseline,Streaming DiLoCo Baseline,streaming_baseline_5000,/data/yzhu/megatron-lm-moe-exp/logs/moe1b_streaming_baseline_5000_seed42_20260322_201831.log,0,train,train,,loss,1690,5000,1730560,5872.9,3.327962
3,streaming_baseline,Streaming DiLoCo Baseline,streaming_baseline_5000,/data/yzhu/megatron-lm-moe-exp/logs/moe1b_streaming_baseline_5000_seed42_20260322_201831.log,0,train,train,,loss,1700,5000,1740800,5863.0,3.340582
3,streaming_baseline,Streaming DiLoCo Baseline,streaming_baseline_5000,/data/yzhu/megatron-lm-moe-exp/logs/moe1b_streaming_baseline_5000_seed42_20260322_201831.log,0,train,train,,loss,1710,5000,1751040,5879.8,3.329613
3,streaming_baseline,Streaming DiLoCo Baseline,streaming_baseline_5000,/data/yzhu/megatron-lm-moe-exp/logs/moe1b_streaming_baseline_5000_seed42_20260322_201831.log,0,train,train,,loss,1720,5000,1761280,5873.1,3.321144
3,streaming_baseline,Streaming DiLoCo Baseline,streaming_baseline_5000,/data/yzhu/megatron-lm-moe-exp/logs/moe1b_streaming_baseline_5000_seed42_20260322_201831.log,0,train,train,,loss,1730,5000,1771520,5714.7,3.324911
3,streaming_baseline,Streaming DiLoCo Baseline,streaming_baseline_5000,/data/yzhu/megatron-lm-moe-exp/logs/moe1b_streaming_baseline_5000_seed42_20260322_201831.log,0,train,train,,loss,1740,5000,1781760,5856.7,3.337618
3,streaming_baseline,Streaming DiLoCo Baseline,streaming_baseline_5000,/data/yzhu/megatron-lm-moe-exp/logs/moe1b_streaming_baseline_5000_seed42_20260322_201831.log,0,train,train,,loss,1750,5000,1792000,5720.0,3.316728
3,streaming_baseline,Streaming DiLoCo Baseline,streaming_baseline_5000,/data/yzhu/megatron-lm-moe-exp/logs/moe1b_streaming_baseline_5000_seed42_20260322_201831.log,0,train,train,,loss,1760,5000,1802240,5726.0,3.332861
3,streaming_baseline,Streaming DiLoCo Baseline,streaming_baseline_5000,/data/yzhu/megatron-lm-moe-exp/logs/moe1b_streaming_baseline_5000_seed42_20260322_201831.log,0,train,train,,loss,1770,5000,1812480,6019.8,3.323491
3,streaming_baseline,Streaming DiLoCo Baseline,streaming_baseline_5000,/data/yzhu/megatron-lm-moe-exp/logs/moe1b_streaming_baseline_5000_seed42_20260322_201831.log,0,train,train,,loss,1780,5000,1822720,5887.6,3.331486
3,streaming_baseline,Streaming DiLoCo Baseline,streaming_baseline_5000,/data/yzhu/megatron-lm-moe-exp/logs/moe1b_streaming_baseline_5000_seed42_20260322_201831.log,0,train,train,,loss,1790,5000,1832960,5700.4,3.325242
3,streaming_baseline,Streaming DiLoCo Baseline,streaming_baseline_5000,/data/yzhu/megatron-lm-moe-exp/logs/moe1b_streaming_baseline_5000_seed42_20260322_201831.log,0,train,train,,loss,1800,5000,1843200,5857.5,3.315395
3,streaming_baseline,Streaming DiLoCo Baseline,streaming_baseline_5000,/data/yzhu/megatron-lm-moe-exp/logs/moe1b_streaming_baseline_5000_seed42_20260322_201831.log,0,train,train,,loss,1810,5000,1853440,5849.7,3.31923
3,streaming_baseline,Streaming DiLoCo Baseline,streaming_baseline_5000,/data/yzhu/megatron-lm-moe-exp/logs/moe1b_streaming_baseline_5000_seed42_20260322_201831.log,0,train,train,,loss,1820,5000,1863680,5868.7,3.294883
3,streaming_baseline,Streaming DiLoCo Baseline,streaming_baseline_5000,/data/yzhu/megatron-lm-moe-exp/logs/moe1b_streaming_baseline_5000_seed42_20260322_201831.log,0,train,train,,loss,1830,5000,1873920,5857.1,3.307472
3,streaming_baseline,Streaming DiLoCo Baseline,streaming_baseline_5000,/data/yzhu/megatron-lm-moe-exp/logs/moe1b_streaming_baseline_5000_seed42_20260322_201831.log,0,train,train,,loss,1840,5000,1884160,5734.8,3.308128
3,streaming_baseline,Streaming DiLoCo Baseline,streaming_baseline_5000,/data/yzhu/megatron-lm-moe-exp/logs/moe1b_streaming_baseline_5000_seed42_20260322_201831.log,0,train,train,,loss,1850,5000,1894400,5693.4,3.306568
3,streaming_baseline,Streaming DiLoCo Baseline,streaming_baseline_5000,/data/yzhu/megatron-lm-moe-exp/logs/moe1b_streaming_baseline_5000_seed42_20260322_201831.log,0,train,train,,loss,1860,5000,1904640,5758.8,3.303942
3,streaming_baseline,Streaming DiLoCo Baseline,streaming_baseline_5000,/data/yzhu/megatron-lm-moe-exp/logs/moe1b_streaming_baseline_5000_seed42_20260322_201831.log,0,train,train,,loss,1870,5000,1914880,5968.2,3.306891
3,streaming_baseline,Streaming DiLoCo Baseline,streaming_baseline_5000,/data/yzhu/megatron-lm-moe-exp/logs/moe1b_streaming_baseline_5000_seed42_20260322_201831.log,0,train,train,,loss,1880,5000,1925120,5906.8,3.30053
3,streaming_baseline,Streaming DiLoCo Baseline,streaming_baseline_5000,/data/yzhu/megatron-lm-moe-exp/logs/moe1b_streaming_baseline_5000_seed42_20260322_201831.log,0,train,train,,loss,1890,5000,1935360,5856.5,3.285051
3,streaming_baseline,Streaming DiLoCo Baseline,streaming_baseline_5000,/data/yzhu/megatron-lm-moe-exp/logs/moe1b_streaming_baseline_5000_seed42_20260322_201831.log,0,train,train,,loss,1900,5000,1945600,5875.2,3.301995
3,streaming_baseline,Streaming DiLoCo Baseline,streaming_baseline_5000,/data/yzhu/megatron-lm-moe-exp/logs/moe1b_streaming_baseline_5000_seed42_20260322_201831.log,0,train,train,,loss,1910,5000,1955840,5700.0,3.300566
3,streaming_baseline,Streaming DiLoCo Baseline,streaming_baseline_5000,/data/yzhu/megatron-lm-moe-exp/logs/moe1b_streaming_baseline_5000_seed42_20260322_201831.log,0,train,train,,loss,1920,5000,1966080,5852.0,3.301786
3,streaming_baseline,Streaming DiLoCo Baseline,streaming_baseline_5000,/data/yzhu/megatron-lm-moe-exp/logs/moe1b_streaming_baseline_5000_seed42_20260322_201831.log,0,train,train,,loss,1930,5000,1976320,5853.9,3.284825
3,streaming_baseline,Streaming DiLoCo Baseline,streaming_baseline_5000,/data/yzhu/megatron-lm-moe-exp/logs/moe1b_streaming_baseline_5000_seed42_20260322_201831.log,0,train,train,,loss,1940,5000,1986560,5731.1,3.295695
3,streaming_baseline,Streaming DiLoCo Baseline,streaming_baseline_5000,/data/yzhu/megatron-lm-moe-exp/logs/moe1b_streaming_baseline_5000_seed42_20260322_201831.log,0,train,train,,loss,1950,5000,1996800,5757.6,3.294882
3,streaming_baseline,Streaming DiLoCo Baseline,streaming_baseline_5000,/data/yzhu/megatron-lm-moe-exp/logs/moe1b_streaming_baseline_5000_seed42_20260322_201831.log,0,train,train,,loss,1960,5000,2007040,6008.8,3.290592
3,streaming_baseline,Streaming DiLoCo Baseline,streaming_baseline_5000,/data/yzhu/megatron-lm-moe-exp/logs/moe1b_streaming_baseline_5000_seed42_20260322_201831.log,0,train,train,,loss,1970,5000,2017280,5703.6,3.294041
3,streaming_baseline,Streaming DiLoCo Baseline,streaming_baseline_5000,/data/yzhu/megatron-lm-moe-exp/logs/moe1b_streaming_baseline_5000_seed42_20260322_201831.log,0,train,train,,loss,1980,5000,2027520,5905.8,3.311158
3,streaming_baseline,Streaming DiLoCo Baseline,streaming_baseline_5000,/data/yzhu/megatron-lm-moe-exp/logs/moe1b_streaming_baseline_5000_seed42_20260322_201831.log,0,train,train,,loss,1990,5000,2037760,5834.6,3.280326
3,streaming_baseline,Streaming DiLoCo Baseline,streaming_baseline_5000,/data/yzhu/megatron-lm-moe-exp/logs/moe1b_streaming_baseline_5000_seed42_20260322_201831.log,0,train,train,,loss,2000,5000,2048000,5877.7,3.281417
3,streaming_baseline,Streaming DiLoCo Baseline,streaming_baseline_5000,/data/yzhu/megatron-lm-moe-exp/logs/moe1b_streaming_baseline_5000_seed42_20260322_201831.log,0,train,train,,loss,2010,5000,2058240,10971.3,3.298466
3,streaming_baseline,Streaming DiLoCo Baseline,streaming_baseline_5000,/data/yzhu/megatron-lm-moe-exp/logs/moe1b_streaming_baseline_5000_seed42_20260322_201831.log,0,train,train,,loss,2020,5000,2068480,10509.8,3.284718
3,streaming_baseline,Streaming DiLoCo Baseline,streaming_baseline_5000,/data/yzhu/megatron-lm-moe-exp/logs/moe1b_streaming_baseline_5000_seed42_20260322_201831.log,0,train,train,,loss,2030,5000,2078720,12926.2,3.282516
3,streaming_baseline,Streaming DiLoCo Baseline,streaming_baseline_5000,/data/yzhu/megatron-lm-moe-exp/logs/moe1b_streaming_baseline_5000_seed42_20260322_201831.log,0,train,train,,loss,2040,5000,2088960,12053.0,3.29105
3,streaming_baseline,Streaming DiLoCo Baseline,streaming_baseline_5000,/data/yzhu/megatron-lm-moe-exp/logs/moe1b_streaming_baseline_5000_seed42_20260322_201831.log,0,train,train,,loss,2050,5000,2099200,6835.1,3.264747
3,streaming_baseline,Streaming DiLoCo Baseline,streaming_baseline_5000,/data/yzhu/megatron-lm-moe-exp/logs/moe1b_streaming_baseline_5000_seed42_20260322_201831.log,0,train,train,,loss,2060,5000,2109440,6003.4,3.26119
3,streaming_baseline,Streaming DiLoCo Baseline,streaming_baseline_5000,/data/yzhu/megatron-lm-moe-exp/logs/moe1b_streaming_baseline_5000_seed42_20260322_201831.log,0,train,train,,loss,2070,5000,2119680,5889.7,3.269645
3,streaming_baseline,Streaming DiLoCo Baseline,streaming_baseline_5000,/data/yzhu/megatron-lm-moe-exp/logs/moe1b_streaming_baseline_5000_seed42_20260322_201831.log,0,train,train,,loss,2080,5000,2129920,5853.2,3.260014
3,streaming_baseline,Streaming DiLoCo Baseline,streaming_baseline_5000,/data/yzhu/megatron-lm-moe-exp/logs/moe1b_streaming_baseline_5000_seed42_20260322_201831.log,0,train,train,,loss,2090,5000,2140160,5714.1,3.253145
3,streaming_baseline,Streaming DiLoCo Baseline,streaming_baseline_5000,/data/yzhu/megatron-lm-moe-exp/logs/moe1b_streaming_baseline_5000_seed42_20260322_201831.log,0,train,train,,loss,2100,5000,2150400,5871.6,3.270155
3,streaming_baseline,Streaming DiLoCo Baseline,streaming_baseline_5000,/data/yzhu/megatron-lm-moe-exp/logs/moe1b_streaming_baseline_5000_seed42_20260322_201831.log,0,train,train,,loss,2110,5000,2160640,5841.8,3.262397
3,streaming_baseline,Streaming DiLoCo Baseline,streaming_baseline_5000,/data/yzhu/megatron-lm-moe-exp/logs/moe1b_streaming_baseline_5000_seed42_20260322_201831.log,0,train,train,,loss,2120,5000,2170880,5870.2,3.275798
3,streaming_baseline,Streaming DiLoCo Baseline,streaming_baseline_5000,/data/yzhu/megatron-lm-moe-exp/logs/moe1b_streaming_baseline_5000_seed42_20260322_201831.log,0,train,train,,loss,2130,5000,2181120,5736.4,3.272807
3,streaming_baseline,Streaming DiLoCo Baseline,streaming_baseline_5000,/data/yzhu/megatron-lm-moe-exp/logs/moe1b_streaming_baseline_5000_seed42_20260322_201831.log,0,train,train,,loss,2140,5000,2191360,5753.0,3.278416
3,streaming_baseline,Streaming DiLoCo Baseline,streaming_baseline_5000,/data/yzhu/megatron-lm-moe-exp/logs/moe1b_streaming_baseline_5000_seed42_20260322_201831.log,0,train,train,,loss,2150,5000,2201600,5730.1,3.258646
3,streaming_baseline,Streaming DiLoCo Baseline,streaming_baseline_5000,/data/yzhu/megatron-lm-moe-exp/logs/moe1b_streaming_baseline_5000_seed42_20260322_201831.log,0,train,train,,loss,2160,5000,2211840,6018.6,3.245354
3,streaming_baseline,Streaming DiLoCo Baseline,streaming_baseline_5000,/data/yzhu/megatron-lm-moe-exp/logs/moe1b_streaming_baseline_5000_seed42_20260322_201831.log,0,train,train,,loss,2170,5000,2222080,5878.6,3.266761
3,streaming_baseline,Streaming DiLoCo Baseline,streaming_baseline_5000,/data/yzhu/megatron-lm-moe-exp/logs/moe1b_streaming_baseline_5000_seed42_20260322_201831.log,0,train,train,,loss,2180,5000,2232320,5895.0,3.233485
3,streaming_baseline,Streaming DiLoCo Baseline,streaming_baseline_5000,/data/yzhu/megatron-lm-moe-exp/logs/moe1b_streaming_baseline_5000_seed42_20260322_201831.log,0,train,train,,loss,2190,5000,2242560,5873.1,3.259998
3,streaming_baseline,Streaming DiLoCo Baseline,streaming_baseline_5000,/data/yzhu/megatron-lm-moe-exp/logs/moe1b_streaming_baseline_5000_seed42_20260322_201831.log,0,train,train,,loss,2200,5000,2252800,5886.7,3.242646
3,streaming_baseline,Streaming DiLoCo Baseline,streaming_baseline_5000,/data/yzhu/megatron-lm-moe-exp/logs/moe1b_streaming_baseline_5000_seed42_20260322_201831.log,0,train,train,,loss,2210,5000,2263040,5710.0,3.24712
3,streaming_baseline,Streaming DiLoCo Baseline,streaming_baseline_5000,/data/yzhu/megatron-lm-moe-exp/logs/moe1b_streaming_baseline_5000_seed42_20260322_201831.log,0,train,train,,loss,2220,5000,2273280,5871.5,3.258805
3,streaming_baseline,Streaming DiLoCo Baseline,streaming_baseline_5000,/data/yzhu/megatron-lm-moe-exp/logs/moe1b_streaming_baseline_5000_seed42_20260322_201831.log,0,train,train,,loss,2230,5000,2283520,5732.5,3.252507
3,streaming_baseline,Streaming DiLoCo Baseline,streaming_baseline_5000,/data/yzhu/megatron-lm-moe-exp/logs/moe1b_streaming_baseline_5000_seed42_20260322_201831.log,0,train,train,,loss,2240,5000,2293760,5748.8,3.249314
3,streaming_baseline,Streaming DiLoCo Baseline,streaming_baseline_5000,/data/yzhu/megatron-lm-moe-exp/logs/moe1b_streaming_baseline_5000_seed42_20260322_201831.log,0,train,train,,loss,2250,5000,2304000,6013.6,3.241073
3,streaming_baseline,Streaming DiLoCo Baseline,streaming_baseline_5000,/data/yzhu/megatron-lm-moe-exp/logs/moe1b_streaming_baseline_5000_seed42_20260322_201831.log,0,train,train,,loss,2260,5000,2314240,5905.9,3.228807
3,streaming_baseline,Streaming DiLoCo Baseline,streaming_baseline_5000,/data/yzhu/megatron-lm-moe-exp/logs/moe1b_streaming_baseline_5000_seed42_20260322_201831.log,0,train,train,,loss,2270,5000,2324480,5721.2,3.228941
3,streaming_baseline,Streaming DiLoCo Baseline,streaming_baseline_5000,/data/yzhu/megatron-lm-moe-exp/logs/moe1b_streaming_baseline_5000_seed42_20260322_201831.log,0,train,train,,loss,2280,5000,2334720,5879.8,3.235926
3,streaming_baseline,Streaming DiLoCo Baseline,streaming_baseline_5000,/data/yzhu/megatron-lm-moe-exp/logs/moe1b_streaming_baseline_5000_seed42_20260322_201831.log,0,train,train,,loss,2290,5000,2344960,5849.3,3.253669
3,streaming_baseline,Streaming DiLoCo Baseline,streaming_baseline_5000,/data/yzhu/megatron-lm-moe-exp/logs/moe1b_streaming_baseline_5000_seed42_20260322_201831.log,0,train,train,,loss,2300,5000,2355200,5886.4,3.242736
3,streaming_baseline,Streaming DiLoCo Baseline,streaming_baseline_5000,/data/yzhu/megatron-lm-moe-exp/logs/moe1b_streaming_baseline_5000_seed42_20260322_201831.log,0,train,train,,loss,2310,5000,2365440,5865.5,3.228095
3,streaming_baseline,Streaming DiLoCo Baseline,streaming_baseline_5000,/data/yzhu/megatron-lm-moe-exp/logs/moe1b_streaming_baseline_5000_seed42_20260322_201831.log,0,train,train,,loss,2320,5000,2375680,5764.3,3.240743
3,streaming_baseline,Streaming DiLoCo Baseline,streaming_baseline_5000,/data/yzhu/megatron-lm-moe-exp/logs/moe1b_streaming_baseline_5000_seed42_20260322_201831.log,0,train,train,,loss,2330,5000,2385920,5701.3,3.227305
3,streaming_baseline,Streaming DiLoCo Baseline,streaming_baseline_5000,/data/yzhu/megatron-lm-moe-exp/logs/moe1b_streaming_baseline_5000_seed42_20260322_201831.log,0,train,train,,loss,2340,5000,2396160,5769.1,3.217854
3,streaming_baseline,Streaming DiLoCo Baseline,streaming_baseline_5000,/data/yzhu/megatron-lm-moe-exp/logs/moe1b_streaming_baseline_5000_seed42_20260322_201831.log,0,train,train,,loss,2350,5000,2406400,6000.1,3.211435
3,streaming_baseline,Streaming DiLoCo Baseline,streaming_baseline_5000,/data/yzhu/megatron-lm-moe-exp/logs/moe1b_streaming_baseline_5000_seed42_20260322_201831.log,0,train,train,,loss,2360,5000,2416640,5909.8,3.219434
3,streaming_baseline,Streaming DiLoCo Baseline,streaming_baseline_5000,/data/yzhu/megatron-lm-moe-exp/logs/moe1b_streaming_baseline_5000_seed42_20260322_201831.log,0,train,train,,loss,2370,5000,2426880,5879.4,3.239134
3,streaming_baseline,Streaming DiLoCo Baseline,streaming_baseline_5000,/data/yzhu/megatron-lm-moe-exp/logs/moe1b_streaming_baseline_5000_seed42_20260322_201831.log,0,train,train,,loss,2380,5000,2437120,5862.2,3.210836
3,streaming_baseline,Streaming DiLoCo Baseline,streaming_baseline_5000,/data/yzhu/megatron-lm-moe-exp/logs/moe1b_streaming_baseline_5000_seed42_20260322_201831.log,0,train,train,,loss,2390,5000,2447360,5713.5,3.217095
3,streaming_baseline,Streaming DiLoCo Baseline,streaming_baseline_5000,/data/yzhu/megatron-lm-moe-exp/logs/moe1b_streaming_baseline_5000_seed42_20260322_201831.log,0,train,train,,loss,2400,5000,2457600,5864.1,3.2036
3,streaming_baseline,Streaming DiLoCo Baseline,streaming_baseline_5000,/data/yzhu/megatron-lm-moe-exp/logs/moe1b_streaming_baseline_5000_seed42_20260322_201831.log,0,train,train,,loss,2410,5000,2467840,5854.5,3.222685
3,streaming_baseline,Streaming DiLoCo Baseline,streaming_baseline_5000,/data/yzhu/megatron-lm-moe-exp/logs/moe1b_streaming_baseline_5000_seed42_20260322_201831.log,0,train,train,,loss,2420,5000,2478080,5752.1,3.209096
3,streaming_baseline,Streaming DiLoCo Baseline,streaming_baseline_5000,/data/yzhu/megatron-lm-moe-exp/logs/moe1b_streaming_baseline_5000_seed42_20260322_201831.log,0,train,train,,loss,2430,5000,2488320,5732.5,3.225654
3,streaming_baseline,Streaming DiLoCo Baseline,streaming_baseline_5000,/data/yzhu/megatron-lm-moe-exp/logs/moe1b_streaming_baseline_5000_seed42_20260322_201831.log,0,train,train,,loss,2440,5000,2498560,6030.2,3.219344
3,streaming_baseline,Streaming DiLoCo Baseline,streaming_baseline_5000,/data/yzhu/megatron-lm-moe-exp/logs/moe1b_streaming_baseline_5000_seed42_20260322_201831.log,0,train,train,,loss,2450,5000,2508800,5708.0,3.206613
3,streaming_baseline,Streaming DiLoCo Baseline,streaming_baseline_5000,/data/yzhu/megatron-lm-moe-exp/logs/moe1b_streaming_baseline_5000_seed42_20260322_201831.log,0,train,train,,loss,2460,5000,2519040,5912.0,3.210338
3,streaming_baseline,Streaming DiLoCo Baseline,streaming_baseline_5000,/data/yzhu/megatron-lm-moe-exp/logs/moe1b_streaming_baseline_5000_seed42_20260322_201831.log,0,train,train,,loss,2470,5000,2529280,5844.7,3.200621
3,streaming_baseline,Streaming DiLoCo Baseline,streaming_baseline_5000,/data/yzhu/megatron-lm-moe-exp/logs/moe1b_streaming_baseline_5000_seed42_20260322_201831.log,0,train,train,,loss,2480,5000,2539520,5878.3,3.201263
3,streaming_baseline,Streaming DiLoCo Baseline,streaming_baseline_5000,/data/yzhu/megatron-lm-moe-exp/logs/moe1b_streaming_baseline_5000_seed42_20260322_201831.log,0,train,train,,loss,2490,5000,2549760,5860.8,3.213128
3,streaming_baseline,Streaming DiLoCo Baseline,streaming_baseline_5000,/data/yzhu/megatron-lm-moe-exp/logs/moe1b_streaming_baseline_5000_seed42_20260322_201831.log,0,train,train,,loss,2500,5000,2560000,5877.4,3.214673
3,streaming_baseline,Streaming DiLoCo Baseline,streaming_baseline_5000,/data/yzhu/megatron-lm-moe-exp/logs/moe1b_streaming_baseline_5000_seed42_20260322_201831.log,0,train,train,,loss,2510,5000,2570240,5683.1,3.223269
3,streaming_baseline,Streaming DiLoCo Baseline,streaming_baseline_5000,/data/yzhu/megatron-lm-moe-exp/logs/moe1b_streaming_baseline_5000_seed42_20260322_201831.log,0,train,train,,loss,2520,5000,2580480,5738.8,3.207375
3,streaming_baseline,Streaming DiLoCo Baseline,streaming_baseline_5000,/data/yzhu/megatron-lm-moe-exp/logs/moe1b_streaming_baseline_5000_seed42_20260322_201831.log,0,train,train,,loss,2530,5000,2590720,5743.7,3.197522
3,streaming_baseline,Streaming DiLoCo Baseline,streaming_baseline_5000,/data/yzhu/megatron-lm-moe-exp/logs/moe1b_streaming_baseline_5000_seed42_20260322_201831.log,0,train,train,,loss,2540,5000,2600960,6023.6,3.20713
3,streaming_baseline,Streaming DiLoCo Baseline,streaming_baseline_5000,/data/yzhu/megatron-lm-moe-exp/logs/moe1b_streaming_baseline_5000_seed42_20260322_201831.log,0,train,train,,loss,2550,5000,2611200,5917.6,3.198954
3,streaming_baseline,Streaming DiLoCo Baseline,streaming_baseline_5000,/data/yzhu/megatron-lm-moe-exp/logs/moe1b_streaming_baseline_5000_seed42_20260322_201831.log,0,train,train,,loss,2560,5000,2621440,5867.6,3.185634
3,streaming_baseline,Streaming DiLoCo Baseline,streaming_baseline_5000,/data/yzhu/megatron-lm-moe-exp/logs/moe1b_streaming_baseline_5000_seed42_20260322_201831.log,0,train,train,,loss,2570,5000,2631680,5710.9,3.193139
3,streaming_baseline,Streaming DiLoCo Baseline,streaming_baseline_5000,/data/yzhu/megatron-lm-moe-exp/logs/moe1b_streaming_baseline_5000_seed42_20260322_201831.log,0,train,train,,loss,2580,5000,2641920,5889.3,3.203329
3,streaming_baseline,Streaming DiLoCo Baseline,streaming_baseline_5000,/data/yzhu/megatron-lm-moe-exp/logs/moe1b_streaming_baseline_5000_seed42_20260322_201831.log,0,train,train,,loss,2590,5000,2652160,5851.5,3.189233
3,streaming_baseline,Streaming DiLoCo Baseline,streaming_baseline_5000,/data/yzhu/megatron-lm-moe-exp/logs/moe1b_streaming_baseline_5000_seed42_20260322_201831.log,0,train,train,,loss,2600,5000,2662400,5859.5,3.187669
3,streaming_baseline,Streaming DiLoCo Baseline,streaming_baseline_5000,/data/yzhu/megatron-lm-moe-exp/logs/moe1b_streaming_baseline_5000_seed42_20260322_201831.log,0,train,train,,loss,2610,5000,2672640,5755.8,3.194862
3,streaming_baseline,Streaming DiLoCo Baseline,streaming_baseline_5000,/data/yzhu/megatron-lm-moe-exp/logs/moe1b_streaming_baseline_5000_seed42_20260322_201831.log,0,train,train,,loss,2620,5000,2682880,5731.3,3.193926
3,streaming_baseline,Streaming DiLoCo Baseline,streaming_baseline_5000,/data/yzhu/megatron-lm-moe-exp/logs/moe1b_streaming_baseline_5000_seed42_20260322_201831.log,0,train,train,,loss,2630,5000,2693120,5710.0,3.209428
3,streaming_baseline,Streaming DiLoCo Baseline,streaming_baseline_5000,/data/yzhu/megatron-lm-moe-exp/logs/moe1b_streaming_baseline_5000_seed42_20260322_201831.log,0,train,train,,loss,2640,5000,2703360,6037.3,3.177441
3,streaming_baseline,Streaming DiLoCo Baseline,streaming_baseline_5000,/data/yzhu/megatron-lm-moe-exp/logs/moe1b_streaming_baseline_5000_seed42_20260322_201831.log,0,train,train,,loss,2650,5000,2713600,5878.2,3.176761
3,streaming_baseline,Streaming DiLoCo Baseline,streaming_baseline_5000,/data/yzhu/megatron-lm-moe-exp/logs/moe1b_streaming_baseline_5000_seed42_20260322_201831.log,0,train,train,,loss,2660,5000,2723840,5884.0,3.18638
3,streaming_baseline,Streaming DiLoCo Baseline,streaming_baseline_5000,/data/yzhu/megatron-lm-moe-exp/logs/moe1b_streaming_baseline_5000_seed42_20260322_201831.log,0,train,train,,loss,2670,5000,2734080,5871.6,3.190833
3,streaming_baseline,Streaming DiLoCo Baseline,streaming_baseline_5000,/data/yzhu/megatron-lm-moe-exp/logs/moe1b_streaming_baseline_5000_seed42_20260322_201831.log,0,train,train,,loss,2680,5000,2744320,5867.3,3.18547
3,streaming_baseline,Streaming DiLoCo Baseline,streaming_baseline_5000,/data/yzhu/megatron-lm-moe-exp/logs/moe1b_streaming_baseline_5000_seed42_20260322_201831.log,0,train,train,,loss,2690,5000,2754560,5727.5,3.186273
3,streaming_baseline,Streaming DiLoCo Baseline,streaming_baseline_5000,/data/yzhu/megatron-lm-moe-exp/logs/moe1b_streaming_baseline_5000_seed42_20260322_201831.log,0,train,train,,loss,2700,5000,2764800,5871.4,3.192792
3,streaming_baseline,Streaming DiLoCo Baseline,streaming_baseline_5000,/data/yzhu/megatron-lm-moe-exp/logs/moe1b_streaming_baseline_5000_seed42_20260322_201831.log,0,train,train,,loss,2710,5000,2775040,5727.5,3.182589
3,streaming_baseline,Streaming DiLoCo Baseline,streaming_baseline_5000,/data/yzhu/megatron-lm-moe-exp/logs/moe1b_streaming_baseline_5000_seed42_20260322_201831.log,0,train,train,,loss,2720,5000,2785280,5749.9,3.173817
3,streaming_baseline,Streaming DiLoCo Baseline,streaming_baseline_5000,/data/yzhu/megatron-lm-moe-exp/logs/moe1b_streaming_baseline_5000_seed42_20260322_201831.log,0,train,train,,loss,2730,5000,2795520,6040.2,3.183719
3,streaming_baseline,Streaming DiLoCo Baseline,streaming_baseline_5000,/data/yzhu/megatron-lm-moe-exp/logs/moe1b_streaming_baseline_5000_seed42_20260322_201831.log,0,train,train,,loss,2740,5000,2805760,5922.6,3.164878
3,streaming_baseline,Streaming DiLoCo Baseline,streaming_baseline_5000,/data/yzhu/megatron-lm-moe-exp/logs/moe1b_streaming_baseline_5000_seed42_20260322_201831.log,0,train,train,,loss,2750,5000,2816000,5704.4,3.165864
3,streaming_baseline,Streaming DiLoCo Baseline,streaming_baseline_5000,/data/yzhu/megatron-lm-moe-exp/logs/moe1b_streaming_baseline_5000_seed42_20260322_201831.log,0,train,train,,loss,2760,5000,2826240,5875.3,3.1748
3,streaming_baseline,Streaming DiLoCo Baseline,streaming_baseline_5000,/data/yzhu/megatron-lm-moe-exp/logs/moe1b_streaming_baseline_5000_seed42_20260322_201831.log,0,train,train,,loss,2770,5000,2836480,5855.6,3.166759
3,streaming_baseline,Streaming DiLoCo Baseline,streaming_baseline_5000,/data/yzhu/megatron-lm-moe-exp/logs/moe1b_streaming_baseline_5000_seed42_20260322_201831.log,0,train,train,,loss,2780,5000,2846720,5871.5,3.178085
3,streaming_baseline,Streaming DiLoCo Baseline,streaming_baseline_5000,/data/yzhu/megatron-lm-moe-exp/logs/moe1b_streaming_baseline_5000_seed42_20260322_201831.log,0,train,train,,loss,2790,5000,2856960,5857.0,3.182301
3,streaming_baseline,Streaming DiLoCo Baseline,streaming_baseline_5000,/data/yzhu/megatron-lm-moe-exp/logs/moe1b_streaming_baseline_5000_seed42_20260322_201831.log,0,train,train,,loss,2800,5000,2867200,5749.7,3.188765
3,streaming_baseline,Streaming DiLoCo Baseline,streaming_baseline_5000,/data/yzhu/megatron-lm-moe-exp/logs/moe1b_streaming_baseline_5000_seed42_20260322_201831.log,0,train,train,,loss,2810,5000,2877440,5699.4,3.170749
3,streaming_baseline,Streaming DiLoCo Baseline,streaming_baseline_5000,/data/yzhu/megatron-lm-moe-exp/logs/moe1b_streaming_baseline_5000_seed42_20260322_201831.log,0,train,train,,loss,2820,5000,2887680,5774.3,3.157435
3,streaming_baseline,Streaming DiLoCo Baseline,streaming_baseline_5000,/data/yzhu/megatron-lm-moe-exp/logs/moe1b_streaming_baseline_5000_seed42_20260322_201831.log,0,train,train,,loss,2830,5000,2897920,5991.2,3.158619
3,streaming_baseline,Streaming DiLoCo Baseline,streaming_baseline_5000,/data/yzhu/megatron-lm-moe-exp/logs/moe1b_streaming_baseline_5000_seed42_20260322_201831.log,0,train,train,,loss,2840,5000,2908160,5918.4,3.168199
3,streaming_baseline,Streaming DiLoCo Baseline,streaming_baseline_5000,/data/yzhu/megatron-lm-moe-exp/logs/moe1b_streaming_baseline_5000_seed42_20260322_201831.log,0,train,train,,loss,2850,5000,2918400,5878.5,3.142623
3,streaming_baseline,Streaming DiLoCo Baseline,streaming_baseline_5000,/data/yzhu/megatron-lm-moe-exp/logs/moe1b_streaming_baseline_5000_seed42_20260322_201831.log,0,train,train,,loss,2860,5000,2928640,5871.0,3.159831
3,streaming_baseline,Streaming DiLoCo Baseline,streaming_baseline_5000,/data/yzhu/megatron-lm-moe-exp/logs/moe1b_streaming_baseline_5000_seed42_20260322_201831.log,0,train,train,,loss,2870,5000,2938880,5719.1,3.160762
3,streaming_baseline,Streaming DiLoCo Baseline,streaming_baseline_5000,/data/yzhu/megatron-lm-moe-exp/logs/moe1b_streaming_baseline_5000_seed42_20260322_201831.log,0,train,train,,loss,2880,5000,2949120,5865.9,3.149291
3,streaming_baseline,Streaming DiLoCo Baseline,streaming_baseline_5000,/data/yzhu/megatron-lm-moe-exp/logs/moe1b_streaming_baseline_5000_seed42_20260322_201831.log,0,train,train,,loss,2890,5000,2959360,5850.0,3.156238
3,streaming_baseline,Streaming DiLoCo Baseline,streaming_baseline_5000,/data/yzhu/megatron-lm-moe-exp/logs/moe1b_streaming_baseline_5000_seed42_20260322_201831.log,0,train,train,,loss,2900,5000,2969600,5740.0,3.152167
3,streaming_baseline,Streaming DiLoCo Baseline,streaming_baseline_5000,/data/yzhu/megatron-lm-moe-exp/logs/moe1b_streaming_baseline_5000_seed42_20260322_201831.log,0,train,train,,loss,2910,5000,2979840,5741.9,3.145843
3,streaming_baseline,Streaming DiLoCo Baseline,streaming_baseline_5000,/data/yzhu/megatron-lm-moe-exp/logs/moe1b_streaming_baseline_5000_seed42_20260322_201831.log,0,train,train,,loss,2920,5000,2990080,6029.8,3.15111
3,streaming_baseline,Streaming DiLoCo Baseline,streaming_baseline_5000,/data/yzhu/megatron-lm-moe-exp/logs/moe1b_streaming_baseline_5000_seed42_20260322_201831.log,0,train,train,,loss,2930,5000,3000320,5713.9,3.155129
3,streaming_baseline,Streaming DiLoCo Baseline,streaming_baseline_5000,/data/yzhu/megatron-lm-moe-exp/logs/moe1b_streaming_baseline_5000_seed42_20260322_201831.log,0,train,train,,loss,2940,5000,3010560,5903.9,3.162672
3,streaming_baseline,Streaming DiLoCo Baseline,streaming_baseline_5000,/data/yzhu/megatron-lm-moe-exp/logs/moe1b_streaming_baseline_5000_seed42_20260322_201831.log,0,train,train,,loss,2950,5000,3020800,5858.4,3.158225
3,streaming_baseline,Streaming DiLoCo Baseline,streaming_baseline_5000,/data/yzhu/megatron-lm-moe-exp/logs/moe1b_streaming_baseline_5000_seed42_20260322_201831.log,0,train,train,,loss,2960,5000,3031040,5876.9,3.13841
3,streaming_baseline,Streaming DiLoCo Baseline,streaming_baseline_5000,/data/yzhu/megatron-lm-moe-exp/logs/moe1b_streaming_baseline_5000_seed42_20260322_201831.log,0,train,train,,loss,2970,5000,3041280,5877.2,3.143947
3,streaming_baseline,Streaming DiLoCo Baseline,streaming_baseline_5000,/data/yzhu/megatron-lm-moe-exp/logs/moe1b_streaming_baseline_5000_seed42_20260322_201831.log,0,train,train,,loss,2980,5000,3051520,5863.8,3.146058
3,streaming_baseline,Streaming DiLoCo Baseline,streaming_baseline_5000,/data/yzhu/megatron-lm-moe-exp/logs/moe1b_streaming_baseline_5000_seed42_20260322_201831.log,0,train,train,,loss,2990,5000,3061760,5687.5,3.157464
3,streaming_baseline,Streaming DiLoCo Baseline,streaming_baseline_5000,/data/yzhu/megatron-lm-moe-exp/logs/moe1b_streaming_baseline_5000_seed42_20260322_201831.log,0,train,train,,loss,3000,5000,3072000,5751.7,3.135616
3,streaming_baseline,Streaming DiLoCo Baseline,streaming_baseline_5000,/data/yzhu/megatron-lm-moe-exp/logs/moe1b_streaming_baseline_5000_seed42_20260322_201831.log,0,train,train,,loss,3010,5000,3082240,8802.1,3.140302
3,streaming_baseline,Streaming DiLoCo Baseline,streaming_baseline_5000,/data/yzhu/megatron-lm-moe-exp/logs/moe1b_streaming_baseline_5000_seed42_20260322_201831.log,0,train,train,,loss,3020,5000,3092480,8159.9,3.131192
3,streaming_baseline,Streaming DiLoCo Baseline,streaming_baseline_5000,/data/yzhu/megatron-lm-moe-exp/logs/moe1b_streaming_baseline_5000_seed42_20260322_201831.log,0,train,train,,loss,3030,5000,3102720,8560.3,3.152353
3,streaming_baseline,Streaming DiLoCo Baseline,streaming_baseline_5000,/data/yzhu/megatron-lm-moe-exp/logs/moe1b_streaming_baseline_5000_seed42_20260322_201831.log,0,train,train,,loss,3040,5000,3112960,8008.2,3.121315
3,streaming_baseline,Streaming DiLoCo Baseline,streaming_baseline_5000,/data/yzhu/megatron-lm-moe-exp/logs/moe1b_streaming_baseline_5000_seed42_20260322_201831.log,0,train,train,,loss,3050,5000,3123200,7641.2,3.12766
3,streaming_baseline,Streaming DiLoCo Baseline,streaming_baseline_5000,/data/yzhu/megatron-lm-moe-exp/logs/moe1b_streaming_baseline_5000_seed42_20260322_201831.log,0,train,train,,loss,3060,5000,3133440,5995.3,3.144632
3,streaming_baseline,Streaming DiLoCo Baseline,streaming_baseline_5000,/data/yzhu/megatron-lm-moe-exp/logs/moe1b_streaming_baseline_5000_seed42_20260322_201831.log,0,train,train,,loss,3070,5000,3143680,5865.3,3.146199
3,streaming_baseline,Streaming DiLoCo Baseline,streaming_baseline_5000,/data/yzhu/megatron-lm-moe-exp/logs/moe1b_streaming_baseline_5000_seed42_20260322_201831.log,0,train,train,,loss,3080,5000,3153920,5864.5,3.130371
3,streaming_baseline,Streaming DiLoCo Baseline,streaming_baseline_5000,/data/yzhu/megatron-lm-moe-exp/logs/moe1b_streaming_baseline_5000_seed42_20260322_201831.log,0,train,train,,loss,3090,5000,3164160,5757.1,3.135232
3,streaming_baseline,Streaming DiLoCo Baseline,streaming_baseline_5000,/data/yzhu/megatron-lm-moe-exp/logs/moe1b_streaming_baseline_5000_seed42_20260322_201831.log,0,train,train,,loss,3100,5000,3174400,5743.3,3.127672
3,streaming_baseline,Streaming DiLoCo Baseline,streaming_baseline_5000,/data/yzhu/megatron-lm-moe-exp/logs/moe1b_streaming_baseline_5000_seed42_20260322_201831.log,0,train,train,,loss,3110,5000,3184640,5710.5,3.130421
3,streaming_baseline,Streaming DiLoCo Baseline,streaming_baseline_5000,/data/yzhu/megatron-lm-moe-exp/logs/moe1b_streaming_baseline_5000_seed42_20260322_201831.log,0,train,train,,loss,3120,5000,3194880,6001.8,3.135309
3,streaming_baseline,Streaming DiLoCo Baseline,streaming_baseline_5000,/data/yzhu/megatron-lm-moe-exp/logs/moe1b_streaming_baseline_5000_seed42_20260322_201831.log,0,train,train,,loss,3130,5000,3205120,5888.2,3.144534
3,streaming_baseline,Streaming DiLoCo Baseline,streaming_baseline_5000,/data/yzhu/megatron-lm-moe-exp/logs/moe1b_streaming_baseline_5000_seed42_20260322_201831.log,0,train,train,,loss,3140,5000,3215360,5881.6,3.123937
3,streaming_baseline,Streaming DiLoCo Baseline,streaming_baseline_5000,/data/yzhu/megatron-lm-moe-exp/logs/moe1b_streaming_baseline_5000_seed42_20260322_201831.log,0,train,train,,loss,3150,5000,3225600,5865.9,3.148362
3,streaming_baseline,Streaming DiLoCo Baseline,streaming_baseline_5000,/data/yzhu/megatron-lm-moe-exp/logs/moe1b_streaming_baseline_5000_seed42_20260322_201831.log,0,train,train,,loss,3160,5000,3235840,5865.2,3.12742
3,streaming_baseline,Streaming DiLoCo Baseline,streaming_baseline_5000,/data/yzhu/megatron-lm-moe-exp/logs/moe1b_streaming_baseline_5000_seed42_20260322_201831.log,0,train,train,,loss,3170,5000,3246080,5695.2,3.140746
3,streaming_baseline,Streaming DiLoCo Baseline,streaming_baseline_5000,/data/yzhu/megatron-lm-moe-exp/logs/moe1b_streaming_baseline_5000_seed42_20260322_201831.log,0,train,train,,loss,3180,5000,3256320,5880.7,3.126466
3,streaming_baseline,Streaming DiLoCo Baseline,streaming_baseline_5000,/data/yzhu/megatron-lm-moe-exp/logs/moe1b_streaming_baseline_5000_seed42_20260322_201831.log,0,train,train,,loss,3190,5000,3266560,5711.1,3.112266
3,streaming_baseline,Streaming DiLoCo Baseline,streaming_baseline_5000,/data/yzhu/megatron-lm-moe-exp/logs/moe1b_streaming_baseline_5000_seed42_20260322_201831.log,0,train,train,,loss,3200,5000,3276800,5723.5,3.124049
3,streaming_baseline,Streaming DiLoCo Baseline,streaming_baseline_5000,/data/yzhu/megatron-lm-moe-exp/logs/moe1b_streaming_baseline_5000_seed42_20260322_201831.log,0,train,train,,loss,3210,5000,3287040,6019.1,3.120313
3,streaming_baseline,Streaming DiLoCo Baseline,streaming_baseline_5000,/data/yzhu/megatron-lm-moe-exp/logs/moe1b_streaming_baseline_5000_seed42_20260322_201831.log,0,train,train,,loss,3220,5000,3297280,5897.8,3.118769
3,streaming_baseline,Streaming DiLoCo Baseline,streaming_baseline_5000,/data/yzhu/megatron-lm-moe-exp/logs/moe1b_streaming_baseline_5000_seed42_20260322_201831.log,0,train,train,,loss,3230,5000,3307520,5706.3,3.117188
3,streaming_baseline,Streaming DiLoCo Baseline,streaming_baseline_5000,/data/yzhu/megatron-lm-moe-exp/logs/moe1b_streaming_baseline_5000_seed42_20260322_201831.log,0,train,train,,loss,3240,5000,3317760,5873.0,3.134024
3,streaming_baseline,Streaming DiLoCo Baseline,streaming_baseline_5000,/data/yzhu/megatron-lm-moe-exp/logs/moe1b_streaming_baseline_5000_seed42_20260322_201831.log,0,train,train,,loss,3250,5000,3328000,5843.2,3.122273
3,streaming_baseline,Streaming DiLoCo Baseline,streaming_baseline_5000,/data/yzhu/megatron-lm-moe-exp/logs/moe1b_streaming_baseline_5000_seed42_20260322_201831.log,0,train,train,,loss,3260,5000,3338240,5865.9,3.111023
3,streaming_baseline,Streaming DiLoCo Baseline,streaming_baseline_5000,/data/yzhu/megatron-lm-moe-exp/logs/moe1b_streaming_baseline_5000_seed42_20260322_201831.log,0,train,train,,loss,3270,5000,3348480,5871.8,3.13125
3,streaming_baseline,Streaming DiLoCo Baseline,streaming_baseline_5000,/data/yzhu/megatron-lm-moe-exp/logs/moe1b_streaming_baseline_5000_seed42_20260322_201831.log,0,train,train,,loss,3280,5000,3358720,5740.1,3.126169
3,streaming_baseline,Streaming DiLoCo Baseline,streaming_baseline_5000,/data/yzhu/megatron-lm-moe-exp/logs/moe1b_streaming_baseline_5000_seed42_20260322_201831.log,0,train,train,,loss,3290,5000,3368960,5686.3,3.113654
3,streaming_baseline,Streaming DiLoCo Baseline,streaming_baseline_5000,/data/yzhu/megatron-lm-moe-exp/logs/moe1b_streaming_baseline_5000_seed42_20260322_201831.log,0,train,train,,loss,3300,5000,3379200,5779.5,3.101773
3,streaming_baseline,Streaming DiLoCo Baseline,streaming_baseline_5000,/data/yzhu/megatron-lm-moe-exp/logs/moe1b_streaming_baseline_5000_seed42_20260322_201831.log,0,train,train,,loss,3310,5000,3389440,5971.0,3.119496
3,streaming_baseline,Streaming DiLoCo Baseline,streaming_baseline_5000,/data/yzhu/megatron-lm-moe-exp/logs/moe1b_streaming_baseline_5000_seed42_20260322_201831.log,0,train,train,,loss,3320,5000,3399680,5891.5,3.115229
3,streaming_baseline,Streaming DiLoCo Baseline,streaming_baseline_5000,/data/yzhu/megatron-lm-moe-exp/logs/moe1b_streaming_baseline_5000_seed42_20260322_201831.log,0,train,train,,loss,3330,5000,3409920,5863.6,3.128571
3,streaming_baseline,Streaming DiLoCo Baseline,streaming_baseline_5000,/data/yzhu/megatron-lm-moe-exp/logs/moe1b_streaming_baseline_5000_seed42_20260322_201831.log,0,train,train,,loss,3340,5000,3420160,5857.0,3.117255
3,streaming_baseline,Streaming DiLoCo Baseline,streaming_baseline_5000,/data/yzhu/megatron-lm-moe-exp/logs/moe1b_streaming_baseline_5000_seed42_20260322_201831.log,0,train,train,,loss,3350,5000,3430400,5709.9,3.119339
3,streaming_baseline,Streaming DiLoCo Baseline,streaming_baseline_5000,/data/yzhu/megatron-lm-moe-exp/logs/moe1b_streaming_baseline_5000_seed42_20260322_201831.log,0,train,train,,loss,3360,5000,3440640,5864.1,3.098677
3,streaming_baseline,Streaming DiLoCo Baseline,streaming_baseline_5000,/data/yzhu/megatron-lm-moe-exp/logs/moe1b_streaming_baseline_5000_seed42_20260322_201831.log,0,train,train,,loss,3370,5000,3450880,5834.5,3.113563
3,streaming_baseline,Streaming DiLoCo Baseline,streaming_baseline_5000,/data/yzhu/megatron-lm-moe-exp/logs/moe1b_streaming_baseline_5000_seed42_20260322_201831.log,0,train,train,,loss,3380,5000,3461120,5741.3,3.102498
3,streaming_baseline,Streaming DiLoCo Baseline,streaming_baseline_5000,/data/yzhu/megatron-lm-moe-exp/logs/moe1b_streaming_baseline_5000_seed42_20260322_201831.log,0,train,train,,loss,3390,5000,3471360,5739.1,3.111692
3,streaming_baseline,Streaming DiLoCo Baseline,streaming_baseline_5000,/data/yzhu/megatron-lm-moe-exp/logs/moe1b_streaming_baseline_5000_seed42_20260322_201831.log,0,train,train,,loss,3400,5000,3481600,6029.5,3.097773
3,streaming_baseline,Streaming DiLoCo Baseline,streaming_baseline_5000,/data/yzhu/megatron-lm-moe-exp/logs/moe1b_streaming_baseline_5000_seed42_20260322_201831.log,0,train,train,,loss,3410,5000,3491840,5700.9,3.114201
3,streaming_baseline,Streaming DiLoCo Baseline,streaming_baseline_5000,/data/yzhu/megatron-lm-moe-exp/logs/moe1b_streaming_baseline_5000_seed42_20260322_201831.log,0,train,train,,loss,3420,5000,3502080,5914.6,3.102962
3,streaming_baseline,Streaming DiLoCo Baseline,streaming_baseline_5000,/data/yzhu/megatron-lm-moe-exp/logs/moe1b_streaming_baseline_5000_seed42_20260322_201831.log,0,train,train,,loss,3430,5000,3512320,5832.6,3.102326
3,streaming_baseline,Streaming DiLoCo Baseline,streaming_baseline_5000,/data/yzhu/megatron-lm-moe-exp/logs/moe1b_streaming_baseline_5000_seed42_20260322_201831.log,0,train,train,,loss,3440,5000,3522560,5853.5,3.087143
3,streaming_baseline,Streaming DiLoCo Baseline,streaming_baseline_5000,/data/yzhu/megatron-lm-moe-exp/logs/moe1b_streaming_baseline_5000_seed42_20260322_201831.log,0,train,train,,loss,3450,5000,3532800,5866.1,3.115967
3,streaming_baseline,Streaming DiLoCo Baseline,streaming_baseline_5000,/data/yzhu/megatron-lm-moe-exp/logs/moe1b_streaming_baseline_5000_seed42_20260322_201831.log,0,train,train,,loss,3460,5000,3543040,5850.6,3.104135
3,streaming_baseline,Streaming DiLoCo Baseline,streaming_baseline_5000,/data/yzhu/megatron-lm-moe-exp/logs/moe1b_streaming_baseline_5000_seed42_20260322_201831.log,0,train,train,,loss,3470,5000,3553280,5694.1,3.100632
3,streaming_baseline,Streaming DiLoCo Baseline,streaming_baseline_5000,/data/yzhu/megatron-lm-moe-exp/logs/moe1b_streaming_baseline_5000_seed42_20260322_201831.log,0,train,train,,loss,3480,5000,3563520,5743.6,3.118076
3,streaming_baseline,Streaming DiLoCo Baseline,streaming_baseline_5000,/data/yzhu/megatron-lm-moe-exp/logs/moe1b_streaming_baseline_5000_seed42_20260322_201831.log,0,train,train,,loss,3490,5000,3573760,5728.0,3.095151
3,streaming_baseline,Streaming DiLoCo Baseline,streaming_baseline_5000,/data/yzhu/megatron-lm-moe-exp/logs/moe1b_streaming_baseline_5000_seed42_20260322_201831.log,0,train,train,,loss,3500,5000,3584000,6020.5,3.107788
3,streaming_baseline,Streaming DiLoCo Baseline,streaming_baseline_5000,/data/yzhu/megatron-lm-moe-exp/logs/moe1b_streaming_baseline_5000_seed42_20260322_201831.log,0,train,train,,loss,3510,5000,3594240,5894.5,3.099183
3,streaming_baseline,Streaming DiLoCo Baseline,streaming_baseline_5000,/data/yzhu/megatron-lm-moe-exp/logs/moe1b_streaming_baseline_5000_seed42_20260322_201831.log,0,train,train,,loss,3520,5000,3604480,5873.4,3.08802
3,streaming_baseline,Streaming DiLoCo Baseline,streaming_baseline_5000,/data/yzhu/megatron-lm-moe-exp/logs/moe1b_streaming_baseline_5000_seed42_20260322_201831.log,0,train,train,,loss,3530,5000,3614720,5701.1,3.080532
3,streaming_baseline,Streaming DiLoCo Baseline,streaming_baseline_5000,/data/yzhu/megatron-lm-moe-exp/logs/moe1b_streaming_baseline_5000_seed42_20260322_201831.log,0,train,train,,loss,3540,5000,3624960,5864.0,3.105533
3,streaming_baseline,Streaming DiLoCo Baseline,streaming_baseline_5000,/data/yzhu/megatron-lm-moe-exp/logs/moe1b_streaming_baseline_5000_seed42_20260322_201831.log,0,train,train,,loss,3550,5000,3635200,5848.8,3.094956
3,streaming_baseline,Streaming DiLoCo Baseline,streaming_baseline_5000,/data/yzhu/megatron-lm-moe-exp/logs/moe1b_streaming_baseline_5000_seed42_20260322_201831.log,0,train,train,,loss,3560,5000,3645440,5867.2,3.079664
3,streaming_baseline,Streaming DiLoCo Baseline,streaming_baseline_5000,/data/yzhu/megatron-lm-moe-exp/logs/moe1b_streaming_baseline_5000_seed42_20260322_201831.log,0,train,train,,loss,3570,5000,3655680,5749.2,3.092067
3,streaming_baseline,Streaming DiLoCo Baseline,streaming_baseline_5000,/data/yzhu/megatron-lm-moe-exp/logs/moe1b_streaming_baseline_5000_seed42_20260322_201831.log,0,train,train,,loss,3580,5000,3665920,5746.5,3.096861
3,streaming_baseline,Streaming DiLoCo Baseline,streaming_baseline_5000,/data/yzhu/megatron-lm-moe-exp/logs/moe1b_streaming_baseline_5000_seed42_20260322_201831.log,0,train,train,,loss,3590,5000,3676160,5726.1,3.078479
3,streaming_baseline,Streaming DiLoCo Baseline,streaming_baseline_5000,/data/yzhu/megatron-lm-moe-exp/logs/moe1b_streaming_baseline_5000_seed42_20260322_201831.log,0,train,train,,loss,3600,5000,3686400,6044.4,3.089588
3,streaming_baseline,Streaming DiLoCo Baseline,streaming_baseline_5000,/data/yzhu/megatron-lm-moe-exp/logs/moe1b_streaming_baseline_5000_seed42_20260322_201831.log,0,train,train,,loss,3610,5000,3696640,5868.1,3.089376
3,streaming_baseline,Streaming DiLoCo Baseline,streaming_baseline_5000,/data/yzhu/megatron-lm-moe-exp/logs/moe1b_streaming_baseline_5000_seed42_20260322_201831.log,0,train,train,,loss,3620,5000,3706880,5899.9,3.083815
3,streaming_baseline,Streaming DiLoCo Baseline,streaming_baseline_5000,/data/yzhu/megatron-lm-moe-exp/logs/moe1b_streaming_baseline_5000_seed42_20260322_201831.log,0,train,train,,loss,3630,5000,3717120,5872.2,3.097766
3,streaming_baseline,Streaming DiLoCo Baseline,streaming_baseline_5000,/data/yzhu/megatron-lm-moe-exp/logs/moe1b_streaming_baseline_5000_seed42_20260322_201831.log,0,train,train,,loss,3640,5000,3727360,5876.1,3.079493
3,streaming_baseline,Streaming DiLoCo Baseline,streaming_baseline_5000,/data/yzhu/megatron-lm-moe-exp/logs/moe1b_streaming_baseline_5000_seed42_20260322_201831.log,0,train,train,,loss,3650,5000,3737600,5701.0,3.071858
3,streaming_baseline,Streaming DiLoCo Baseline,streaming_baseline_5000,/data/yzhu/megatron-lm-moe-exp/logs/moe1b_streaming_baseline_5000_seed42_20260322_201831.log,0,train,train,,loss,3660,5000,3747840,5867.3,3.07732
3,streaming_baseline,Streaming DiLoCo Baseline,streaming_baseline_5000,/data/yzhu/megatron-lm-moe-exp/logs/moe1b_streaming_baseline_5000_seed42_20260322_201831.log,0,train,train,,loss,3670,5000,3758080,5726.8,3.083073
3,streaming_baseline,Streaming DiLoCo Baseline,streaming_baseline_5000,/data/yzhu/megatron-lm-moe-exp/logs/moe1b_streaming_baseline_5000_seed42_20260322_201831.log,0,train,train,,loss,3680,5000,3768320,5738.0,3.085983
3,streaming_baseline,Streaming DiLoCo Baseline,streaming_baseline_5000,/data/yzhu/megatron-lm-moe-exp/logs/moe1b_streaming_baseline_5000_seed42_20260322_201831.log,0,train,train,,loss,3690,5000,3778560,6080.2,3.075046
3,streaming_baseline,Streaming DiLoCo Baseline,streaming_baseline_5000,/data/yzhu/megatron-lm-moe-exp/logs/moe1b_streaming_baseline_5000_seed42_20260322_201831.log,0,train,train,,loss,3700,5000,3788800,5924.2,3.069176
3,streaming_baseline,Streaming DiLoCo Baseline,streaming_baseline_5000,/data/yzhu/megatron-lm-moe-exp/logs/moe1b_streaming_baseline_5000_seed42_20260322_201831.log,0,train,train,,loss,3710,5000,3799040,5704.1,3.079029
3,streaming_baseline,Streaming DiLoCo Baseline,streaming_baseline_5000,/data/yzhu/megatron-lm-moe-exp/logs/moe1b_streaming_baseline_5000_seed42_20260322_201831.log,0,train,train,,loss,3720,5000,3809280,5882.4,3.083233
3,streaming_baseline,Streaming DiLoCo Baseline,streaming_baseline_5000,/data/yzhu/megatron-lm-moe-exp/logs/moe1b_streaming_baseline_5000_seed42_20260322_201831.log,0,train,train,,loss,3730,5000,3819520,5836.9,3.083171
3,streaming_baseline,Streaming DiLoCo Baseline,streaming_baseline_5000,/data/yzhu/megatron-lm-moe-exp/logs/moe1b_streaming_baseline_5000_seed42_20260322_201831.log,0,train,train,,loss,3740,5000,3829760,5869.3,3.065892
3,streaming_baseline,Streaming DiLoCo Baseline,streaming_baseline_5000,/data/yzhu/megatron-lm-moe-exp/logs/moe1b_streaming_baseline_5000_seed42_20260322_201831.log,0,train,train,,loss,3750,5000,3840000,5880.8,3.077016
3,streaming_baseline,Streaming DiLoCo Baseline,streaming_baseline_5000,/data/yzhu/megatron-lm-moe-exp/logs/moe1b_streaming_baseline_5000_seed42_20260322_201831.log,0,train,train,,loss,3760,5000,3850240,5728.6,3.065664
3,streaming_baseline,Streaming DiLoCo Baseline,streaming_baseline_5000,/data/yzhu/megatron-lm-moe-exp/logs/moe1b_streaming_baseline_5000_seed42_20260322_201831.log,0,train,train,,loss,3770,5000,3860480,5678.8,3.066489
3,streaming_baseline,Streaming DiLoCo Baseline,streaming_baseline_5000,/data/yzhu/megatron-lm-moe-exp/logs/moe1b_streaming_baseline_5000_seed42_20260322_201831.log,0,train,train,,loss,3780,5000,3870720,5778.5,3.071711
3,streaming_baseline,Streaming DiLoCo Baseline,streaming_baseline_5000,/data/yzhu/megatron-lm-moe-exp/logs/moe1b_streaming_baseline_5000_seed42_20260322_201831.log,0,train,train,,loss,3790,5000,3880960,6021.6,3.077985
3,streaming_baseline,Streaming DiLoCo Baseline,streaming_baseline_5000,/data/yzhu/megatron-lm-moe-exp/logs/moe1b_streaming_baseline_5000_seed42_20260322_201831.log,0,train,train,,loss,3800,5000,3891200,5908.8,3.068557
3,streaming_baseline,Streaming DiLoCo Baseline,streaming_baseline_5000,/data/yzhu/megatron-lm-moe-exp/logs/moe1b_streaming_baseline_5000_seed42_20260322_201831.log,0,train,train,,loss,3810,5000,3901440,5865.6,3.077973
3,streaming_baseline,Streaming DiLoCo Baseline,streaming_baseline_5000,/data/yzhu/megatron-lm-moe-exp/logs/moe1b_streaming_baseline_5000_seed42_20260322_201831.log,0,train,train,,loss,3820,5000,3911680,5852.0,3.082356
3,streaming_baseline,Streaming DiLoCo Baseline,streaming_baseline_5000,/data/yzhu/megatron-lm-moe-exp/logs/moe1b_streaming_baseline_5000_seed42_20260322_201831.log,0,train,train,,loss,3830,5000,3921920,5708.4,3.071979
3,streaming_baseline,Streaming DiLoCo Baseline,streaming_baseline_5000,/data/yzhu/megatron-lm-moe-exp/logs/moe1b_streaming_baseline_5000_seed42_20260322_201831.log,0,train,train,,loss,3840,5000,3932160,5861.8,3.076164
3,streaming_baseline,Streaming DiLoCo Baseline,streaming_baseline_5000,/data/yzhu/megatron-lm-moe-exp/logs/moe1b_streaming_baseline_5000_seed42_20260322_201831.log,0,train,train,,loss,3850,5000,3942400,5843.7,3.078276
3,streaming_baseline,Streaming DiLoCo Baseline,streaming_baseline_5000,/data/yzhu/megatron-lm-moe-exp/logs/moe1b_streaming_baseline_5000_seed42_20260322_201831.log,0,train,train,,loss,3860,5000,3952640,5741.3,3.061625
3,streaming_baseline,Streaming DiLoCo Baseline,streaming_baseline_5000,/data/yzhu/megatron-lm-moe-exp/logs/moe1b_streaming_baseline_5000_seed42_20260322_201831.log,0,train,train,,loss,3870,5000,3962880,5731.0,3.077193
3,streaming_baseline,Streaming DiLoCo Baseline,streaming_baseline_5000,/data/yzhu/megatron-lm-moe-exp/logs/moe1b_streaming_baseline_5000_seed42_20260322_201831.log,0,train,train,,loss,3880,5000,3973120,6026.6,3.064036
3,streaming_baseline,Streaming DiLoCo Baseline,streaming_baseline_5000,/data/yzhu/megatron-lm-moe-exp/logs/moe1b_streaming_baseline_5000_seed42_20260322_201831.log,0,train,train,,loss,3890,5000,3983360,5722.1,3.064503
3,streaming_baseline,Streaming DiLoCo Baseline,streaming_baseline_5000,/data/yzhu/megatron-lm-moe-exp/logs/moe1b_streaming_baseline_5000_seed42_20260322_201831.log,0,train,train,,loss,3900,5000,3993600,5890.5,3.069243
3,streaming_baseline,Streaming DiLoCo Baseline,streaming_baseline_5000,/data/yzhu/megatron-lm-moe-exp/logs/moe1b_streaming_baseline_5000_seed42_20260322_201831.log,0,train,train,,loss,3910,5000,4003840,5845.1,3.071669
3,streaming_baseline,Streaming DiLoCo Baseline,streaming_baseline_5000,/data/yzhu/megatron-lm-moe-exp/logs/moe1b_streaming_baseline_5000_seed42_20260322_201831.log,0,train,train,,loss,3920,5000,4014080,5851.6,3.061928
3,streaming_baseline,Streaming DiLoCo Baseline,streaming_baseline_5000,/data/yzhu/megatron-lm-moe-exp/logs/moe1b_streaming_baseline_5000_seed42_20260322_201831.log,0,train,train,,loss,3930,5000,4024320,5869.5,3.088421
3,streaming_baseline,Streaming DiLoCo Baseline,streaming_baseline_5000,/data/yzhu/megatron-lm-moe-exp/logs/moe1b_streaming_baseline_5000_seed42_20260322_201831.log,0,train,train,,loss,3940,5000,4034560,5878.6,3.080681
3,streaming_baseline,Streaming DiLoCo Baseline,streaming_baseline_5000,/data/yzhu/megatron-lm-moe-exp/logs/moe1b_streaming_baseline_5000_seed42_20260322_201831.log,0,train,train,,loss,3950,5000,4044800,5696.7,3.071789
3,streaming_baseline,Streaming DiLoCo Baseline,streaming_baseline_5000,/data/yzhu/megatron-lm-moe-exp/logs/moe1b_streaming_baseline_5000_seed42_20260322_201831.log,0,train,train,,loss,3960,5000,4055040,5739.2,3.056993
3,streaming_baseline,Streaming DiLoCo Baseline,streaming_baseline_5000,/data/yzhu/megatron-lm-moe-exp/logs/moe1b_streaming_baseline_5000_seed42_20260322_201831.log,0,train,train,,loss,3970,5000,4065280,5716.2,3.048907
3,streaming_baseline,Streaming DiLoCo Baseline,streaming_baseline_5000,/data/yzhu/megatron-lm-moe-exp/logs/moe1b_streaming_baseline_5000_seed42_20260322_201831.log,0,train,train,,loss,3980,5000,4075520,6037.0,3.060083
3,streaming_baseline,Streaming DiLoCo Baseline,streaming_baseline_5000,/data/yzhu/megatron-lm-moe-exp/logs/moe1b_streaming_baseline_5000_seed42_20260322_201831.log,0,train,train,,loss,3990,5000,4085760,5893.9,3.06344
3,streaming_baseline,Streaming DiLoCo Baseline,streaming_baseline_5000,/data/yzhu/megatron-lm-moe-exp/logs/moe1b_streaming_baseline_5000_seed42_20260322_201831.log,0,train,train,,loss,4000,5000,4096000,5856.6,3.063883
3,streaming_baseline,Streaming DiLoCo Baseline,streaming_baseline_5000,/data/yzhu/megatron-lm-moe-exp/logs/moe1b_streaming_baseline_5000_seed42_20260322_201831.log,0,train,train,,loss,4010,5000,4106240,6380.3,3.056933
3,streaming_baseline,Streaming DiLoCo Baseline,streaming_baseline_5000,/data/yzhu/megatron-lm-moe-exp/logs/moe1b_streaming_baseline_5000_seed42_20260322_201831.log,0,train,train,,loss,4020,5000,4116480,6848.7,3.063759
3,streaming_baseline,Streaming DiLoCo Baseline,streaming_baseline_5000,/data/yzhu/megatron-lm-moe-exp/logs/moe1b_streaming_baseline_5000_seed42_20260322_201831.log,0,train,train,,loss,4030,5000,4126720,6280.6,3.038231
3,streaming_baseline,Streaming DiLoCo Baseline,streaming_baseline_5000,/data/yzhu/megatron-lm-moe-exp/logs/moe1b_streaming_baseline_5000_seed42_20260322_201831.log,0,train,train,,loss,4040,5000,4136960,6682.1,3.05915
3,streaming_baseline,Streaming DiLoCo Baseline,streaming_baseline_5000,/data/yzhu/megatron-lm-moe-exp/logs/moe1b_streaming_baseline_5000_seed42_20260322_201831.log,0,train,train,,loss,4050,5000,4147200,6919.3,3.075251
3,streaming_baseline,Streaming DiLoCo Baseline,streaming_baseline_5000,/data/yzhu/megatron-lm-moe-exp/logs/moe1b_streaming_baseline_5000_seed42_20260322_201831.log,0,train,train,,loss,4060,5000,4157440,6383.4,3.072358
3,streaming_baseline,Streaming DiLoCo Baseline,streaming_baseline_5000,/data/yzhu/megatron-lm-moe-exp/logs/moe1b_streaming_baseline_5000_seed42_20260322_201831.log,0,train,train,,loss,4070,5000,4167680,6192.5,3.041549
3,streaming_baseline,Streaming DiLoCo Baseline,streaming_baseline_5000,/data/yzhu/megatron-lm-moe-exp/logs/moe1b_streaming_baseline_5000_seed42_20260322_201831.log,0,train,train,,loss,4080,5000,4177920,6531.3,3.085224
3,streaming_baseline,Streaming DiLoCo Baseline,streaming_baseline_5000,/data/yzhu/megatron-lm-moe-exp/logs/moe1b_streaming_baseline_5000_seed42_20260322_201831.log,0,train,train,,loss,4090,5000,4188160,5873.2,3.054401
3,streaming_baseline,Streaming DiLoCo Baseline,streaming_baseline_5000,/data/yzhu/megatron-lm-moe-exp/logs/moe1b_streaming_baseline_5000_seed42_20260322_201831.log,0,train,train,,loss,4100,5000,4198400,5891.5,3.05114
3,streaming_baseline,Streaming DiLoCo Baseline,streaming_baseline_5000,/data/yzhu/megatron-lm-moe-exp/logs/moe1b_streaming_baseline_5000_seed42_20260322_201831.log,0,train,train,,loss,4110,5000,4208640,5875.5,3.05126
3,streaming_baseline,Streaming DiLoCo Baseline,streaming_baseline_5000,/data/yzhu/megatron-lm-moe-exp/logs/moe1b_streaming_baseline_5000_seed42_20260322_201831.log,0,train,train,,loss,4120,5000,4218880,5883.0,3.069436
3,streaming_baseline,Streaming DiLoCo Baseline,streaming_baseline_5000,/data/yzhu/megatron-lm-moe-exp/logs/moe1b_streaming_baseline_5000_seed42_20260322_201831.log,0,train,train,,loss,4130,5000,4229120,5713.0,3.060384
3,streaming_baseline,Streaming DiLoCo Baseline,streaming_baseline_5000,/data/yzhu/megatron-lm-moe-exp/logs/moe1b_streaming_baseline_5000_seed42_20260322_201831.log,0,train,train,,loss,4140,5000,4239360,5883.1,3.056151
3,streaming_baseline,Streaming DiLoCo Baseline,streaming_baseline_5000,/data/yzhu/megatron-lm-moe-exp/logs/moe1b_streaming_baseline_5000_seed42_20260322_201831.log,0,train,train,,loss,4150,5000,4249600,5736.5,3.05348
3,streaming_baseline,Streaming DiLoCo Baseline,streaming_baseline_5000,/data/yzhu/megatron-lm-moe-exp/logs/moe1b_streaming_baseline_5000_seed42_20260322_201831.log,0,train,train,,loss,4160,5000,4259840,5745.3,3.042823
3,streaming_baseline,Streaming DiLoCo Baseline,streaming_baseline_5000,/data/yzhu/megatron-lm-moe-exp/logs/moe1b_streaming_baseline_5000_seed42_20260322_201831.log,0,train,train,,loss,4170,5000,4270080,6023.8,3.045345
3,streaming_baseline,Streaming DiLoCo Baseline,streaming_baseline_5000,/data/yzhu/megatron-lm-moe-exp/logs/moe1b_streaming_baseline_5000_seed42_20260322_201831.log,0,train,train,,loss,4180,5000,4280320,5908.8,3.056049
3,streaming_baseline,Streaming DiLoCo Baseline,streaming_baseline_5000,/data/yzhu/megatron-lm-moe-exp/logs/moe1b_streaming_baseline_5000_seed42_20260322_201831.log,0,train,train,,loss,4190,5000,4290560,5704.4,3.050481
3,streaming_baseline,Streaming DiLoCo Baseline,streaming_baseline_5000,/data/yzhu/megatron-lm-moe-exp/logs/moe1b_streaming_baseline_5000_seed42_20260322_201831.log,0,train,train,,loss,4200,5000,4300800,5888.9,3.06077
3,streaming_baseline,Streaming DiLoCo Baseline,streaming_baseline_5000,/data/yzhu/megatron-lm-moe-exp/logs/moe1b_streaming_baseline_5000_seed42_20260322_201831.log,0,train,train,,loss,4210,5000,4311040,5845.4,3.048509
3,streaming_baseline,Streaming DiLoCo Baseline,streaming_baseline_5000,/data/yzhu/megatron-lm-moe-exp/logs/moe1b_streaming_baseline_5000_seed42_20260322_201831.log,0,train,train,,loss,4220,5000,4321280,5886.3,3.066073
3,streaming_baseline,Streaming DiLoCo Baseline,streaming_baseline_5000,/data/yzhu/megatron-lm-moe-exp/logs/moe1b_streaming_baseline_5000_seed42_20260322_201831.log,0,train,train,,loss,4230,5000,4331520,5867.5,3.057616
3,streaming_baseline,Streaming DiLoCo Baseline,streaming_baseline_5000,/data/yzhu/megatron-lm-moe-exp/logs/moe1b_streaming_baseline_5000_seed42_20260322_201831.log,0,train,train,,loss,4240,5000,4341760,5730.5,3.044269
3,streaming_baseline,Streaming DiLoCo Baseline,streaming_baseline_5000,/data/yzhu/megatron-lm-moe-exp/logs/moe1b_streaming_baseline_5000_seed42_20260322_201831.log,0,train,train,,loss,4250,5000,4352000,5696.1,3.067576
3,streaming_baseline,Streaming DiLoCo Baseline,streaming_baseline_5000,/data/yzhu/megatron-lm-moe-exp/logs/moe1b_streaming_baseline_5000_seed42_20260322_201831.log,0,train,train,,loss,4260,5000,4362240,5764.4,3.039086
3,streaming_baseline,Streaming DiLoCo Baseline,streaming_baseline_5000,/data/yzhu/megatron-lm-moe-exp/logs/moe1b_streaming_baseline_5000_seed42_20260322_201831.log,0,train,train,,loss,4270,5000,4372480,5977.6,3.05769
3,streaming_baseline,Streaming DiLoCo Baseline,streaming_baseline_5000,/data/yzhu/megatron-lm-moe-exp/logs/moe1b_streaming_baseline_5000_seed42_20260322_201831.log,0,train,train,,loss,4280,5000,4382720,5910.4,3.052118
3,streaming_baseline,Streaming DiLoCo Baseline,streaming_baseline_5000,/data/yzhu/megatron-lm-moe-exp/logs/moe1b_streaming_baseline_5000_seed42_20260322_201831.log,0,train,train,,loss,4290,5000,4392960,5870.3,3.046696
3,streaming_baseline,Streaming DiLoCo Baseline,streaming_baseline_5000,/data/yzhu/megatron-lm-moe-exp/logs/moe1b_streaming_baseline_5000_seed42_20260322_201831.log,0,train,train,,loss,4300,5000,4403200,5879.5,3.061282
3,streaming_baseline,Streaming DiLoCo Baseline,streaming_baseline_5000,/data/yzhu/megatron-lm-moe-exp/logs/moe1b_streaming_baseline_5000_seed42_20260322_201831.log,0,train,train,,loss,4310,5000,4413440,5696.1,3.043889
3,streaming_baseline,Streaming DiLoCo Baseline,streaming_baseline_5000,/data/yzhu/megatron-lm-moe-exp/logs/moe1b_streaming_baseline_5000_seed42_20260322_201831.log,0,train,train,,loss,4320,5000,4423680,5874.0,3.060982
3,streaming_baseline,Streaming DiLoCo Baseline,streaming_baseline_5000,/data/yzhu/megatron-lm-moe-exp/logs/moe1b_streaming_baseline_5000_seed42_20260322_201831.log,0,train,train,,loss,4330,5000,4433920,5835.2,3.039934
3,streaming_baseline,Streaming DiLoCo Baseline,streaming_baseline_5000,/data/yzhu/megatron-lm-moe-exp/logs/moe1b_streaming_baseline_5000_seed42_20260322_201831.log,0,train,train,,loss,4340,5000,4444160,5743.9,3.036572
3,streaming_baseline,Streaming DiLoCo Baseline,streaming_baseline_5000,/data/yzhu/megatron-lm-moe-exp/logs/moe1b_streaming_baseline_5000_seed42_20260322_201831.log,0,train,train,,loss,4350,5000,4454400,5738.8,3.047565
3,streaming_baseline,Streaming DiLoCo Baseline,streaming_baseline_5000,/data/yzhu/megatron-lm-moe-exp/logs/moe1b_streaming_baseline_5000_seed42_20260322_201831.log,0,train,train,,loss,4360,5000,4464640,5995.6,3.05016
3,streaming_baseline,Streaming DiLoCo Baseline,streaming_baseline_5000,/data/yzhu/megatron-lm-moe-exp/logs/moe1b_streaming_baseline_5000_seed42_20260322_201831.log,0,train,train,,loss,4370,5000,4474880,5708.6,3.042308
3,streaming_baseline,Streaming DiLoCo Baseline,streaming_baseline_5000,/data/yzhu/megatron-lm-moe-exp/logs/moe1b_streaming_baseline_5000_seed42_20260322_201831.log,0,train,train,,loss,4380,5000,4485120,5886.4,3.050308
3,streaming_baseline,Streaming DiLoCo Baseline,streaming_baseline_5000,/data/yzhu/megatron-lm-moe-exp/logs/moe1b_streaming_baseline_5000_seed42_20260322_201831.log,0,train,train,,loss,4390,5000,4495360,5856.2,3.040068
3,streaming_baseline,Streaming DiLoCo Baseline,streaming_baseline_5000,/data/yzhu/megatron-lm-moe-exp/logs/moe1b_streaming_baseline_5000_seed42_20260322_201831.log,0,train,train,,loss,4400,5000,4505600,5877.3,3.061619
3,streaming_baseline,Streaming DiLoCo Baseline,streaming_baseline_5000,/data/yzhu/megatron-lm-moe-exp/logs/moe1b_streaming_baseline_5000_seed42_20260322_201831.log,0,train,train,,loss,4410,5000,4515840,5870.9,3.033023
3,streaming_baseline,Streaming DiLoCo Baseline,streaming_baseline_5000,/data/yzhu/megatron-lm-moe-exp/logs/moe1b_streaming_baseline_5000_seed42_20260322_201831.log,0,train,train,,loss,4420,5000,4526080,5868.9,3.061556
3,streaming_baseline,Streaming DiLoCo Baseline,streaming_baseline_5000,/data/yzhu/megatron-lm-moe-exp/logs/moe1b_streaming_baseline_5000_seed42_20260322_201831.log,0,train,train,,loss,4430,5000,4536320,5704.5,3.058545
3,streaming_baseline,Streaming DiLoCo Baseline,streaming_baseline_5000,/data/yzhu/megatron-lm-moe-exp/logs/moe1b_streaming_baseline_5000_seed42_20260322_201831.log,0,train,train,,loss,4440,5000,4546560,5739.3,3.052131
3,streaming_baseline,Streaming DiLoCo Baseline,streaming_baseline_5000,/data/yzhu/megatron-lm-moe-exp/logs/moe1b_streaming_baseline_5000_seed42_20260322_201831.log,0,train,train,,loss,4450,5000,4556800,5716.6,3.057964
3,streaming_baseline,Streaming DiLoCo Baseline,streaming_baseline_5000,/data/yzhu/megatron-lm-moe-exp/logs/moe1b_streaming_baseline_5000_seed42_20260322_201831.log,0,train,train,,loss,4460,5000,4567040,6016.0,3.037509
3,streaming_baseline,Streaming DiLoCo Baseline,streaming_baseline_5000,/data/yzhu/megatron-lm-moe-exp/logs/moe1b_streaming_baseline_5000_seed42_20260322_201831.log,0,train,train,,loss,4470,5000,4577280,5911.8,3.033363
3,streaming_baseline,Streaming DiLoCo Baseline,streaming_baseline_5000,/data/yzhu/megatron-lm-moe-exp/logs/moe1b_streaming_baseline_5000_seed42_20260322_201831.log,0,train,train,,loss,4480,5000,4587520,5857.9,3.045876
3,streaming_baseline,Streaming DiLoCo Baseline,streaming_baseline_5000,/data/yzhu/megatron-lm-moe-exp/logs/moe1b_streaming_baseline_5000_seed42_20260322_201831.log,0,train,train,,loss,4490,5000,4597760,5718.1,3.039433
3,streaming_baseline,Streaming DiLoCo Baseline,streaming_baseline_5000,/data/yzhu/megatron-lm-moe-exp/logs/moe1b_streaming_baseline_5000_seed42_20260322_201831.log,0,train,train,,loss,4500,5000,4608000,5864.0,3.051537
3,streaming_baseline,Streaming DiLoCo Baseline,streaming_baseline_5000,/data/yzhu/megatron-lm-moe-exp/logs/moe1b_streaming_baseline_5000_seed42_20260322_201831.log,0,train,train,,loss,4510,5000,4618240,5837.2,3.03951
3,streaming_baseline,Streaming DiLoCo Baseline,streaming_baseline_5000,/data/yzhu/megatron-lm-moe-exp/logs/moe1b_streaming_baseline_5000_seed42_20260322_201831.log,0,train,train,,loss,4520,5000,4628480,5885.4,3.043242
3,streaming_baseline,Streaming DiLoCo Baseline,streaming_baseline_5000,/data/yzhu/megatron-lm-moe-exp/logs/moe1b_streaming_baseline_5000_seed42_20260322_201831.log,0,train,train,,loss,4530,5000,4638720,5732.5,3.041593
3,streaming_baseline,Streaming DiLoCo Baseline,streaming_baseline_5000,/data/yzhu/megatron-lm-moe-exp/logs/moe1b_streaming_baseline_5000_seed42_20260322_201831.log,0,train,train,,loss,4540,5000,4648960,5731.6,3.033621
3,streaming_baseline,Streaming DiLoCo Baseline,streaming_baseline_5000,/data/yzhu/megatron-lm-moe-exp/logs/moe1b_streaming_baseline_5000_seed42_20260322_201831.log,0,train,train,,loss,4550,5000,4659200,5718.9,3.056472
3,streaming_baseline,Streaming DiLoCo Baseline,streaming_baseline_5000,/data/yzhu/megatron-lm-moe-exp/logs/moe1b_streaming_baseline_5000_seed42_20260322_201831.log,0,train,train,,loss,4560,5000,4669440,6005.4,3.060429
3,streaming_baseline,Streaming DiLoCo Baseline,streaming_baseline_5000,/data/yzhu/megatron-lm-moe-exp/logs/moe1b_streaming_baseline_5000_seed42_20260322_201831.log,0,train,train,,loss,4570,5000,4679680,5880.2,3.068721
3,streaming_baseline,Streaming DiLoCo Baseline,streaming_baseline_5000,/data/yzhu/megatron-lm-moe-exp/logs/moe1b_streaming_baseline_5000_seed42_20260322_201831.log,0,train,train,,loss,4580,5000,4689920,5861.8,3.035684
3,streaming_baseline,Streaming DiLoCo Baseline,streaming_baseline_5000,/data/yzhu/megatron-lm-moe-exp/logs/moe1b_streaming_baseline_5000_seed42_20260322_201831.log,0,train,train,,loss,4590,5000,4700160,5874.0,3.05219
3,streaming_baseline,Streaming DiLoCo Baseline,streaming_baseline_5000,/data/yzhu/megatron-lm-moe-exp/logs/moe1b_streaming_baseline_5000_seed42_20260322_201831.log,0,train,train,,loss,4600,5000,4710400,5867.7,3.014888
3,streaming_baseline,Streaming DiLoCo Baseline,streaming_baseline_5000,/data/yzhu/megatron-lm-moe-exp/logs/moe1b_streaming_baseline_5000_seed42_20260322_201831.log,0,train,train,,loss,4610,5000,4720640,5714.5,3.032335
3,streaming_baseline,Streaming DiLoCo Baseline,streaming_baseline_5000,/data/yzhu/megatron-lm-moe-exp/logs/moe1b_streaming_baseline_5000_seed42_20260322_201831.log,0,train,train,,loss,4620,5000,4730880,5865.0,3.047459
3,streaming_baseline,Streaming DiLoCo Baseline,streaming_baseline_5000,/data/yzhu/megatron-lm-moe-exp/logs/moe1b_streaming_baseline_5000_seed42_20260322_201831.log,0,train,train,,loss,4630,5000,4741120,5718.4,3.045376
3,streaming_baseline,Streaming DiLoCo Baseline,streaming_baseline_5000,/data/yzhu/megatron-lm-moe-exp/logs/moe1b_streaming_baseline_5000_seed42_20260322_201831.log,0,train,train,,loss,4640,5000,4751360,5754.3,3.034801
3,streaming_baseline,Streaming DiLoCo Baseline,streaming_baseline_5000,/data/yzhu/megatron-lm-moe-exp/logs/moe1b_streaming_baseline_5000_seed42_20260322_201831.log,0,train,train,,loss,4650,5000,4761600,6018.5,3.04629
3,streaming_baseline,Streaming DiLoCo Baseline,streaming_baseline_5000,/data/yzhu/megatron-lm-moe-exp/logs/moe1b_streaming_baseline_5000_seed42_20260322_201831.log,0,train,train,,loss,4660,5000,4771840,5916.3,3.049522
3,streaming_baseline,Streaming DiLoCo Baseline,streaming_baseline_5000,/data/yzhu/megatron-lm-moe-exp/logs/moe1b_streaming_baseline_5000_seed42_20260322_201831.log,0,train,train,,loss,4670,5000,4782080,5705.5,3.034806
3,streaming_baseline,Streaming DiLoCo Baseline,streaming_baseline_5000,/data/yzhu/megatron-lm-moe-exp/logs/moe1b_streaming_baseline_5000_seed42_20260322_201831.log,0,train,train,,loss,4680,5000,4792320,5877.5,3.041033
3,streaming_baseline,Streaming DiLoCo Baseline,streaming_baseline_5000,/data/yzhu/megatron-lm-moe-exp/logs/moe1b_streaming_baseline_5000_seed42_20260322_201831.log,0,train,train,,loss,4690,5000,4802560,5841.4,3.053125
3,streaming_baseline,Streaming DiLoCo Baseline,streaming_baseline_5000,/data/yzhu/megatron-lm-moe-exp/logs/moe1b_streaming_baseline_5000_seed42_20260322_201831.log,0,train,train,,loss,4700,5000,4812800,5870.9,3.041676
3,streaming_baseline,Streaming DiLoCo Baseline,streaming_baseline_5000,/data/yzhu/megatron-lm-moe-exp/logs/moe1b_streaming_baseline_5000_seed42_20260322_201831.log,0,train,train,,loss,4710,5000,4823040,5863.4,3.03236
3,streaming_baseline,Streaming DiLoCo Baseline,streaming_baseline_5000,/data/yzhu/megatron-lm-moe-exp/logs/moe1b_streaming_baseline_5000_seed42_20260322_201831.log,0,train,train,,loss,4720,5000,4833280,5725.3,3.044672
3,streaming_baseline,Streaming DiLoCo Baseline,streaming_baseline_5000,/data/yzhu/megatron-lm-moe-exp/logs/moe1b_streaming_baseline_5000_seed42_20260322_201831.log,0,train,train,,loss,4730,5000,4843520,5694.1,3.035643
3,streaming_baseline,Streaming DiLoCo Baseline,streaming_baseline_5000,/data/yzhu/megatron-lm-moe-exp/logs/moe1b_streaming_baseline_5000_seed42_20260322_201831.log,0,train,train,,loss,4740,5000,4853760,5758.9,3.049322
3,streaming_baseline,Streaming DiLoCo Baseline,streaming_baseline_5000,/data/yzhu/megatron-lm-moe-exp/logs/moe1b_streaming_baseline_5000_seed42_20260322_201831.log,0,train,train,,loss,4750,5000,4864000,5986.9,3.036257
3,streaming_baseline,Streaming DiLoCo Baseline,streaming_baseline_5000,/data/yzhu/megatron-lm-moe-exp/logs/moe1b_streaming_baseline_5000_seed42_20260322_201831.log,0,train,train,,loss,4760,5000,4874240,5902.4,3.043122
3,streaming_baseline,Streaming DiLoCo Baseline,streaming_baseline_5000,/data/yzhu/megatron-lm-moe-exp/logs/moe1b_streaming_baseline_5000_seed42_20260322_201831.log,0,train,train,,loss,4770,5000,4884480,5867.8,3.033335
3,streaming_baseline,Streaming DiLoCo Baseline,streaming_baseline_5000,/data/yzhu/megatron-lm-moe-exp/logs/moe1b_streaming_baseline_5000_seed42_20260322_201831.log,0,train,train,,loss,4780,5000,4894720,5887.4,3.043236
3,streaming_baseline,Streaming DiLoCo Baseline,streaming_baseline_5000,/data/yzhu/megatron-lm-moe-exp/logs/moe1b_streaming_baseline_5000_seed42_20260322_201831.log,0,train,train,,loss,4790,5000,4904960,5702.9,3.036942
3,streaming_baseline,Streaming DiLoCo Baseline,streaming_baseline_5000,/data/yzhu/megatron-lm-moe-exp/logs/moe1b_streaming_baseline_5000_seed42_20260322_201831.log,0,train,train,,loss,4800,5000,4915200,5853.8,3.038524
3,streaming_baseline,Streaming DiLoCo Baseline,streaming_baseline_5000,/data/yzhu/megatron-lm-moe-exp/logs/moe1b_streaming_baseline_5000_seed42_20260322_201831.log,0,train,train,,loss,4810,5000,4925440,5849.4,3.043504
3,streaming_baseline,Streaming DiLoCo Baseline,streaming_baseline_5000,/data/yzhu/megatron-lm-moe-exp/logs/moe1b_streaming_baseline_5000_seed42_20260322_201831.log,0,train,train,,loss,4820,5000,4935680,5727.7,3.053228
3,streaming_baseline,Streaming DiLoCo Baseline,streaming_baseline_5000,/data/yzhu/megatron-lm-moe-exp/logs/moe1b_streaming_baseline_5000_seed42_20260322_201831.log,0,train,train,,loss,4830,5000,4945920,5752.1,3.027183
3,streaming_baseline,Streaming DiLoCo Baseline,streaming_baseline_5000,/data/yzhu/megatron-lm-moe-exp/logs/moe1b_streaming_baseline_5000_seed42_20260322_201831.log,0,train,train,,loss,4840,5000,4956160,6029.9,3.042238
3,streaming_baseline,Streaming DiLoCo Baseline,streaming_baseline_5000,/data/yzhu/megatron-lm-moe-exp/logs/moe1b_streaming_baseline_5000_seed42_20260322_201831.log,0,train,train,,loss,4850,5000,4966400,5710.7,3.047839
3,streaming_baseline,Streaming DiLoCo Baseline,streaming_baseline_5000,/data/yzhu/megatron-lm-moe-exp/logs/moe1b_streaming_baseline_5000_seed42_20260322_201831.log,0,train,train,,loss,4860,5000,4976640,5891.1,3.048331
3,streaming_baseline,Streaming DiLoCo Baseline,streaming_baseline_5000,/data/yzhu/megatron-lm-moe-exp/logs/moe1b_streaming_baseline_5000_seed42_20260322_201831.log,0,train,train,,loss,4870,5000,4986880,5837.0,3.037997
3,streaming_baseline,Streaming DiLoCo Baseline,streaming_baseline_5000,/data/yzhu/megatron-lm-moe-exp/logs/moe1b_streaming_baseline_5000_seed42_20260322_201831.log,0,train,train,,loss,4880,5000,4997120,5880.0,3.031538
3,streaming_baseline,Streaming DiLoCo Baseline,streaming_baseline_5000,/data/yzhu/megatron-lm-moe-exp/logs/moe1b_streaming_baseline_5000_seed42_20260322_201831.log,0,train,train,,loss,4890,5000,5007360,5861.3,3.049186
3,streaming_baseline,Streaming DiLoCo Baseline,streaming_baseline_5000,/data/yzhu/megatron-lm-moe-exp/logs/moe1b_streaming_baseline_5000_seed42_20260322_201831.log,0,train,train,,loss,4900,5000,5017600,5861.6,3.04897
3,streaming_baseline,Streaming DiLoCo Baseline,streaming_baseline_5000,/data/yzhu/megatron-lm-moe-exp/logs/moe1b_streaming_baseline_5000_seed42_20260322_201831.log,0,train,train,,loss,4910,5000,5027840,5686.1,3.036584
3,streaming_baseline,Streaming DiLoCo Baseline,streaming_baseline_5000,/data/yzhu/megatron-lm-moe-exp/logs/moe1b_streaming_baseline_5000_seed42_20260322_201831.log,0,train,train,,loss,4920,5000,5038080,5749.2,3.042373
3,streaming_baseline,Streaming DiLoCo Baseline,streaming_baseline_5000,/data/yzhu/megatron-lm-moe-exp/logs/moe1b_streaming_baseline_5000_seed42_20260322_201831.log,0,train,train,,loss,4930,5000,5048320,5706.6,3.047646
3,streaming_baseline,Streaming DiLoCo Baseline,streaming_baseline_5000,/data/yzhu/megatron-lm-moe-exp/logs/moe1b_streaming_baseline_5000_seed42_20260322_201831.log,0,train,train,,loss,4940,5000,5058560,6058.2,3.041576
3,streaming_baseline,Streaming DiLoCo Baseline,streaming_baseline_5000,/data/yzhu/megatron-lm-moe-exp/logs/moe1b_streaming_baseline_5000_seed42_20260322_201831.log,0,train,train,,loss,4950,5000,5068800,5895.8,3.050843
3,streaming_baseline,Streaming DiLoCo Baseline,streaming_baseline_5000,/data/yzhu/megatron-lm-moe-exp/logs/moe1b_streaming_baseline_5000_seed42_20260322_201831.log,0,train,train,,loss,4960,5000,5079040,5851.5,3.024299
3,streaming_baseline,Streaming DiLoCo Baseline,streaming_baseline_5000,/data/yzhu/megatron-lm-moe-exp/logs/moe1b_streaming_baseline_5000_seed42_20260322_201831.log,0,train,train,,loss,4970,5000,5089280,5704.1,3.03528
3,streaming_baseline,Streaming DiLoCo Baseline,streaming_baseline_5000,/data/yzhu/megatron-lm-moe-exp/logs/moe1b_streaming_baseline_5000_seed42_20260322_201831.log,0,train,train,,loss,4980,5000,5099520,5865.9,3.049176
3,streaming_baseline,Streaming DiLoCo Baseline,streaming_baseline_5000,/data/yzhu/megatron-lm-moe-exp/logs/moe1b_streaming_baseline_5000_seed42_20260322_201831.log,0,train,train,,loss,4990,5000,5109760,5833.8,3.043942
3,streaming_baseline,Streaming DiLoCo Baseline,streaming_baseline_5000,/data/yzhu/megatron-lm-moe-exp/logs/moe1b_streaming_baseline_5000_seed42_20260322_201831.log,0,train,train,,loss,5000,5000,5120000,5864.2,3.041546
